package_nr,Channel 1,Channel 2,Channel 3,Channel 4,Channel 5,time_delta
48,23.44964599609375,0.3940165042877197,-11.1774263381958,-0.00619196891784668,0.0,0
49,23.46369743347168,0.5065441131591797,-11.215532302856445,-0.006203174591064453,0.0,4005
50,23.448474884033203,0.5520880222320557,-11.226680755615234,-0.0062103271484375,0.0,4005
51,23.44613265991211,0.4481077194213867,-11.195111274719238,-0.006197372917085886,0.0,4005
52,23.459014892578125,0.3937840461730957,-11.18183422088623,-0.006186326500028372,0.0,4005
53,23.46955108642578,0.4936516284942627,-11.215826988220215,-0.006196578498929739,0.0,4005
54,23.46018409729004,0.5625486373901367,-11.236846923828125,-0.0062077841721475124,0.0,4005
55,23.454330444335938,0.4735887050628662,-11.2076997756958,-0.006199201103299856,0.0,4005
56,23.4566707611084,0.39684176445007324,-11.1845703125,-0.0061872005462646484,0.0,4005
57,23.467208862304688,0.4782557487487793,-11.215218544006348,-0.006194909568876028,0.0,4005
58,23.46369743347168,0.5689501762390137,-11.245268821716309,-0.006207624915987253,0.0,4005
59,23.440277099609375,0.5022883415222168,-11.222728729248047,-0.006201585289090872,0.0,4005
60,23.448474884033203,0.4069089889526367,-11.196094512939453,-0.0061878361739218235,0.0,4005
61,23.46955108642578,0.4654347896575928,-11.219242095947266,-0.006194432731717825,0.0,4005
62,23.464866638183594,0.5730092525482178,-11.252411842346191,-0.00620714807882905,0.0,4005
63,23.45081901550293,0.5317211151123047,-11.239734649658203,-0.006203413009643555,0.0,4005
0,23.44613265991211,0.4258275032043457,-11.209612846374512,-0.006186803337186575,0.0,4005
1,23.451988220214844,0.46116113662719727,-11.226457595825195,-0.006186882499605417,0.0,4005
2,23.46018409729004,0.5779623985290527,-11.265384674072266,-0.006201744079589844,0.0,4005
3,23.462526321411133,0.5638539791107178,-11.260217666625977,-0.006202220916748047,0.0,4005
4,23.45549964904785,0.4526853561401367,-11.227825164794922,-0.006185451988130808,0.0,4005
5,23.45081901550293,0.4610002040863037,-11.236703872680664,-0.006182750221341848,0.0,4005
6,23.45549964904785,0.5824685096740723,-11.278277397155762,-0.00619641924276948,0.0,4005
7,23.451988220214844,0.5978643894195557,-11.283740043640137,-0.006198803428560495,0.0,4005
8,23.457841873168945,0.48776865005493164,-11.251867294311523,-0.006184498313814402,0.0,4005
9,23.44964599609375,0.4687070846557617,-11.25377082824707,-0.006178617477416992,0.0,4004
10,23.457841873168945,0.5843639373779297,-11.29573917388916,-0.006190299987792969,0.0,4004
11,23.46018409729004,0.6266355514526367,-11.30932903289795,-0.006197055336087942,0.0,4004
12,23.444963455200195,0.5282163619995117,-11.282828330993652,-0.006183783058077097,0.0,4005
13,23.454330444335938,0.48227906227111816,-11.27599811553955,-0.0061725773848593235,0.0,4005
14,23.454330444335938,0.5901753902435303,-11.315703392028809,-0.006183306220918894,0.0,4005
15,23.444963455200195,0.6579995155334473,-11.337169647216797,-0.006193479057401419,0.0,4005
16,23.444963455200195,0.5688786506652832,-11.311447143554688,-0.00618116045370698,0.0,4005
17,23.4426212310791,0.4990696907043457,-11.295506477355957,-0.006167253013700247,0.0,4004
18,23.44964599609375,0.5889415740966797,-11.330339431762695,-0.006174802780151367,0.0,4005
19,23.45081901550293,0.6777405738830566,-11.359932899475098,-0.0061856904067099094,0.0,4005
20,23.44730567932129,0.6062686443328857,-11.336874961853027,-0.006175676826387644,0.0,4004
21,23.43910789489746,0.5151629447937012,-11.312654495239258,-0.0061603388749063015,0.0,4004
22,23.45081901550293,0.5812525749206543,-11.338922500610352,-0.0061647891998291016,0.0,4005
23,23.448474884033203,0.6845355033874512,-11.37503433227539,-0.006178299430757761,0.0,4005
24,23.440277099609375,0.6389915943145752,-11.360237121582031,-0.006172657012939453,0.0,4004
25,23.42856788635254,0.5344033241271973,-11.331635475158691,-0.0061566829681396484,0.0,4004
26,23.436765670776367,0.5742967128753662,-11.350831031799316,-0.006157080177217722,0.0,4005
27,23.437938690185547,0.6892740726470947,-11.390742301940918,-0.0061690011061728,0.0,4004
28,23.4426212310791,0.6694436073303223,-11.384904861450195,-0.006167809013277292,0.0,4004
29,23.443790435791016,0.5582749843597412,-11.352718353271484,-0.006149927619844675,0.0,4004
30,23.441450119018555,0.5703985691070557,-11.362051963806152,-0.006146589759737253,0.0,4005
31,23.440277099609375,0.6917059421539307,-11.403644561767578,-0.0061601004563272,0.0,4005
32,23.444963455200195,0.7010221481323242,-11.405396461486816,-0.006161848548799753,0.0,4004
33,23.43910789489746,0.5894064903259277,-11.372754096984863,-0.006146987434476614,0.0,4004
34,23.454330444335938,0.5769610404968262,-11.3751859664917,-0.006141106132417917,0.0,4004
35,23.461353302001953,0.6949067115783691,-11.41805648803711,-0.006153901573270559,0.0,4005
36,23.444963455200195,0.7300257682800293,-11.430350303649902,-0.006159782409667969,0.0,4004
37,23.432083129882812,0.6265640258789062,-11.399093627929688,-0.006145556923002005,0.0,4004
38,23.4309139251709,0.5862772464752197,-11.391279220581055,-0.006137053016573191,0.0,4004
39,23.437938690185547,0.6955325603485107,-11.43089485168457,-0.006150722503662109,0.0,4005
40,23.441450119018555,0.7594585418701172,-11.452362060546875,-0.00616145133972168,0.0,4005
41,23.4426212310791,0.6663858890533447,-11.422840118408203,-0.0061495304107666016,0.0,4004
42,23.435596466064453,0.6003141403198242,-11.406764030456543,-0.006138642784208059,0.0,4004
43,23.45081901550293,0.6930112838745117,-11.441821098327637,-0.006148099899291992,0.0,4004
44,23.44613265991211,0.7784485816955566,-11.471941947937012,-0.006159941200166941,0.0,4005
45,23.44964599609375,0.7044553756713867,-11.451226234436035,-0.006151517387479544,0.0,4004
46,23.441450119018555,0.6201624870300293,-11.429670333862305,-0.0061357817612588406,0.0,4004
47,23.453157424926758,0.6926178932189941,-11.458969116210938,-0.006140470504760742,0.0,4004
48,23.444963455200195,0.7950961589813232,-11.495465278625488,-0.006153186317533255,0.0,4005
49,23.4309139251709,0.7440447807312012,-11.480819702148438,-0.006145795341581106,0.0,4005
50,23.434425354003906,0.6420493125915527,-11.454489707946777,-0.006129900459200144,0.0,4005
51,23.44613265991211,0.6901860237121582,-11.47763729095459,-0.006129662040621042,0.0,4004
52,23.448474884033203,0.8043229579925537,-11.516860008239746,-0.006141185760498047,0.0,4004
53,23.440277099609375,0.7779300212860107,-11.508983612060547,-0.006136258598417044,0.0,4004
54,23.434425354003906,0.6680667400360107,-11.478164672851562,-0.006117185112088919,0.0,4004
55,23.436765670776367,0.6858408451080322,-11.491137504577637,-0.0061130523681640625,0.0,4005
56,23.441450119018555,0.8053958415985107,-11.532434463500977,-0.006123939994722605,0.0,4005
57,23.4309139251709,0.8060038089752197,-11.532050132751465,-0.006123542785644531,0.0,4005
58,23.427398681640625,0.6921708583831787,-11.497512817382812,-0.006103833671659231,0.0,4004
59,23.440277099609375,0.6808161735534668,-11.498281478881836,-0.006095091346651316,0.0,4004
60,23.448474884033203,0.7962405681610107,-11.539032936096191,-0.006106853485107422,0.0,4005
61,23.44613265991211,0.8217930793762207,-11.545022964477539,-0.006110588554292917,0.0,4005
62,23.434425354003906,0.7090330123901367,-11.508214950561523,-0.006093263626098633,0.0,4005
63,23.44613265991211,0.6658494472503662,-11.497145652770996,-0.006082931999117136,0.0,4005
0,23.451988220214844,0.7678627967834473,-11.530905723571777,-0.006094296928495169,0.0,4005
1,23.44613265991211,0.8155345916748047,-11.540767669677734,-0.006101211067289114,0.0,4005
2,23.434425354003906,0.7091939449310303,-11.50306510925293,-0.006086587905883789,0.0,4005
3,23.440277099609375,0.6398320198059082,-11.48105239868164,-0.006074825767427683,0.0,4005
4,23.454330444335938,0.7282555103302002,-11.509662628173828,-0.006083965301513672,0.0,4005
5,23.448474884033203,0.8002817630767822,-11.528107643127441,-0.006094932556152344,0.0,4005
6,23.433252334594727,0.7125377655029297,-11.497288703918457,-0.006085554603487253,0.0,4005
7,23.427398681640625,0.6224513053894043,-11.468911170959473,-0.006073474884033203,0.0,4005
8,23.444963455200195,0.6923317909240723,-11.493953704833984,-0.0060823759995400906,0.0,4005
9,23.440277099609375,0.7842600345611572,-11.520963668823242,-0.006096045020967722,0.0,4005
10,23.433252334594727,0.7210135459899902,-11.496984481811523,-0.0060918331146240234,0.0,4005
11,23.42856788635254,0.6164073944091797,-11.462679862976074,-0.006076892372220755,0.0,4005
12,23.443790435791016,0.6617188453674316,-11.479389190673828,-0.0060802302323281765,0.0,4005
13,23.45081901550293,0.7663249969482422,-11.511397361755371,-0.006097555160522461,0.0,4006
14,23.44964599609375,0.7283270359039307,-11.494482040405273,-0.006094932556152344,0.0,4005
15,23.444963455200195,0.6119906902313232,-11.458513259887695,-0.006079991813749075,0.0,4005
16,23.451988220214844,0.6306767463684082,-11.466863632202148,-0.006079832557588816,0.0,4005
17,23.440277099609375,0.7436692714691162,-11.502679824829102,-0.006094694137573242,0.0,4005
18,23.42856788635254,0.7329940795898438,-11.493274688720703,-0.006097713951021433,0.0,4005
19,23.433252334594727,0.6155848503112793,-11.45327377319336,-0.0060840449295938015,0.0,4005
20,23.443790435791016,0.6081640720367432,-11.453577995300293,-0.006083329673856497,0.0,4005
21,23.44613265991211,0.7224619388580322,-11.490002632141113,-0.006098190788179636,0.0,4005
22,23.4309139251709,0.7415413856506348,-11.490610122680664,-0.006104230880737305,0.0,4005
23,23.435596466064453,0.6298363208770752,-11.45297908782959,-0.0060901641845703125,0.0,4005
24,23.435596466064453,0.5968093872070312,-11.443483352661133,-0.006083329673856497,0.0,4006
25,23.4426212310791,0.7044553756713867,-11.479004859924316,-0.006098111625760794,0.0,4005
26,23.43910789489746,0.7527530193328857,-11.490154266357422,-0.006108204368501902,0.0,4005
27,23.435596466064453,0.6531178951263428,-11.454570770263672,-0.006095409393310547,0.0,4004
28,23.427398681640625,0.5946636199951172,-11.435750007629395,-0.0060861906968057156,0.0,4004
29,23.436765670776367,0.6906509399414062,-11.46671199798584,-0.006099144462496042,0.0,4004
30,23.433252334594727,0.7620692253112793,-11.487043380737305,-0.00611114501953125,0.0,4005
31,23.436765670776367,0.6750941276550293,-11.455938339233398,-0.006102561950683594,0.0,4004
32,23.433252334594727,0.5929112434387207,-11.430215835571289,-0.006090561393648386,0.0,4004
33,23.435596466064453,0.6693720817565918,-11.457305908203125,-0.0060999393463134766,0.0,4004
34,23.440277099609375,0.7606923580169678,-11.484539031982422,-0.0061151981353759766,0.0,4005
35,23.432083129882812,0.6945490837097168,-11.458969116210938,-0.00611122464761138,0.0,4005
36,23.420373916625977,0.5935192108154297,-11.426872253417969,-0.006098350044339895,0.0,4004
37,23.427398681640625,0.6454110145568848,-11.444467544555664,-0.006103515625,0.0,4004
38,23.42856788635254,0.7504642009735107,-11.475133895874023,-0.006118615623563528,0.0,4004
39,23.4309139251709,0.7065832614898682,-11.453962326049805,-0.006119569297879934,0.0,4005
40,23.435596466064453,0.5927681922912598,-11.415714263916016,-0.006107648368924856,0.0,4005
41,23.44730567932129,0.6186962127685547,-11.425503730773926,-0.006111621856689453,0.0,4005
42,23.444963455200195,0.7313132286071777,-11.458057403564453,-0.006130059715360403,0.0,4004
43,23.4426212310791,0.7148265838623047,-11.445987701416016,-0.0061336359940469265,0.0,4004
44,23.435596466064453,0.5952000617980957,-11.404940605163574,-0.006121158599853516,0.0,4004
45,23.436765670776367,0.5919992923736572,-11.403491973876953,-0.006121794227510691,0.0,4005
46,23.437938690185547,0.7037043571472168,-11.438549041748047,-0.006139675620943308,0.0,4005
47,23.43910789489746,0.7151484489440918,-11.436429977416992,-0.0061473846435546875,0.0,4005
48,23.436765670776367,0.5973458290100098,-11.394614219665527,-0.006137768272310495,0.0,4004
49,23.42856788635254,0.5639255046844482,-11.383544921875,-0.006134828086942434,0.0,4004
50,23.444963455200195,0.6709635257720947,-11.416098594665527,-0.006150484085083008,0.0,4005
51,23.440277099609375,0.7095694541931152,-11.42307186126709,-0.006160259246826172,0.0,4004
52,23.41920280456543,0.6014585494995117,-11.384448051452637,-0.006150881294161081,0.0,4004
53,23.427398681640625,0.5441665649414062,-11.365467071533203,-0.0061434111557900906,0.0,4004
54,23.437938690185547,0.6409764289855957,-11.39507007598877,-0.006158033851534128,0.0,4004
55,23.441450119018555,0.7040619850158691,-11.411619186401367,-0.006168524269014597,0.0,4005
56,23.443790435791016,0.6110787391662598,-11.377922058105469,-0.006159702781587839,0.0,4005
57,23.436765670776367,0.5295932292938232,-11.351055145263672,-0.006148179527372122,0.0,4004
58,23.44613265991211,0.6086289882659912,-11.375713348388672,-0.006157954689115286,0.0,4004
59,23.43910789489746,0.6950676441192627,-11.399772644042969,-0.00617082929238677,0.0,4004
60,23.433252334594727,0.6226658821105957,-11.37101936340332,-0.006162881851196289,0.0,4005
61,23.427398681640625,0.5233347415924072,-11.338305473327637,-0.0061496892012655735,0.0,4005
62,23.435596466064453,0.5791783332824707,-11.356061935424805,-0.006157636642456055,0.0,4005
63,23.433252334594727,0.6788134574890137,-11.384063720703125,-0.006171306129544973,0.0,4005
0,23.42856788635254,0.6316065788269043,-11.362284660339355,-0.0061662993393838406,0.0,4004
1,23.440277099609375,0.5202770233154297,-11.325940132141113,-0.006150881294161081,0.0,4004
2,23.44730567932129,0.5503535270690918,-11.33580207824707,-0.0061537423171103,0.0,4004
3,23.44730567932129,0.6602883338928223,-11.367523193359375,-0.006169875618070364,0.0,4005
4,23.45081901550293,0.6395280361175537,-11.354470252990723,-0.006168683525174856,0.0,4005
5,23.437938690185547,0.5214214324951172,-11.312807083129883,-0.0061543784104287624,0.0,4004
6,23.434425354003906,0.5240321159362793,-11.312734603881836,-0.006154060363769531,0.0,4004
7,23.451988220214844,0.6380796432495117,-11.347639083862305,-0.006168365478515625,0.0,4005
8,23.44613265991211,0.6451785564422607,-11.343473434448242,-0.006174325942993164,0.0,4005
9,23.436765670776367,0.5278229713439941,-11.301809310913086,-0.006160894874483347,0.0,4005
10,23.435596466064453,0.5023598670959473,-11.293458938598633,-0.006156047340482473,0.0,4004
11,23.4426212310791,0.6127417087554932,-11.327156066894531,-0.006169875618070364,0.0,4004
12,23.441450119018555,0.6453394889831543,-11.334818840026855,-0.006178617477416992,0.0,4004
13,23.436765670776367,0.5356192588806152,-11.29603385925293,-0.006167014595121145,0.0,4005
14,23.448474884033203,0.4851222038269043,-11.280637741088867,-0.006160418037325144,0.0,4004
15,23.44964599609375,0.5858302116394043,-11.31303882598877,-0.006173849105834961,0.0,4004
16,23.45081901550293,0.6459295749664307,-11.32851505279541,-0.0061870417557656765,0.0,4004
17,23.434425354003906,0.5514979362487793,-11.29482650756836,-0.006176868919283152,0.0,4005
18,23.4309139251709,0.4770219326019287,-11.272743225097656,-0.0061658225022256374,0.0,4005
19,23.444963455200195,0.5617976188659668,-11.300817489624023,-0.006176153663545847,0.0,4005
20,23.45081901550293,0.6451070308685303,-11.324349403381348,-0.006189425941556692,0.0,4005
21,23.44613265991211,0.5717754364013672,-11.297938346862793,-0.00618290901184082,0.0,4004
22,23.44613265991211,0.47746896743774414,-11.268416404724121,-0.0061687626875936985,0.0,4004
23,23.444963455200195,0.5398213863372803,-11.290571212768555,-0.0061753592453897,0.0,4004
24,23.44613265991211,0.6399750709533691,-11.32093334197998,-0.006190299987792969,0.0,4004
25,23.443790435791016,0.5877256393432617,-11.298626899719238,-0.0061870417557656765,0.0,4005
26,23.4426212310791,0.4793107509613037,-11.26386547088623,-0.00617210054770112,0.0,4005
27,23.448474884033203,0.5166113376617432,-11.278367042541504,-0.006174802780151367,0.0,4005
28,23.444963455200195,0.6278514862060547,-11.312511444091797,-0.006190061569213867,0.0,4005
29,23.434425354003906,0.6028354167938232,-11.2987699508667,-0.0061906180344522,0.0,4005
30,23.441450119018555,0.48776865005493164,-11.26045036315918,-0.0061753592453897,0.0,4004
31,23.436765670776367,0.49839019775390625,-11.266824722290039,-0.006172736641019583,0.0,4004
32,23.440277099609375,0.6125986576080322,-11.30385684967041,-0.006188233848661184,0.0,4004
33,23.440277099609375,0.6165683269500732,-11.30211353302002,-0.006191571708768606,0.0,4005
34,23.43910789489746,0.5010545253753662,-11.2637939453125,-0.00617671012878418,0.0,4005
35,23.43910789489746,0.48426389694213867,-11.260217666625977,-0.006171623710542917,0.0,4005
36,23.45081901550293,0.5974888801574707,-11.298537254333496,-0.006184736732393503,0.0,4004
37,23.436765670776367,0.6276190280914307,-11.304768562316895,-0.006192604545503855,0.0,4005
38,23.42856788635254,0.5180776119232178,-11.268416404724121,-0.006178379058837891,0.0,4004
39,23.436765670776367,0.47374963760375977,-11.257186889648438,-0.0061704316176474094,0.0,4004
40,23.434425354003906,0.5784094333648682,-11.292251586914062,-0.006182273384183645,0.0,4004
41,23.441450119018555,0.6365418434143066,-11.307191848754883,-0.00619196891784668,0.0,4004
42,23.42505645751953,0.5398213863372803,-11.273726463317871,-0.006180286407470703,0.0,4005
43,23.41686248779297,0.46969056129455566,-11.25323486328125,-0.006169160362333059,0.0,4005
44,23.421545028686523,0.5594193935394287,-11.284285545349121,-0.0061780610121786594,0.0,4005
45,23.427398681640625,0.6399750709533691,-11.30855941772461,-0.006191412452608347,0.0,4004
46,23.4309139251709,0.5611002445220947,-11.281773567199707,-0.006182670593261719,0.0,4004
47,23.436765670776367,0.47197937965393066,-11.256051063537598,-0.006169795989990234,0.0,4004
48,23.436765670776367,0.5411982536315918,-11.281460762023926,-0.006176312919706106,0.0,4004
49,23.4309139251709,0.6419062614440918,-11.313262939453125,-0.006190697196871042,0.0,4005
50,23.418031692504883,0.5860447883605957,-11.293074607849121,-0.006185293197631836,0.0,4005
51,23.421545028686523,0.4813671112060547,-11.260217666625977,-0.006169716361910105,0.0,4004
52,23.427398681640625,0.5250155925750732,-11.278429985046387,-0.0061739287339150906,0.0,4005
53,23.443790435791016,0.6367027759552002,-11.315470695495605,-0.006189584732055664,0.0,4005
54,23.426227569580078,0.6100058555603027,-11.303400993347168,-0.0061887106858193874,0.0,4005
55,23.42271614074707,0.49692392349243164,-11.266520500183105,-0.006172815803438425,0.0,4005
56,23.433252334594727,0.5137324333190918,-11.274110794067383,-0.006174007896333933,0.0,4005
57,23.4309139251709,0.6313741207122803,-11.311519622802734,-0.0061906180344522,0.0,4005
58,23.4309139251709,0.6299972534179688,-11.305984497070312,-0.006192366126924753,0.0,4005
59,23.433252334594727,0.5135715007781982,-11.267959594726562,-0.006178617477416992,0.0,4005
60,23.4309139251709,0.5002140998840332,-11.266976356506348,-0.006175915244966745,0.0,4005
61,23.432083129882812,0.6151914596557617,-11.303705215454102,-0.006190061569213867,0.0,4005
62,23.436765670776367,0.6409049034118652,-11.308184623718262,-0.006195863243192434,0.0,4005
63,23.42271614074707,0.5286097526550293,-11.27144718170166,-0.006182511802762747,0.0,4005
0,23.42271614074707,0.48633813858032227,-11.260673522949219,-0.006175518035888672,0.0,4005
1,23.437938690185547,0.5932152271270752,-11.29573917388916,-0.006188869476318359,0.0,4005
2,23.436765670776367,0.6461620330810547,-11.310079574584961,-0.006199439521878958,0.0,4005
3,23.4309139251709,0.5444705486297607,-11.274334907531738,-0.006189107894897461,0.0,4005
4,23.433252334594727,0.47975778579711914,-11.255058288574219,-0.0061795711517333984,0.0,4005
5,23.42974090576172,0.5713999271392822,-11.286628723144531,-0.006192286964505911,0.0,4005
6,23.42856788635254,0.6468415260314941,-11.308184623718262,-0.006205558776855469,0.0,4005
7,23.433252334594727,0.5636930465698242,-11.277911186218262,-0.006196101661771536,0.0,4005
8,23.4309139251709,0.4778623580932617,-11.25286865234375,-0.006181637290865183,0.0,4004
9,23.437938690185547,0.5521774291992188,-11.279958724975586,-0.006189107894897461,0.0,4004
10,23.42505645751953,0.6479859352111816,-11.309015274047852,-0.0062014260329306126,0.0,4005
11,23.42271614074707,0.5884051322937012,-11.28738784790039,-0.0061953067779541016,0.0,4005
12,23.433252334594727,0.4864811897277832,-11.257875442504883,-0.006180524826049805,0.0,4005
13,23.436765670776367,0.5365312099456787,-11.277142524719238,-0.00618433952331543,0.0,4004
14,23.434425354003906,0.6442666053771973,-11.312807083129883,-0.006199757102876902,0.0,4004
15,23.42974090576172,0.6089329719543457,-11.298921585083008,-0.006197849754244089,0.0,4004
16,23.42856788635254,0.49785375595092773,-11.26416015625,-0.006181398872286081,0.0,4005
17,23.4309139251709,0.5192935466766357,-11.274862289428711,-0.0061817169189453125,0.0,4005
18,23.440277099609375,0.6329655647277832,-11.311975479125977,-0.006199836730957031,0.0,4005
19,23.42271614074707,0.6260991096496582,-11.307191848754883,-0.006202141288667917,0.0,4004
20,23.42974090576172,0.5088329315185547,-11.268943786621094,-0.0061870417557656765,0.0,4004
21,23.434425354003906,0.5016624927520752,-11.27144718170166,-0.006182670593261719,0.0,4005
22,23.42974090576172,0.6160318851470947,-11.31114387512207,-0.00619641924276948,0.0,4005
23,23.4309139251709,0.6355583667755127,-11.31424617767334,-0.006201187614351511,0.0,4005
24,23.420373916625977,0.5224943161010742,-11.276766777038574,-0.006186326500028372,0.0,4004
25,23.41217613220215,0.48839449882507324,-11.26834487915039,-0.006177505012601614,0.0,4004
26,23.42505645751953,0.5962729454040527,-11.305225372314453,-0.006188392639160156,0.0,4004
27,23.423885345458984,0.6428897380828857,-11.316910743713379,-0.006196260452270508,0.0,4005
28,23.421545028686523,0.5394995212554932,-11.28390121459961,-0.0061840214766561985,0.0,4005
29,23.41920280456543,0.4799187183380127,-11.26834487915039,-0.0061725773848593235,0.0,4005
30,23.427398681640625,0.5755305290222168,-11.300745964050293,-0.006183624267578125,0.0,4005
31,23.420373916625977,0.6470739841461182,-11.322373390197754,-0.006194194313138723,0.0,4005
32,23.423885345458984,0.5609393119812012,-11.294442176818848,-0.006183306220918894,0.0,4005
33,23.418031692504883,0.47975778579711914,-11.272215843200684,-0.0061696371994912624,0.0,4005
34,23.427398681640625,0.5599558353424072,-11.300057411193848,-0.006174961570650339,0.0,4004
35,23.435596466064453,0.6520450115203857,-11.330267906188965,-0.0061876773834228516,0.0,4005
36,23.433252334594727,0.5860447883605957,-11.307048797607422,-0.006179491523653269,0.0,4005
37,23.415691375732422,0.4887700080871582,-11.278054237365723,-0.0061647891998291016,0.0,4005
38,23.41920280456543,0.5437731742858887,-11.300289154052734,-0.006169398780912161,0.0,4005
39,23.42505645751953,0.6508290767669678,-11.335346221923828,-0.006184180732816458,0.0,4005
40,23.411006927490234,0.6102204322814941,-11.319708824157715,-0.0061802067793905735,0.0,4005
41,23.407495498657227,0.4993021488189697,-11.285787582397461,-0.006163676735013723,0.0,4005
42,23.4051513671875,0.5273044109344482,-11.299538612365723,-0.00616319989785552,0.0,4005
43,23.421545028686523,0.6434977054595947,-11.337018013000488,-0.006179173942655325,0.0,4005
44,23.415691375732422,0.6312847137451172,-11.329883575439453,-0.006182034965604544,0.0,4005
45,23.403982162475586,0.5156993865966797,-11.29300308227539,-0.006165345665067434,0.0,4005
46,23.403982162475586,0.5158603191375732,-11.298394203186035,-0.006160179618746042,0.0,4005
47,23.415691375732422,0.6335020065307617,-11.338153839111328,-0.006174882408231497,0.0,4005
48,23.4051513671875,0.6484508514404297,-11.338922500610352,-0.006178140640258789,0.0,4005
49,23.400466918945312,0.5344748497009277,-11.300817489624023,-0.006163358688354492,0.0,4006
50,23.4051513671875,0.5064725875854492,-11.295354843139648,-0.006157557014375925,0.0,4005
51,23.41217613220215,0.6169438362121582,-11.333459854125977,-0.0061719417572021484,0.0,4005
52,23.401639938354492,0.6587505340576172,-11.344608306884766,-0.00617972994223237,0.0,4004
53,23.39227294921875,0.5533933639526367,-11.308783531188965,-0.0061690011061728,0.0,4005
54,23.401639938354492,0.4977107048034668,-11.293458938598633,-0.006159941200166941,0.0,4005
55,23.402812957763672,0.5967199802398682,-11.326244354248047,-0.00617082929238677,0.0,4005
56,23.41686248779297,0.6643295288085938,-11.345207214355469,-0.006181319709867239,0.0,4005
57,23.40632438659668,0.5743861198425293,-11.314863204956055,-0.006171385291963816,0.0,4005
58,23.3992977142334,0.49892663955688477,-11.293164253234863,-0.006159146782010794,0.0,4005
59,23.3992977142334,0.5806267261505127,-11.322301864624023,-0.006168842315673828,0.0,4005
60,23.401639938354492,0.6682276725769043,-11.346504211425781,-0.006181319709867239,0.0,4006
61,23.402812957763672,0.5971133708953857,-11.318501472473145,-0.006173133850097656,0.0,4005
62,23.400466918945312,0.5003571510314941,-11.288836479187012,-0.006158510688692331,0.0,4005
63,23.401639938354492,0.5611002445220947,-11.310463905334473,-0.006165027618408203,0.0,4005
0,23.40866470336914,0.6646335124969482,-11.341649055480957,-0.00618116045370698,0.0,4005
1,23.4051513671875,0.6168723106384277,-11.321846008300781,-0.0061794123612344265,0.0,4004
2,23.393442153930664,0.5070805549621582,-11.286020278930664,-0.006164868827909231,0.0,4005
3,23.403982162475586,0.5404114723205566,-11.297035217285156,-0.006167491432279348,0.0,4005
4,23.413349151611328,0.6506681442260742,-11.33095645904541,-0.006185928825289011,0.0,4005
5,23.401639938354492,0.6273865699768066,-11.318958282470703,-0.006186564918607473,0.0,4005
6,23.381736755371094,0.5108892917633057,-11.278814315795898,-0.006172021385282278,0.0,4005
7,23.39812660217285,0.5148768424987793,-11.28230094909668,-0.0061734518967568874,0.0,4005
8,23.41686248779297,0.6289958953857422,-11.316383361816406,-0.006190061569213867,0.0,4005
9,23.421545028686523,0.6354868412017822,-11.312807083129883,-0.0061948299407958984,0.0,4005
10,23.42271614074707,0.5185961723327637,-11.272510528564453,-0.0061842598952353,0.0,4005
11,23.41686248779297,0.4940450191497803,-11.265984535217285,-0.006181319709867239,0.0,4005
12,23.407495498657227,0.6045877933502197,-11.301273345947266,-0.006196180824190378,0.0,4004
13,23.41686248779297,0.6383121013641357,-11.30666446685791,-0.0062039694748818874,0.0,4005
14,23.39812660217285,0.5283772945404053,-11.267736434936523,-0.006192207336425781,0.0,4005
15,23.40983772277832,0.4767894744873047,-11.250883102416992,-0.0061842598952353,0.0,4004
16,23.414520263671875,0.5771934986114502,-11.282149314880371,-0.006197214126586914,0.0,4005
17,23.421545028686523,0.6372392177581787,-11.297035217285156,-0.00621024752035737,0.0,4004
18,23.413349151611328,0.5401253700256348,-11.262202262878418,-0.006198326591402292,0.0,4004
19,23.413349151611328,0.46581029891967773,-11.238134384155273,-0.006188313011080027,0.0,4005
20,23.42271614074707,0.5495667457580566,-11.265161514282227,-0.0061986446380615234,0.0,4005
21,23.42505645751953,0.6309092044830322,-11.287835121154785,-0.006213029380887747,0.0,4005
22,23.413349151611328,0.5546987056732178,-11.260217666625977,-0.006204923149198294,0.0,4004
23,23.42271614074707,0.46176910400390625,-11.230015754699707,-0.006192048545926809,0.0,4004
24,23.42505645751953,0.5254626274108887,-11.251643180847168,-0.006200233940035105,0.0,4004
25,23.42856788635254,0.6255626678466797,-11.281326293945312,-0.006216287612915039,0.0,4005
26,23.407495498657227,0.5755305290222168,-11.261513710021973,-0.006211360450834036,0.0,4004
27,23.411006927490234,0.4679560661315918,-11.22751235961914,-0.006197372917085886,0.0,4004
28,23.423885345458984,0.5068659782409668,-11.243372917175293,-0.006202538963407278,0.0,4005
29,23.42505645751953,0.6205201148986816,-11.277678489685059,-0.006218274589627981,0.0,4005
30,23.415691375732422,0.5975604057312012,-11.265457153320312,-0.006218115333467722,0.0,4004
31,23.411006927490234,0.48465728759765625,-11.229488372802734,-0.006201585289090872,0.0,4004
32,23.42505645751953,0.49663782119750977,-11.237525939941406,-0.006201982498168945,0.0,4004
33,23.427398681640625,0.6156563758850098,-11.276542663574219,-0.006217320915311575,0.0,4005
34,23.42271614074707,0.6228983402252197,-11.275246620178223,-0.0062213740311563015,0.0,4004
35,23.42271614074707,0.5089938640594482,-11.239206314086914,-0.006210168357938528,0.0,4004
36,23.418031692504883,0.4942774772644043,-11.23943042755127,-0.006205320358276367,0.0,4004
37,23.427398681640625,0.6097733974456787,-11.279190063476562,-0.006221214774996042,0.0,4005
38,23.433252334594727,0.6428897380828857,-11.286333084106445,-0.0062276520766317844,0.0,4005
39,23.423885345458984,0.5346894264221191,-11.251500129699707,-0.006214618682861328,0.0,4005
40,23.42271614074707,0.4933476448059082,-11.242988586425781,-0.00620714807882905,0.0,4004
41,23.433252334594727,0.5995631217956543,-11.281621932983398,-0.006220420356839895,0.0,4004
42,23.433252334594727,0.6577670574188232,-11.298626899719238,-0.006230513099581003,0.0,4005
43,23.415691375732422,0.5623161792755127,-11.265161514282227,-0.0062198638916015625,0.0,4005
44,23.418031692504883,0.4951894283294678,-11.246180534362793,-0.006208896636962891,0.0,4004
45,23.42271614074707,0.5864202976226807,-11.278429985046387,-0.006219625473022461,0.0,4004
46,23.42505645751953,0.6684422492980957,-11.304161071777344,-0.006232261657714844,0.0,4004
47,23.411006927490234,0.5899429321289062,-11.27745532989502,-0.006222645286470652,0.0,4005
48,23.413349151611328,0.5019664764404297,-11.251643180847168,-0.006207942962646484,0.0,4005
49,23.42271614074707,0.5733847618103027,-11.279117584228516,-0.006214062217622995,0.0,4004
50,23.415691375732422,0.6730198860168457,-11.310919761657715,-0.00622868537902832,0.0,4004
51,23.42505645751953,0.6180882453918457,-11.290955543518066,-0.006223281379789114,0.0,4004
52,23.41920280456543,0.5147159099578857,-11.258331298828125,-0.00620714807882905,0.0,4004
53,23.4309139251709,0.5597233772277832,-11.276615142822266,-0.006211280822753906,0.0,4005
54,23.44613265991211,0.6717324256896973,-11.314103126525879,-0.006226380821317434,0.0,4005
55,23.432083129882812,0.6419777870178223,-11.301952362060547,-0.006225109100341797,0.0,4004
56,23.421545028686523,0.5279123783111572,-11.266753196716309,-0.006208896636962891,0.0,4004
57,23.42505645751953,0.5447030067443848,-11.275407791137695,-0.006209293846040964,0.0,4004
58,23.42271614074707,0.6619513034820557,-11.3131103515625,-0.0062230429612100124,0.0,4005
59,23.41920280456543,0.6601274013519287,-11.30969524383545,-0.0062258243560791016,0.0,4005
60,23.41217613220215,0.5435585975646973,-11.273351669311523,-0.006210962776094675,0.0,4005
61,23.42271614074707,0.5308985710144043,-11.272358894348145,-0.006206512451171875,0.0,4004
62,23.4309139251709,0.6456971168518066,-11.30969524383545,-0.006221930030733347,0.0,4004
63,23.421545028686523,0.6715714931488037,-11.312807083129883,-0.006226619239896536,0.0,4004
0,23.41686248779297,0.5590438842773438,-11.274406433105469,-0.006212552543729544,0.0,4005
1,23.41686248779297,0.5202054977416992,-11.265841484069824,-0.006206194404512644,0.0,4004
2,23.437938690185547,0.6249547004699707,-11.300674438476562,-0.006218910217285156,0.0,4004
3,23.436765670776367,0.6763815879821777,-11.312055587768555,-0.006228844169527292,0.0,4004
4,23.427398681640625,0.5733847618103027,-11.276158332824707,-0.006218274589627981,0.0,4004
5,23.41920280456543,0.5082249641418457,-11.257418632507324,-0.0062062740325927734,0.0,4004
6,23.42856788635254,0.6003856658935547,-11.290732383728027,-0.006217161659151316,0.0,4004
7,23.432083129882812,0.6737887859344482,-11.311832427978516,-0.006230910774320364,0.0,4005
8,23.42271614074707,0.5904793739318848,-11.282149314880371,-0.0062230429612100124,0.0,4004
9,23.427398681640625,0.5036473274230957,-11.256426811218262,-0.006209770683199167,0.0,4004
10,23.432083129882812,0.5780339241027832,-11.28390121459961,-0.006217797752469778,0.0,4004
11,23.42974090576172,0.6708741188049316,-11.313647270202637,-0.006230831146240234,0.0,4005
12,23.42856788635254,0.6092369556427002,-11.290794372558594,-0.006224632263183594,0.0,4004
13,23.427398681640625,0.5068659782409668,-11.25924301147461,-0.00621024752035737,0.0,4004
14,23.433252334594727,0.5543053150177002,-11.27745532989502,-0.0062162079848349094,0.0,4005
15,23.4426212310791,0.6626486778259277,-11.313718795776367,-0.006232182029634714,0.0,4005
16,23.415691375732422,0.6259560585021973,-11.298537254333496,-0.006229321006685495,0.0,4005
17,23.411006927490234,0.5129456520080566,-11.26265811920166,-0.0062145390547811985,0.0,4004
18,23.41920280456543,0.5369782447814941,-11.274263381958008,-0.0062137446366250515,0.0,4004
19,23.42974090576172,0.6520450115203857,-11.311599731445312,-0.006229400634765625,0.0,4004
20,23.42856788635254,0.6423532962799072,-11.305225372314453,-0.006231784820556641,0.0,4005
21,23.40866470336914,0.5249440670013428,-11.267664909362793,-0.0062160491943359375,0.0,4004
22,23.420373916625977,0.5203664302825928,-11.268192291259766,-0.006211837287992239,0.0,4004
23,23.42505645751953,0.6383121013641357,-11.307048797607422,-0.006225427147001028,0.0,4005
24,23.421545028686523,0.6575345993041992,-11.310232162475586,-0.006229480262845755,0.0,4005
25,23.420373916625977,0.5437731742858887,-11.273038864135742,-0.006215651985257864,0.0,4005
26,23.432083129882812,0.5107462406158447,-11.266368865966797,-0.006208499427884817,0.0,4005
27,23.436765670776367,0.6187856197357178,-11.302953720092773,-0.006219466682523489,0.0,4005
28,23.42856788635254,0.6658494472503662,-11.31395149230957,-0.006226142402738333,0.0,4005
29,23.413349151611328,0.5629420280456543,-11.27927017211914,-0.006213346961885691,0.0,4005
30,23.40983772277832,0.5036473274230957,-11.263025283813477,-0.00620261812582612,0.0,4005
31,23.42505645751953,0.6007790565490723,-11.295354843139648,-0.006212314125150442,0.0,4005
32,23.435596466064453,0.6726443767547607,-11.315837860107422,-0.00622248649597168,0.0,4005
33,23.433252334594727,0.5859017372131348,-11.285948753356934,-0.006212552543729544,0.0,4005
34,23.41686248779297,0.5041837692260742,-11.262496948242188,-0.0061995186842978,0.0,4005
35,23.423885345458984,0.5813956260681152,-11.291635513305664,-0.006207386497408152,0.0,4005
36,23.42271614074707,0.6748616695404053,-11.320021629333496,-0.006220737937837839,0.0,4004
37,23.411006927490234,0.6085574626922607,-11.29566764831543,-0.00621350621804595,0.0,4004
38,23.411006927490234,0.5090653896331787,-11.265304565429688,-0.006197372917085886,0.0,4004
39,23.42271614074707,0.5632996559143066,-11.288675308227539,-0.006202379707247019,0.0,4004
40,23.42856788635254,0.6685137748718262,-11.323579788208008,-0.006216287612915039,0.0,4004
41,23.4309139251709,0.6287634372711182,-11.307048797607422,-0.006211122032254934,0.0,4005
42,23.4309139251709,0.5187571048736572,-11.271151542663574,-0.006194750312715769,0.0,4005
43,23.42856788635254,0.5476713180541992,-11.284652709960938,-0.0061953067779541016,0.0,4005
44,23.4309139251709,0.6612002849578857,-11.321533203125,-0.006210803985595703,0.0,4005
45,23.42505645751953,0.6484508514404297,-11.314022064208984,-0.006212154868990183,0.0,4005
46,23.413349151611328,0.5328655242919922,-11.276909828186035,-0.006197055336087942,0.0,4005
47,23.42271614074707,0.5342423915863037,-11.28222942352295,-0.006194511894136667,0.0,4005
48,23.427398681640625,0.6512761116027832,-11.321076393127441,-0.006209611892700195,0.0,4004
49,23.42271614074707,0.6653130054473877,-11.32206916809082,-0.006214062217622995,0.0,4004
50,23.415691375732422,0.5514979362487793,-11.285331726074219,-0.006198565009981394,0.0,4004
51,23.40866470336914,0.5241036415100098,-11.279726028442383,-0.006192048545926809,0.0,4004
52,23.427398681640625,0.6345748901367188,-11.316526412963867,-0.006204684730619192,0.0,4004
53,23.4309139251709,0.6762385368347168,-11.326244354248047,-0.0062120757065713406,0.0,4005
54,23.42856788635254,0.5707919597625732,-11.289972305297852,-0.0061992802657186985,0.0,4004
55,23.413349151611328,0.5173802375793457,-11.275541305541992,-0.0061908564530313015,0.0,4004
56,23.423885345458984,0.6161749362945557,-11.309167861938477,-0.006203810218721628,0.0,4004
57,23.415691375732422,0.6829440593719482,-11.327227592468262,-0.006215810775756836,0.0,4005
58,23.40632438659668,0.5919992923736572,-11.294754981994629,-0.0062062740325927734,0.0,4004
59,23.418031692504883,0.5141794681549072,-11.272582054138184,-0.006195545196533203,0.0,4004
60,23.42505645751953,0.5955755710601807,-11.303025245666504,-0.006205161567777395,0.0,4004
61,23.423885345458984,0.6844639778137207,-11.327451705932617,-0.006219545844942331,0.0,4004
62,23.41217613220215,0.6142795085906982,-11.30044174194336,-0.006213108543306589,0.0,4005
63,23.42271614074707,0.5181491374969482,-11.27031135559082,-0.006199995521456003,0.0,4005
0,23.432083129882812,0.5784094333648682,-11.293620109558105,-0.006207466125488281,0.0,4005
1,23.433252334594727,0.6821036338806152,-11.32480525970459,-0.006222327705472708,0.0,4004
2,23.42856788635254,0.6357908248901367,-11.305912971496582,-0.006220102310180664,0.0,4004
3,23.427398681640625,0.5271434783935547,-11.271903038024902,-0.006205558776855469,0.0,4005
4,23.433252334594727,0.5608677864074707,-11.286243438720703,-0.006209373474121094,0.0,4004
5,23.432083129882812,0.6751656532287598,-11.322757720947266,-0.00622550630941987,0.0,4004
6,23.41920280456543,0.6549417972564697,-11.313566207885742,-0.006225427147001028,0.0,4004
7,23.423885345458984,0.5392670631408691,-11.274862289428711,-0.006210645195096731,0.0,4005
8,23.42505645751953,0.5461335182189941,-11.279797554016113,-0.0062082610093057156,0.0,4005
9,23.433252334594727,0.6636500358581543,-11.317366600036621,-0.006223440170288086,0.0,4005
10,23.427398681640625,0.6725728511810303,-11.316910743713379,-0.0062276520766317844,0.0,4005
11,23.415691375732422,0.5564332008361816,-11.278367042541504,-0.006213665008544922,0.0,4004
12,23.42974090576172,0.5327939987182617,-11.274862289428711,-0.006208499427884817,0.0,4004
13,23.43910789489746,0.6438732147216797,-11.312877655029297,-0.0062213740311563015,0.0,4004
14,23.42505645751953,0.6804943084716797,-11.320710182189941,-0.0062297978438436985,0.0,4005
15,23.407495498657227,0.5728483200073242,-11.284124374389648,-0.0062181949615478516,0.0,4005
16,23.42271614074707,0.5232453346252441,-11.272895812988281,-0.0062099299393594265,0.0,4005
17,23.436765670776367,0.6243467330932617,-11.308712005615234,-0.006223122123628855,0.0,4005
18,23.444963455200195,0.6859123706817627,-11.326172828674316,-0.006231784820556641,0.0,4005
19,23.440277099609375,0.5904078483581543,-11.293235778808594,-0.006221612449735403,0.0,4005
20,23.42856788635254,0.5160212516784668,-11.271080017089844,-0.006212154868990183,0.0,4005
21,23.434425354003906,0.6020665168762207,-11.301424980163574,-0.00622105598449707,0.0,4005
22,23.434425354003906,0.6857514381408691,-11.327156066894531,-0.006232341285794973,0.0,4005
23,23.427398681640625,0.6118297576904297,-11.30058479309082,-0.006224711891263723,0.0,4005
24,23.41920280456543,0.5205988883972168,-11.270991325378418,-0.006211042404174805,0.0,4005
25,23.4309139251709,0.5840599536895752,-11.294210433959961,-0.006217082496732473,0.0,4005
26,23.427398681640625,0.6854653358459473,-11.325627326965332,-0.0062291622161865234,0.0,4004
27,23.42505645751953,0.6353974342346191,-11.306503295898438,-0.006225427147001028,0.0,4004
28,23.42856788635254,0.5279123783111572,-11.27471923828125,-0.0062100887298583984,0.0,4005
29,23.436765670776367,0.5661427974700928,-11.289819717407227,-0.006211201194673777,0.0,4004
30,23.433252334594727,0.6765961647033691,-11.323892593383789,-0.006224711891263723,0.0,4004
31,23.418031692504883,0.6527960300445557,-11.310759544372559,-0.00622423505410552,0.0,4004
32,23.421545028686523,0.5385875701904297,-11.275470733642578,-0.006208340171724558,0.0,4004
33,23.42271614074707,0.5496561527252197,-11.283668518066406,-0.006207704544067383,0.0,4005
34,23.433252334594727,0.6669223308563232,-11.322444915771484,-0.006222089286893606,0.0,4004
35,23.43910789489746,0.6708741188049316,-11.32093334197998,-0.006224950309842825,0.0,4004
36,23.423885345458984,0.5551457405090332,-11.284285545349121,-0.006208737846463919,0.0,4005
37,23.4309139251709,0.5383551120758057,-11.28397274017334,-0.006203413009643555,0.0,4005
38,23.433252334594727,0.6522774696350098,-11.322829246520996,-0.006219466682523489,0.0,4004
39,23.423885345458984,0.6836235523223877,-11.328819274902344,-0.006225029472261667,0.0,4004
40,23.42974090576172,0.5726158618927002,-11.292323112487793,-0.0062107243575155735,0.0,4005
41,23.427398681640625,0.5286812782287598,-11.280557632446289,-0.006203889846801758,0.0,4004
42,23.42505645751953,0.6331086158752441,-11.315998077392578,-0.0062158904038369656,0.0,4004
43,23.42505645751953,0.6899714469909668,-11.332842826843262,-0.006225029472261667,0.0,4004
44,23.421545028686523,0.5923032760620117,-11.298314094543457,-0.006214300636202097,0.0,4005
45,23.426227569580078,0.5230307579040527,-11.277750015258789,-0.006203015800565481,0.0,4005
46,23.42856788635254,0.6129026412963867,-11.311447143554688,-0.006212949752807617,0.0,4004
47,23.41686248779297,0.6920993328094482,-11.3355073928833,-0.0062258243560791016,0.0,4004
48,23.414520263671875,0.6144404411315918,-11.307727813720703,-0.006217479705810547,0.0,4004
49,23.420373916625977,0.5267679691314697,-11.281326293945312,-0.006204128265380859,0.0,4004
50,23.42505645751953,0.5968809127807617,-11.307870864868164,-0.006210009101778269,0.0,4005
51,23.421545028686523,0.6949067115783691,-11.340129852294922,-0.006223360542207956,0.0,4004
52,23.435596466064453,0.6384730339050293,-11.32039737701416,-0.00621795654296875,0.0,4004
53,23.423885345458984,0.5337774753570557,-11.286788940429688,-0.0062047638930380344,0.0,4004
54,23.42271614074707,0.5775868892669678,-11.303633689880371,-0.006208658218383789,0.0,4004
55,23.41686248779297,0.6888270378112793,-11.339378356933594,-0.006222883705049753,0.0,4004
56,23.414520263671875,0.6602168083190918,-11.326467514038086,-0.006221691612154245,0.0,4005
57,23.421545028686523,0.5464553833007812,-11.289972305297852,-0.006205002311617136,0.0,4005
58,23.41686248779297,0.5622446537017822,-11.299538612365723,-0.0062061152420938015,0.0,4004
59,23.40632438659668,0.6782054901123047,-11.336946487426758,-0.006222248077392578,0.0,4004
60,23.41217613220215,0.6754517555236816,-11.333003997802734,-0.0062236785888671875,0.0,4005
61,23.420373916625977,0.5591869354248047,-11.29581069946289,-0.006208340171724558,0.0,4005
62,23.42271614074707,0.5472779273986816,-11.296266555786133,-0.006203174591064453,0.0,4004
63,23.41920280456543,0.6633281707763672,-11.334281921386719,-0.006217638496309519,0.0,4004
0,23.418031692504883,0.6891131401062012,-11.33914566040039,-0.006222963333129883,0.0,4004
1,23.414520263671875,0.5770325660705566,-11.302497863769531,-0.0062084197998046875,0.0,4005
2,23.41686248779297,0.5382120609283447,-11.293458938598633,-0.006198883056640625,0.0,4005
3,23.41920280456543,0.6470739841461182,-11.330866813659668,-0.006212711334228516,0.0,4004
4,23.426227569580078,0.6984293460845947,-11.345136642456055,-0.006220658775418997,0.0,4004
5,23.42271614074707,0.5976319313049316,-11.309775352478027,-0.006208896636962891,0.0,4004
6,23.427398681640625,0.5330979824066162,-11.29186725616455,-0.006199439521878958,0.0,4005
7,23.427398681640625,0.6267070770263672,-11.324715614318848,-0.006209770683199167,0.0,4005
8,23.426227569580078,0.7024705410003662,-11.345824241638184,-0.006221453193575144,0.0,4005
9,23.41217613220215,0.6183922290802002,-11.315837860107422,-0.0062115988694131374,0.0,4005
10,23.415691375732422,0.5327939987182617,-11.290428161621094,-0.006199439521878958,0.0,4004
11,23.41217613220215,0.6074130535125732,-11.317366600036621,-0.0062069096602499485,0.0,4004
12,23.420373916625977,0.7022380828857422,-11.346504211425781,-0.006219466682523489,0.0,4005
13,23.421545028686523,0.6394565105438232,-11.323965072631836,-0.006213665008544922,0.0,4005
14,23.42271614074707,0.5371391773223877,-11.293307304382324,-0.006199995521456003,0.0,4005
15,23.42505645751953,0.5846858024597168,-11.311832427978516,-0.006204923149198294,0.0,4004
16,23.423885345458984,0.6930112838745117,-11.34498405456543,-0.006221294403076172,0.0,4004
17,23.420373916625977,0.6564617156982422,-11.330267906188965,-0.006219069007784128,0.0,4004
18,23.402812957763672,0.5443096160888672,-11.294594764709473,-0.006203731056302786,0.0,4005
19,23.413349151611328,0.5673587322235107,-11.305752754211426,-0.006203571800142527,0.0,4005
20,23.426227569580078,0.6839275360107422,-11.3433837890625,-0.00621930742636323,0.0,4005
21,23.41686248779297,0.6772220134735107,-11.336257934570312,-0.006223201751708984,0.0,4004
22,23.420373916625977,0.5612432956695557,-11.299538612365723,-0.006208181381225586,0.0,4004
23,23.415691375732422,0.5552887916564941,-11.301201820373535,-0.0062039694748818874,0.0,4004
24,23.42505645751953,0.6709635257720947,-11.340657234191895,-0.006218671798706055,0.0,4004
25,23.41686248779297,0.6905615329742432,-11.344295501708984,-0.0062238373793661594,0.0,4005
26,23.4051513671875,0.5774974822998047,-11.305752754211426,-0.006210168357938528,0.0,4005
27,23.42271614074707,0.5452215671539307,-11.297625541687012,-0.006203571800142527,0.0,4005
28,23.426227569580078,0.6535649299621582,-11.335123062133789,-0.006216764450073242,0.0,4005
29,23.413349151611328,0.6999492645263672,-11.347344398498535,-0.006225267890840769,0.0,4005
30,23.407495498657227,0.5964875221252441,-11.312734603881836,-0.0062137446366250515,0.0,4004
31,23.42271614074707,0.5362272262573242,-11.295211791992188,-0.006204366683959961,0.0,4004
32,23.43910789489746,0.6304621696472168,-11.328059196472168,-0.006215492729097605,0.0,4005
33,23.427398681640625,0.7010221481323242,-11.349919319152832,-0.006227175239473581,0.0,4005
34,23.41920280456543,0.6153523921966553,-11.318349838256836,-0.006217638496309519,0.0,4004
35,23.423885345458984,0.5320429801940918,-11.292323112487793,-0.006206194404512644,0.0,4004
36,23.4426212310791,0.6102204322814941,-11.319252967834473,-0.0062145390547811985,0.0,4004
37,23.4309139251709,0.7007181644439697,-11.346575736999512,-0.006227572914212942,0.0,4005
38,23.418031692504883,0.6331086158752441,-11.323892593383789,-0.006221453193575144,0.0,4005
39,23.423885345458984,0.5335450172424316,-11.293530464172363,-0.006208499427884817,0.0,4005
40,23.42271614074707,0.5903184413909912,-11.313647270202637,-0.006212949752807617,0.0,4005
41,23.42856788635254,0.6949961185455322,-11.34672737121582,-0.006225744727998972,0.0,4004
42,23.42505645751953,0.6543338298797607,-11.331546783447266,-0.006221691612154245,0.0,4004
43,23.42974090576172,0.5435585975646973,-11.297625541687012,-0.006207386497408152,0.0,4004
44,23.432083129882812,0.5715429782867432,-11.309167861938477,-0.006208896636962891,0.0,4004
45,23.423885345458984,0.6853044033050537,-11.345439910888672,-0.006226301193237305,0.0,4005
46,23.420373916625977,0.6712675094604492,-11.338376998901367,-0.006226698402315378,0.0,4005
47,23.41686248779297,0.5551457405090332,-11.300289154052734,-0.006210883613675833,0.0,4005
48,23.415691375732422,0.5557537078857422,-11.303999900817871,-0.0062077841721475124,0.0,4004
49,23.427398681640625,0.6731629371643066,-11.341792106628418,-0.006223598960787058,0.0,4004
50,23.4309139251709,0.6871283054351807,-11.343544960021973,-0.006227970123291016,0.0,4004
51,23.42505645751953,0.5739927291870117,-11.304911613464355,-0.006214300636202097,0.0,4004
52,23.42505645751953,0.5447745323181152,-11.299681663513184,-0.006208340171724558,0.0,4005
53,23.435596466064453,0.6553173065185547,-11.336713790893555,-0.0062215328216552734,0.0,4005
54,23.42974090576172,0.6984293460845947,-11.347031593322754,-0.006229957100003958,0.0,4005
55,23.42505645751953,0.5918383598327637,-11.311832427978516,-0.0062177181243896484,0.0,4005
56,23.42271614074707,0.5372107028961182,-11.297329902648926,-0.0062077841721475124,0.0,4005
57,23.436765670776367,0.6376862525939941,-11.331546783447266,-0.0062198638916015625,0.0,4004
58,23.427398681640625,0.7050633430480957,-11.351055145263672,-0.006230910774320364,0.0,4004
59,23.42856788635254,0.6147265434265137,-11.319252967834473,-0.0062200226821005344,0.0,4004
60,23.42505645751953,0.5355477333068848,-11.297329902648926,-0.006207545753568411,0.0,4004
61,23.432083129882812,0.6172478199005127,-11.325627326965332,-0.006217320915311575,0.0,4005
62,23.4309139251709,0.7052958011627197,-11.351439476013184,-0.006229321006685495,0.0,4005
63,23.415691375732422,0.6351113319396973,-11.327380180358887,-0.006221214774996042,0.0,4005
0,23.41920280456543,0.5381226539611816,-11.298314094543457,-0.006208499427884817,0.0,4004
1,23.437938690185547,0.5964875221252441,-11.319028854370117,-0.006212711334228516,0.0,4004
2,23.444963455200195,0.7014870643615723,-11.349847793579102,-0.006227572914212942,0.0,4004
3,23.420373916625977,0.6540298461914062,-11.333459854125977,-0.006224393844604492,0.0,4005
4,23.413349151611328,0.5462229251861572,-11.301353454589844,-0.006209135055541992,0.0,4005
5,23.434425354003906,0.5785703659057617,-11.314863204956055,-0.006211519241333008,0.0,4004
6,23.42856788635254,0.6914734840393066,-11.350375175476074,-0.0062255859375,0.0,4004
7,23.41686248779297,0.6720185279846191,-11.3421049118042,-0.006224711891263723,0.0,4004
8,23.40632438659668,0.5565226078033447,-11.305295944213867,-0.006208896636962891,0.0,4004
9,23.41920280456543,0.5620121955871582,-11.310302734375,-0.006207307334989309,0.0,4005
10,23.418031692504883,0.6794393062591553,-11.34839916229248,-0.006222963333129883,0.0,4005
11,23.421545028686523,0.6886661052703857,-11.347344398498535,-0.00622693682089448,0.0,4004
12,23.40866470336914,0.5723118782043457,-11.309775352478027,-0.006212711334228516,0.0,4005
13,23.426227569580078,0.5495667457580566,-11.30636978149414,-0.006209293846040964,0.0,4004
14,23.444963455200195,0.6610393524169922,-11.343160629272461,-0.006223360542207956,0.0,4004
15,23.415691375732422,0.6981968879699707,-11.352038383483887,-0.0062296390533447266,0.0,4005
16,23.413349151611328,0.5907654762268066,-11.315470695495605,-0.006216128822416067,0.0,4005
17,23.41686248779297,0.5405008792877197,-11.301809310913086,-0.006207863334566355,0.0,4005
18,23.4309139251709,0.6417453289031982,-11.336419105529785,-0.006219784263521433,0.0,4004
19,23.433252334594727,0.7037758827209473,-11.353790283203125,-0.0062296390533447266,0.0,4004
20,23.41920280456543,0.6107747554779053,-11.322980880737305,-0.0062192282639443874,0.0,4004
21,23.42505645751953,0.5367636680603027,-11.302336692810059,-0.006206432823091745,0.0,4005
22,23.4309139251709,0.6213784217834473,-11.331931114196777,-0.006216923240572214,0.0,4005
23,23.415691375732422,0.7063508033752441,-11.35704517364502,-0.006228844169527292,0.0,4005
24,23.411006927490234,0.6312847137451172,-11.33102798461914,-0.0062198638916015625,0.0,4004
25,23.415691375732422,0.5388200283050537,-11.30324935913086,-0.006206353660672903,0.0,4004
26,23.42505645751953,0.6044268608093262,-11.326995849609375,-0.0062120757065713406,0.0,4005
27,23.421545028686523,0.7056713104248047,-11.3573579788208,-0.006226778030395508,0.0,4005
28,23.421545028686523,0.6547093391418457,-11.337849617004395,-0.006224632263183594,0.0,4005
29,23.42856788635254,0.5473673343658447,-11.303633689880371,-0.0062107243575155735,0.0,4005
30,23.426227569580078,0.5851328372955322,-11.319941520690918,-0.006214459892362356,0.0,4005
31,23.42271614074707,0.6962835788726807,-11.354398727416992,-0.0062297978438436985,0.0,4005
32,23.411006927490234,0.6712675094604492,-11.343320846557617,-0.00622876500710845,0.0,4005
33,23.421545028686523,0.5568265914916992,-11.307271957397461,-0.006212711334228516,0.0,4006
34,23.433252334594727,0.5666613578796387,-11.315014839172363,-0.0062105655670166016,0.0,4005
35,23.426227569580078,0.6839275360107422,-11.354247093200684,-0.006226301193237305,0.0,4005
36,23.432083129882812,0.6874501705169678,-11.351895332336426,-0.006228605750948191,0.0,4005
37,23.42505645751953,0.5706310272216797,-11.313262939453125,-0.006214141845703125,0.0,4005
38,23.433252334594727,0.5527138710021973,-11.3112154006958,-0.0062100887298583984,0.0,4005
39,23.432083129882812,0.6666898727416992,-11.350446701049805,-0.0062243142165243626,0.0,4004
40,23.433252334594727,0.6983399391174316,-11.357733726501465,-0.006229400634765625,0.0,4005
41,23.421545028686523,0.5887091159820557,-11.320164680480957,-0.006216446403414011,0.0,4005
42,23.415691375732422,0.5442380905151367,-11.30932903289795,-0.006209691520780325,0.0,4005
43,23.42856788635254,0.6483078002929688,-11.345520973205566,-0.00622240686789155,0.0,4004
44,23.42974090576172,0.7054388523101807,-11.361461639404297,-0.006232182029634714,0.0,4005
45,23.42271614074707,0.6081640720367432,-11.32858657836914,-0.006220817565917969,0.0,4005
46,23.42271614074707,0.5396604537963867,-11.309462547302246,-0.00620897626504302,0.0,4005
47,23.42974090576172,0.6292283535003662,-11.340657234191895,-0.0062192282639443874,0.0,4005
48,23.42271614074707,0.7102489471435547,-11.364420890808105,-0.006230354309082031,0.0,4005
49,23.418031692504883,0.6309092044830322,-11.336490631103516,-0.00622240686789155,0.0,4005
50,23.427398681640625,0.5412697792053223,-11.310151100158691,-0.006208737846463919,0.0,4005
51,23.43910789489746,0.6108462810516357,-11.336490631103516,-0.0062154135666787624,0.0,4005
52,23.440277099609375,0.7093369960784912,-11.366235733032227,-0.00622876500710845,0.0,4005
53,23.42974090576172,0.6522774696350098,-11.345136642456055,-0.0062230429612100124,0.0,4005
54,23.42271614074707,0.5481362342834473,-11.313423156738281,-0.006207942962646484,0.0,4005
55,23.427398681640625,0.5923032760620117,-11.33132266998291,-0.006211916450411081,0.0,4005
56,23.441450119018555,0.7027745246887207,-11.366692543029785,-0.006227016448974609,0.0,4004
57,23.437938690185547,0.6725728511810303,-11.353174209594727,-0.0062255859375,0.0,4005
58,23.42505645751953,0.5585789680480957,-11.318206787109375,-0.006211280822753906,0.0,4005
59,23.434425354003906,0.5758881568908691,-11.327997207641602,-0.006210803985595703,0.0,4005
60,23.44730567932129,0.6924033164978027,-11.365100860595703,-0.0062258243560791016,0.0,4005
61,23.42856788635254,0.6888270378112793,-11.360004425048828,-0.0062291622161865234,0.0,4005
62,23.426227569580078,0.5730092525482178,-11.322829246520996,-0.006213585380464792,0.0,4005
63,23.42856788635254,0.5625486373901367,-11.321917533874512,-0.0062103271484375,0.0,4005
0,23.427398681640625,0.6769895553588867,-11.359253883361816,-0.006226221565157175,0.0,4005
1,23.433252334594727,0.7012546062469482,-11.364189147949219,-0.006233533378690481,0.0,4005
2,23.411006927490234,0.5881905555725098,-11.327227592468262,-0.00621930742636323,0.0,4004
3,23.41920280456543,0.5505681037902832,-11.31751823425293,-0.0062120757065713406,0.0,4005
4,23.436765670776367,0.6579279899597168,-11.35401439666748,-0.006225109100341797,0.0,4005
5,23.4309139251709,0.7084965705871582,-11.368131637573242,-0.006233771797269583,0.0,4005
6,23.42271614074707,0.6081640720367432,-11.333915710449219,-0.006221850868314505,0.0,4004
7,23.436765670776367,0.5434870719909668,-11.31417465209961,-0.006211201194673777,0.0,4005
8,23.433252334594727,0.6347179412841797,-11.347031593322754,-0.006222089286893606,0.0,4005
9,23.432083129882812,0.7104814052581787,-11.370107650756836,-0.006233850959688425,0.0,4006
10,23.421545028686523,0.6268680095672607,-11.341041564941406,-0.0062251887284219265,0.0,4005
11,23.41686248779297,0.5405008792877197,-11.316910743713379,-0.006212472915649414,0.0,4005
12,23.42271614074707,0.6131350994110107,-11.342936515808105,-0.006219466682523489,0.0,4005
13,23.433252334594727,0.7093369960784912,-11.370563507080078,-0.006233374122530222,0.0,4005
14,23.41686248779297,0.6486117839813232,-11.347254753112793,-0.006226062774658203,0.0,4005
15,23.42271614074707,0.5465984344482422,-11.314934730529785,-0.006211360450834036,0.0,4005
16,23.433252334594727,0.5959689617156982,-11.334210395812988,-0.0062175593338906765,0.0,4005
17,23.436765670776367,0.7037758827209473,-11.367908477783203,-0.006232341285794973,0.0,4005
18,23.432083129882812,0.6672978401184082,-11.353405952453613,-0.0062300362624228,0.0,4005
19,23.432083129882812,0.5538582801818848,-11.317062377929688,-0.006215095520019531,0.0,4005
20,23.426227569580078,0.5763530731201172,-11.32768440246582,-0.0062166848219931126,0.0,4005
21,23.4309139251709,0.6919384002685547,-11.365100860595703,-0.006232579704374075,0.0,4005
22,23.42856788635254,0.6842494010925293,-11.358726501464844,-0.0062328181229531765,0.0,4005
23,23.427398681640625,0.5686640739440918,-11.321621894836426,-0.006217400077730417,0.0,4004
24,23.42271614074707,0.5632281303405762,-11.323356628417969,-0.006215492729097605,0.0,4005
25,23.421545028686523,0.6789743900299072,-11.360621452331543,-0.0062300362624228,0.0,4005
26,23.420373916625977,0.6988942623138428,-11.365324020385742,-0.0062349638901650906,0.0,4005
27,23.42271614074707,0.5842924118041992,-11.327308654785156,-0.00621930742636323,0.0,4004
28,23.42974090576172,0.5513370037078857,-11.320164680480957,-0.00621350621804595,0.0,4005
29,23.427398681640625,0.6596624851226807,-11.356902122497559,-0.006228446960449219,0.0,4005
30,23.42271614074707,0.7069766521453857,-11.368971824645996,-0.006236950401216745,0.0,4005
31,23.426227569580078,0.6035864353179932,-11.334961891174316,-0.00622423505410552,0.0,4005
32,23.42505645751953,0.5442380905151367,-11.318662643432617,-0.006215095520019531,0.0,4005
33,23.41686248779297,0.6407618522644043,-11.351439476013184,-0.006226459983736277,0.0,4005
34,23.40983772277832,0.7117152214050293,-11.371618270874023,-0.006236950401216745,0.0,4005
35,23.41686248779297,0.6232738494873047,-11.341649055480957,-0.006226380821317434,0.0,4005
36,23.411006927490234,0.5427896976470947,-11.3187255859375,-0.006215254310518503,0.0,4005
37,23.421545028686523,0.6201624870300293,-11.345752716064453,-0.006224711891263723,0.0,4005
38,23.42505645751953,0.7116258144378662,-11.373371124267578,-0.006237506866455078,0.0,4005
39,23.40632438659668,0.6444811820983887,-11.349624633789062,-0.0062306723557412624,0.0,4005
40,23.40983772277832,0.5450785160064697,-11.318045616149902,-0.00621787691488862,0.0,4005
41,23.421545028686523,0.6008505821228027,-11.33914566040039,-0.0062238373793661594,0.0,4005
42,23.40983772277832,0.7052958011627197,-11.373371124267578,-0.006238063331693411,0.0,4005
43,23.415691375732422,0.6625056266784668,-11.356061935424805,-0.006235599517822266,0.0,4005
44,23.41686248779297,0.5528569221496582,-11.320781707763672,-0.006218910217285156,0.0,4005
45,23.415691375732422,0.5820035934448242,-11.332091331481934,-0.006221850868314505,0.0,4005
46,23.42856788635254,0.6970524787902832,-11.368659019470215,-0.006239017006009817,0.0,4005
47,23.421545028686523,0.6827116012573242,-11.36130142211914,-0.006238698959350586,0.0,4005
48,23.415691375732422,0.5668222904205322,-11.323436737060547,-0.0062236785888671875,0.0,4005
49,23.426227569580078,0.5676627159118652,-11.326083183288574,-0.006221612449735403,0.0,4005
50,23.42974090576172,0.6840884685516357,-11.364420890808105,-0.006236473564058542,0.0,4005
51,23.41217613220215,0.6963729858398438,-11.366764068603516,-0.006240367889404297,0.0,4005
52,23.415691375732422,0.5820035934448242,-11.329812049865723,-0.0062259831465780735,0.0,4005
53,23.42856788635254,0.5550026893615723,-11.323892593383789,-0.006220579147338867,0.0,4005
54,23.423885345458984,0.6669223308563232,-11.360916137695312,-0.006234407424926758,0.0,4005
55,23.421545028686523,0.7068157196044922,-11.37138557434082,-0.006243149284273386,0.0,4005
56,23.41920280456543,0.6014585494995117,-11.335963249206543,-0.006229957100003958,0.0,4005
57,23.41920280456543,0.5476713180541992,-11.321621894836426,-0.006219148635864258,0.0,4005
58,23.420373916625977,0.6480753421783447,-11.35583782196045,-0.006230751518160105,0.0,4005
59,23.42271614074707,0.7138431072235107,-11.373066902160645,-0.006241003517061472,0.0,4005
60,23.418031692504883,0.6224513053894043,-11.341264724731445,-0.006230592727661133,0.0,4005
61,23.42505645751953,0.5457758903503418,-11.318501472473145,-0.006218274589627981,0.0,4006
62,23.423885345458984,0.6291568279266357,-11.348024368286133,-0.006228367332369089,0.0,4005
63,23.433252334594727,0.7154345512390137,-11.374211311340332,-0.006240685936063528,0.0,4005
0,23.42856788635254,0.6436407566070557,-11.348623275756836,-0.006232420448213816,0.0,4005
1,23.432083129882812,0.5477428436279297,-11.318885803222656,-0.006218433380126953,0.0,4005
2,23.433252334594727,0.6095409393310547,-11.341649055480957,-0.006225029472261667,0.0,4005
3,23.4426212310791,0.7127702236175537,-11.373665809631348,-0.006238619331270456,0.0,4005
4,23.427398681640625,0.6650090217590332,-11.354854583740234,-0.006233533378690481,0.0,4005
5,23.42856788635254,0.5552887916564941,-11.320093154907227,-0.006217479705810547,0.0,4005
6,23.42271614074707,0.5897819995880127,-11.336034774780273,-0.006219466682523489,0.0,4005
7,23.41920280456543,0.7038474082946777,-11.373442649841309,-0.006235519889742136,0.0,4005
8,23.41686248779297,0.6811738014221191,-11.362284660339355,-0.0062357583083212376,0.0,4005
9,23.42271614074707,0.5664467811584473,-11.32494831085205,-0.006220420356839895,0.0,4005
10,23.41217613220215,0.5738317966461182,-11.330643653869629,-0.006218910217285156,0.0,4005
11,23.41920280456543,0.6915628910064697,-11.36774730682373,-0.006234327796846628,0.0,4005
12,23.421545028686523,0.6987333297729492,-11.367836952209473,-0.0062383017502725124,0.0,4005
13,23.42271614074707,0.5839884281158447,-11.330643653869629,-0.006223440170288086,0.0,4005
14,23.43910789489746,0.5618691444396973,-11.326995849609375,-0.006218433380126953,0.0,4005
15,23.436765670776367,0.6736278533935547,-11.363053321838379,-0.006234169006347656,0.0,4005
16,23.42271614074707,0.7078886032104492,-11.371162414550781,-0.006241559982299805,0.0,4004
17,23.415691375732422,0.5989372730255127,-11.335123062133789,-0.0062276520766317844,0.0,4004
18,23.426227569580078,0.5516409873962402,-11.322301864624023,-0.0062177181243896484,0.0,4004
19,23.432083129882812,0.6559967994689941,-11.357662200927734,-0.006230989936739206,0.0,4005
20,23.42505645751953,0.7164359092712402,-11.37412166595459,-0.0062404475174844265,0.0,4005
21,23.41686248779297,0.6204485893249512,-11.340970039367676,-0.006227890495210886,0.0,4004
22,23.433252334594727,0.5487442016601562,-11.321533203125,-0.006218513008207083,0.0,4004
23,23.44613265991211,0.6352543830871582,-11.353174209594727,-0.006227572914212942,0.0,4005
24,23.4426212310791,0.7174372673034668,-11.378449440002441,-0.00623949384316802,0.0,4005
25,23.42856788635254,0.6407618522644043,-11.351215362548828,-0.006232341285794973,0.0,4004
26,23.4309139251709,0.5495667457580566,-11.322668075561523,-0.006217320915311575,0.0,4004
27,23.437938690185547,0.6155848503112793,-11.346575736999512,-0.006224075797945261,0.0,4004
28,23.42856788635254,0.7145941257476807,-11.378449440002441,-0.006240367889404297,0.0,4005
29,23.42505645751953,0.6602883338928223,-11.357590675354004,-0.00623631477355957,0.0,4005
30,23.42505645751953,0.5536258220672607,-11.32206916809082,-0.006220261100679636,0.0,4005
31,23.427398681640625,0.5933761596679688,-11.339521408081055,-0.006222804542630911,0.0,4005
32,23.423885345458984,0.7050633430480957,-11.375347137451172,-0.0062383017502725124,0.0,4005
33,23.426227569580078,0.6804227828979492,-11.362740516662598,-0.006237506866455078,0.0,4004
34,23.423885345458984,0.5650699138641357,-11.325716972351074,-0.006222089286893606,0.0,4004
35,23.41920280456543,0.5772650241851807,-11.331931114196777,-0.006221612449735403,0.0,4004
36,23.420373916625977,0.6953001022338867,-11.369723320007324,-0.0062390961684286594,0.0,4005
37,23.41217613220215,0.6974279880523682,-11.367452621459961,-0.006242990493774414,0.0,4005
38,23.411006927490234,0.5795538425445557,-11.330410957336426,-0.006228288169950247,0.0,4005
39,23.41686248779297,0.5644440650939941,-11.328819274902344,-0.006223598960787058,0.0,4005
40,23.42505645751953,0.6799578666687012,-11.366995811462402,-0.006238540168851614,0.0,4005
41,23.423885345458984,0.7094264030456543,-11.373442649841309,-0.006244500633329153,0.0,4004
42,23.414520263671875,0.5987763404846191,-11.336785316467285,-0.0062311491928994656,0.0,4004
43,23.413349151611328,0.5559861660003662,-11.325716972351074,-0.006223201751708984,0.0,4004
44,23.413349151611328,0.6602883338928223,-11.361148834228516,-0.0062349638901650906,0.0,4005
45,23.42271614074707,0.7158279418945312,-11.376482009887695,-0.00624402379617095,0.0,4005
46,23.41920280456543,0.6170153617858887,-11.34217643737793,-0.006231546401977539,0.0,4005
47,23.420373916625977,0.5490481853485107,-11.32374095916748,-0.006221930030733347,0.0,4005
48,23.423885345458984,0.6383836269378662,-11.355998992919922,-0.0062329769134521484,0.0,4005
49,23.41686248779297,0.7175087928771973,-11.378762245178223,-0.0062442622147500515,0.0,4005
50,23.415691375732422,0.6353974342346191,-11.350303649902344,-0.006235917564481497,0.0,4004
51,23.415691375732422,0.5469918251037598,-11.323892593383789,-0.006222566124051809,0.0,4004
52,23.423885345458984,0.6180882453918457,-11.34916877746582,-0.006230354309082031,0.0,4004
53,23.426227569580078,0.7142186164855957,-11.37867259979248,-0.006243308540433645,0.0,4004
54,23.42974090576172,0.6560862064361572,-11.35675048828125,-0.006238540168851614,0.0,4005
55,23.418031692504883,0.5515694618225098,-11.322668075561523,-0.006224711891263723,0.0,4005
56,23.432083129882812,0.5969524383544922,-11.340290069580078,-0.006229241844266653,0.0,4004
57,23.41920280456543,0.7074236869812012,-11.374961853027344,-0.006244500633329153,0.0,4005
58,23.418031692504883,0.6755411624908447,-11.362668991088867,-0.00624394416809082,0.0,4005
59,23.41686248779297,0.5623877048492432,-11.326396942138672,-0.006228367332369089,0.0,4005
60,23.41686248779297,0.5804657936096191,-11.335346221923828,-0.0062290034256875515,0.0,4005
61,23.42271614074707,0.6975173950195312,-11.373066902160645,-0.006244102958589792,0.0,4005
62,23.42271614074707,0.6934046745300293,-11.369338989257812,-0.006244977470487356,0.0,4005
63,23.41920280456543,0.5765140056610107,-11.33245849609375,-0.0062306723557412624,0.0,4005
0,23.421545028686523,0.5669653415679932,-11.332234382629395,-0.006227175239473581,0.0,4005
1,23.427398681640625,0.6821751594543457,-11.370250701904297,-0.006241798400878906,0.0,4005
2,23.414520263671875,0.7062077522277832,-11.374282836914062,-0.006248315330594778,0.0,4005
3,23.423885345458984,0.5944311618804932,-11.337625503540039,-0.006234248634427786,0.0,4005
4,23.421545028686523,0.5572915077209473,-11.329132080078125,-0.006226301193237305,0.0,4005
5,23.42271614074707,0.6647944450378418,-11.365699768066406,-0.006238380912691355,0.0,4005
6,23.42271614074707,0.7162928581237793,-11.379745483398438,-0.006247043609619141,0.0,4005
7,23.4309139251709,0.6146550178527832,-11.345064163208008,-0.0062344870530068874,0.0,4004
8,23.420373916625977,0.5509436130523682,-11.327156066894531,-0.00622423505410552,0.0,4004
9,23.418031692504883,0.6461620330810547,-11.359638214111328,-0.006233771797269583,0.0,4004
10,23.41920280456543,0.7213175296783447,-11.381631851196289,-0.006245533470064402,0.0,4004
11,23.41686248779297,0.6366312503814697,-11.351966857910156,-0.006238540168851614,0.0,4005
12,23.413349151611328,0.5518555641174316,-11.326396942138672,-0.006226778030395508,0.0,4005
13,23.427398681640625,0.6254911422729492,-11.352422714233398,-0.006234804634004831,0.0,4005
14,23.433252334594727,0.7206380367279053,-11.380353927612305,-0.006249507423490286,0.0,4005
15,23.41920280456543,0.6582856178283691,-11.3573579788208,-0.006242831703275442,0.0,4005
16,23.427398681640625,0.5562901496887207,-11.325261116027832,-0.0062276520766317844,0.0,4005
17,23.42856788635254,0.6049633026123047,-11.344223976135254,-0.006232023239135742,0.0,4005
18,23.432083129882812,0.7117152214050293,-11.377626419067383,-0.006247520446777344,0.0,4005
19,23.421545028686523,0.6751656532287598,-11.363965034484863,-0.006244739051908255,0.0,4005
20,23.42271614074707,0.5629420280456543,-11.326924324035645,-0.006229957100003958,0.0,4005
21,23.427398681640625,0.5856692790985107,-11.337465286254883,-0.0062297978438436985,0.0,4005
22,23.4309139251709,0.7008612155914307,-11.374577522277832,-0.0062459311448037624,0.0,4005
23,23.41920280456543,0.6917059421539307,-11.368060111999512,-0.006247917655855417,0.0,4005
24,23.41686248779297,0.5755305290222168,-11.33095645904541,-0.006231387611478567,0.0,4005
25,23.41920280456543,0.5713999271392822,-11.333683013916016,-0.0062291622161865234,0.0,4005
26,23.418031692504883,0.6868958473205566,-11.37138557434082,-0.006244579795747995,0.0,4005
27,23.420373916625977,0.7054388523101807,-11.37405014038086,-0.006247917655855417,0.0,4005
28,23.41686248779297,0.5910873413085938,-11.337849617004395,-0.00623321533203125,0.0,4005
29,23.4309139251709,0.5602598190307617,-11.330500602722168,-0.006227016448974609,0.0,4004
30,23.41920280456543,0.6686747074127197,-11.366235733032227,-0.006240526679903269,0.0,4004
31,23.42271614074707,0.7145941257476807,-11.378377914428711,-0.00624839449301362,0.0,4004
32,23.421545028686523,0.6103098392486572,-11.344385147094727,-0.006235202308744192,0.0,4004
33,23.41686248779297,0.5511760711669922,-11.327997207641602,-0.006226301193237305,0.0,4005
34,23.4309139251709,0.6474673748016357,-11.361604690551758,-0.006236711982637644,0.0,4005
35,23.432083129882812,0.7189393043518066,-11.381721496582031,-0.0062480769120156765,0.0,4005
36,23.421545028686523,0.6306052207946777,-11.351055145263672,-0.006238222122192383,0.0,4005
37,23.418031692504883,0.5479037761688232,-11.325940132141113,-0.006226539611816406,0.0,4005
38,23.423885345458984,0.6281733512878418,-11.354247093200684,-0.006236155983060598,0.0,4005
39,23.42856788635254,0.7189393043518066,-11.381560325622559,-0.006249586585909128,0.0,4005
40,23.41920280456543,0.6522059440612793,-11.35675048828125,-0.006243149284273386,0.0,4005
41,23.423885345458984,0.5536258220672607,-11.327227592468262,-0.006228049751371145,0.0,4004
42,23.42856788635254,0.6081640720367432,-11.347871780395508,-0.00623456621542573,0.0,4004
43,23.42856788635254,0.7130742073059082,-11.380353927612305,-0.006249348167330027,0.0,4004
44,23.42505645751953,0.6695866584777832,-11.364788055419922,-0.006247043609619141,0.0,4004
45,23.40632438659668,0.5593478679656982,-11.330410957336426,-0.006232261657714844,0.0,4004
46,23.420373916625977,0.5877256393432617,-11.34188175201416,-0.006232182029634714,0.0,4004
47,23.4309139251709,0.7016301155090332,-11.379218101501465,-0.006247600074857473,0.0,4004
48,23.426227569580078,0.6868958473205566,-11.37138557434082,-0.006248315330594778,0.0,4005
49,23.42271614074707,0.5707919597625732,-11.335123062133789,-0.006232738494873047,0.0,4005
50,23.421545028686523,0.5713999271392822,-11.33883285522461,-0.0062311491928994656,0.0,4005
51,23.41920280456543,0.6882727146148682,-11.376714706420898,-0.006247600074857473,0.0,4005
52,23.41686248779297,0.7014155387878418,-11.378216743469238,-0.006251255515962839,0.0,4005
53,23.411006927490234,0.5858302116394043,-11.340200424194336,-0.006235996726900339,0.0,4005
54,23.427398681640625,0.5585074424743652,-11.334210395812988,-0.006230831146240234,0.0,4005
55,23.440277099609375,0.6696581840515137,-11.371546745300293,-0.00624402379617095,0.0,4005
56,23.437938690185547,0.7120013236999512,-11.38194465637207,-0.006252765655517578,0.0,4005
57,23.421545028686523,0.6055712699890137,-11.345752716064453,-0.006240129470825195,0.0,4005
58,23.41686248779297,0.5517125129699707,-11.330723762512207,-0.006231546401977539,0.0,4005
59,23.4309139251709,0.6512761116027832,-11.365324020385742,-0.006241718772798777,0.0,4005
60,23.433252334594727,0.7187962532043457,-11.384063720703125,-0.0062525272369384766,0.0,4005
61,23.42856788635254,0.6277799606323242,-11.352583885192871,-0.00624402379617095,0.0,4005
62,23.41920280456543,0.5504250526428223,-11.330267906188965,-0.0062319436110556126,0.0,4005
63,23.427398681640625,0.6318211555480957,-11.359182357788086,-0.006241559982299805,0.0,4005
0,23.42856788635254,0.7185816764831543,-11.385279655456543,-0.0062540373764932156,0.0,4005
1,23.421545028686523,0.6453394889831543,-11.359092712402344,-0.0062467255629599094,0.0,4005
2,23.420373916625977,0.5496561527252197,-11.329587936401367,-0.006232579704374075,0.0,4005
3,23.433252334594727,0.6108462810516357,-11.352655410766602,-0.0062387785874307156,0.0,4005
4,23.42974090576172,0.7144510746002197,-11.386576652526855,-0.00625300407409668,0.0,4004
5,23.427398681640625,0.6662249565124512,-11.367836952209473,-0.006249586585909128,0.0,4005
6,23.433252334594727,0.5571305751800537,-11.333683013916016,-0.006234804634004831,0.0,4004
7,23.435596466064453,0.5913913249969482,-11.348167419433594,-0.006236553192138672,0.0,4004
8,23.440277099609375,0.7041513919830322,-11.383313179016113,-0.0062510170973837376,0.0,4004
9,23.41920280456543,0.6843209266662598,-11.373138427734375,-0.0062516531907022,0.0,4005
10,23.4051513671875,0.5694866180419922,-11.338082313537598,-0.006237348075956106,0.0,4005
11,23.40632438659668,0.5765855312347412,-11.343929290771484,-0.00623631477355957,0.0,4005
12,23.414520263671875,0.6930112838745117,-11.382177352905273,-0.00625292444601655,0.0,4004
13,23.411006927490234,0.6999492645263672,-11.379968643188477,-0.006255785468965769,0.0,4004
14,23.40632438659668,0.5855977535247803,-11.342480659484863,-0.0062412419356405735,0.0,4004
15,23.413349151611328,0.5649089813232422,-11.33860969543457,-0.006235599517822266,0.0,4004
16,23.4309139251709,0.6762385368347168,-11.375347137451172,-0.006249666213989258,0.0,4004
17,23.42974090576172,0.7113218307495117,-11.383089065551758,-0.006257295608520508,0.0,4005
18,23.41217613220215,0.6036758422851562,-11.34611988067627,-0.006243626121431589,0.0,4005
19,23.413349151611328,0.5557537078857422,-11.33398723602295,-0.006235996726900339,0.0,4005
20,23.415691375732422,0.6579279899597168,-11.368659019470215,-0.0062487125396728516,0.0,4005
21,23.41920280456543,0.7191717624664307,-11.386638641357422,-0.00625745439901948,0.0,4005
22,23.413349151611328,0.6241858005523682,-11.354175567626953,-0.006246884819120169,0.0,4006
23,23.4051513671875,0.5524098873138428,-11.332091331481934,-0.006235440727323294,0.0,4005
24,23.42856788635254,0.6402075290679932,-11.36380386352539,-0.006244182586669922,0.0,4005
25,23.42271614074707,0.7239103317260742,-11.388463020324707,-0.006256739143282175,0.0,4005
26,23.40983772277832,0.6470739841461182,-11.36031723022461,-0.006249507423490286,0.0,4005
27,23.41686248779297,0.5546092987060547,-11.332162857055664,-0.006235837936401367,0.0,4005
28,23.41920280456543,0.6192326545715332,-11.356222152709961,-0.006243546959012747,0.0,4005
29,23.420373916625977,0.7187247276306152,-11.386505126953125,-0.006258487701416016,0.0,4005
30,23.41686248779297,0.6644010543823242,-11.367452621459961,-0.006253401283174753,0.0,4005
31,23.41686248779297,0.5588114261627197,-11.334138870239258,-0.00623774528503418,0.0,4005
32,23.421545028686523,0.5993306636810303,-11.35067081451416,-0.006242354866117239,0.0,4005
33,23.427398681640625,0.7097840309143066,-11.386192321777344,-0.00625745439901948,0.0,4005
34,23.41920280456543,0.6820321083068848,-11.373442649841309,-0.006256262306123972,0.0,4005
35,23.411006927490234,0.5679666996002197,-11.336419105529785,-0.0062406063079833984,0.0,4004
36,23.41217613220215,0.5815386772155762,-11.344608306884766,-0.006239732261747122,0.0,4005
37,23.41686248779297,0.6978213787078857,-11.382320404052734,-0.006254673004150391,0.0,4005
38,23.41686248779297,0.6989657878875732,-11.379968643188477,-0.006257931236177683,0.0,4005
39,23.42271614074707,0.5840599536895752,-11.342561721801758,-0.0062427520751953125,0.0,4005
40,23.423885345458984,0.5685746669769287,-11.342409133911133,-0.006236711982637644,0.0,4005
41,23.42271614074707,0.6828725337982178,-11.380496978759766,-0.006251732353121042,0.0,4005
42,23.421545028686523,0.7122337818145752,-11.385279655456543,-0.006259044166654348,0.0,4005
43,23.40983772277832,0.5990087985992432,-11.347871780395508,-0.006244818214327097,0.0,4005
44,23.414520263671875,0.5555212497711182,-11.336329460144043,-0.006236235145479441,0.0,4005
45,23.42505645751953,0.6605744361877441,-11.372386932373047,-0.006248632911592722,0.0,4005
46,23.415691375732422,0.7151484489440918,-11.387094497680664,-0.0062581696547567844,0.0,4005
47,23.40983772277832,0.6168007850646973,-11.353558540344238,-0.006247440818697214,0.0,4004
48,23.414520263671875,0.5511760711669922,-11.335650444030762,-0.006236711982637644,0.0,4005
49,23.433252334594727,0.6413519382476807,-11.366764068603516,-0.006247361656278372,0.0,4005
50,23.42856788635254,0.7194042205810547,-11.388694763183594,-0.006258487701416016,0.0,4005
51,23.40866470336914,0.6371676921844482,-11.360844612121582,-0.006249586585909128,0.0,4005
52,23.418031692504883,0.5500316619873047,-11.334138870239258,-0.006236473564058542,0.0,4006
53,23.433252334594727,0.6209850311279297,-11.359253883361816,-0.006244500633329153,0.0,4005
54,23.41686248779297,0.7162034511566162,-11.389151573181152,-0.00625745439901948,0.0,4005
55,23.413349151611328,0.6569981575012207,-11.367219924926758,-0.006251414772123098,0.0,4005
56,23.4051513671875,0.5512654781341553,-11.335193634033203,-0.006236711982637644,0.0,4005
57,23.421545028686523,0.5965769290924072,-11.353174209594727,-0.0062395730055868626,0.0,4005
58,23.42856788635254,0.7069766521453857,-11.386415481567383,-0.006254911422729492,0.0,4005
59,23.42271614074707,0.6756842136383057,-11.372682571411133,-0.006253401283174753,0.0,4005
60,23.421545028686523,0.5637645721435547,-11.336186408996582,-0.006238380912691355,0.0,4005
61,23.42271614074707,0.5818426609039307,-11.344841003417969,-0.0062390961684286594,0.0,4005
62,23.434425354003906,0.6969809532165527,-11.381864547729492,-0.006253162864595652,0.0,4005
63,23.42271614074707,0.6922602653503418,-11.376401901245117,-0.006254434585571289,0.0,4005
0,23.411006927490234,0.5760490894317627,-11.338233947753906,-0.006239811424165964,0.0,4005
1,23.423885345458984,0.5675196647644043,-11.338376998901367,-0.006237109657377005,0.0,4005
2,23.427398681640625,0.6811022758483887,-11.376482009887695,-0.006251255515962839,0.0,4005
3,23.42271614074707,0.7030069828033447,-11.376482009887695,-0.006258090492337942,0.0,4005
4,23.41920280456543,0.5918383598327637,-11.339744567871094,-0.006245136260986328,0.0,4005
5,23.41920280456543,0.5564332008361816,-11.337921142578125,-0.006236950401216745,0.0,4005
6,23.435596466064453,0.6633281707763672,-11.371475219726562,-0.006251096725463867,0.0,4006
7,23.435596466064453,0.7134497165679932,-11.384296417236328,-0.006259441375732422,0.0,4005
8,23.42505645751953,0.6112217903137207,-11.350375175476074,-0.006246805191040039,0.0,4006
9,23.41686248779297,0.5488872528076172,-11.332842826843262,-0.006237109657377005,0.0,4005
10,23.4309139251709,0.6434082984924316,-11.364189147949219,-0.006247838493436575,0.0,4005
11,23.4309139251709,0.7172048091888428,-11.38595962524414,-0.006260792259126902,0.0,4005
12,23.4309139251709,0.6318211555480957,-11.354997634887695,-0.006251096725463867,0.0,4005
13,23.421545028686523,0.5491197109222412,-11.330572128295898,-0.006239017006009817,0.0,4005
14,23.423885345458984,0.6239533424377441,-11.356222152709961,-0.006247282028198242,0.0,4005
15,23.41920280456543,0.7178843021392822,-11.383313179016113,-0.0062616667710244656,0.0,4005
16,23.41920280456543,0.6547808647155762,-11.360237121582031,-0.006255308631807566,0.0,4005
17,23.413349151611328,0.5533933639526367,-11.330410957336426,-0.00624076509848237,0.0,4005
18,23.40632438659668,0.6049633026123047,-11.3505277633667,-0.006245692726224661,0.0,4005
19,23.426227569580078,0.7117867469787598,-11.383232116699219,-0.006260951515287161,0.0,4005
20,23.413349151611328,0.6714999675750732,-11.366692543029785,-0.006259838584810495,0.0,4005
21,23.420373916625977,0.5600988864898682,-11.330643653869629,-0.006245454307645559,0.0,4004
22,23.42856788635254,0.5842924118041992,-11.342337608337402,-0.006246884819120169,0.0,4004
23,23.41686248779297,0.6965160369873047,-11.378145217895508,-0.0062619843520224094,0.0,4005
24,23.4051513671875,0.6850719451904297,-11.371252059936523,-0.006264527793973684,0.0,4005
25,23.403982162475586,0.5685031414031982,-11.333298683166504,-0.006249666213989258,0.0,4005
26,23.418031692504883,0.5662143230438232,-11.3355073928833,-0.006245692726224661,0.0,4005
27,23.421545028686523,0.6824791431427002,-11.37382698059082,-0.006261507514864206,0.0,4004
28,23.411006927490234,0.7001817226409912,-11.376169204711914,-0.006267388816922903,0.0,4004
29,23.41217613220215,0.5868852138519287,-11.33860969543457,-0.0062526860274374485,0.0,4004
30,23.411006927490234,0.5556821823120117,-11.332091331481934,-0.006245851516723633,0.0,4004
31,23.41686248779297,0.6653845310211182,-11.36888313293457,-0.006259600166231394,0.0,4004
32,23.41686248779297,0.7117867469787598,-11.381032943725586,-0.006267547607421875,0.0,4005
33,23.403982162475586,0.6064295768737793,-11.345592498779297,-0.006255388259887695,0.0,4005
34,23.40866470336914,0.5488157272338867,-11.329427719116211,-0.006245136260986328,0.0,4004
35,23.41920280456543,0.6450176239013672,-11.362820625305176,-0.006256262306123972,0.0,4004
36,23.42505645751953,0.7133781909942627,-11.382776260375977,-0.0062669119797647,0.0,4004
37,23.426227569580078,0.6259560585021973,-11.351672172546387,-0.006256103515625,0.0,4004
38,23.40866470336914,0.5465269088745117,-11.32754135131836,-0.0062459311448037624,0.0,4005
39,23.41920280456543,0.6260275840759277,-11.355453491210938,-0.0062557063065469265,0.0,4005
40,23.413349151611328,0.7158994674682617,-11.381864547729492,-0.006269852165132761,0.0,4005
41,23.41686248779297,0.6465554237365723,-11.356973648071289,-0.006262222770601511,0.0,4004
42,23.42505645751953,0.5488157272338867,-11.327227592468262,-0.0062482357025146484,0.0,4004
43,23.415691375732422,0.6064295768737793,-11.349990844726562,-0.0062540373764932156,0.0,4004
44,23.413349151611328,0.7117867469787598,-11.38194465637207,-0.006270170211791992,0.0,4005
45,23.414520263671875,0.6674408912658691,-11.365324020385742,-0.006267547607421875,0.0,4005
46,23.413349151611328,0.5567550659179688,-11.33095645904541,-0.00625300407409668,0.0,4005
47,23.42271614074707,0.5884766578674316,-11.344223976135254,-0.006255626678466797,0.0,4005
48,23.411006927490234,0.7020056247711182,-11.379898071289062,-0.00627128267660737,0.0,4005
49,23.407495498657227,0.6850004196166992,-11.37101936340332,-0.0062711238861083984,0.0,4004
50,23.396953582763672,0.5691111087799072,-11.333826065063477,-0.0062558650970458984,0.0,4004
51,23.414520263671875,0.5717039108276367,-11.337393760681152,-0.006255626678466797,0.0,4005
52,23.41217613220215,0.6876826286315918,-11.374801635742188,-0.006270567420870066,0.0,4005
53,23.40983772277832,0.6995737552642822,-11.375802993774414,-0.00627446174621582,0.0,4004
54,23.40632438659668,0.5847573280334473,-11.337098121643066,-0.006259361747652292,0.0,4004
55,23.41217613220215,0.5579710006713867,-11.330795288085938,-0.00625292444601655,0.0,4004
56,23.418031692504883,0.6686747074127197,-11.369267463684082,-0.006265878677368164,0.0,4004
57,23.41920280456543,0.7079601287841797,-11.378985404968262,-0.0062739052809774876,0.0,4004
58,23.415691375732422,0.6029069423675537,-11.342561721801758,-0.006260792259126902,0.0,4004
59,23.413349151611328,0.5514979362487793,-11.327156066894531,-0.006251811981201172,0.0,4004
60,23.41217613220215,0.6518125534057617,-11.361461639404297,-0.006263097282499075,0.0,4005
61,23.420373916625977,0.7167398929595947,-11.379898071289062,-0.00627454137429595,0.0,4005
62,23.4051513671875,0.6242752075195312,-11.34825611114502,-0.0062641301192343235,0.0,4005
63,23.41686248779297,0.5484223365783691,-11.327451705932617,-0.006252606865018606,0.0,4004
0,23.42271614074707,0.6314456462860107,-11.355766296386719,-0.006263256072998047,0.0,4004
1,23.407495498657227,0.7174372673034668,-11.380720138549805,-0.0062772431410849094,0.0,4004
2,23.402812957763672,0.6441056728363037,-11.35554313659668,-0.006269136909395456,0.0,4005
3,23.41217613220215,0.5485117435455322,-11.326083183288574,-0.006255467887967825,0.0,4005
4,23.414520263671875,0.6086289882659912,-11.34839916229248,-0.006262620445340872,0.0,4005
5,23.42505645751953,0.7104098796844482,-11.379584312438965,-0.006277163978666067,0.0,4004
6,23.415691375732422,0.6614327430725098,-11.360621452331543,-0.00627128267660737,0.0,4004
7,23.413349151611328,0.5539298057556152,-11.325627326965332,-0.006257215980440378,0.0,4004
8,23.420373916625977,0.5888700485229492,-11.340657234191895,-0.006259600166231394,0.0,4004
9,23.414520263671875,0.7018625736236572,-11.37685775756836,-0.006274143699556589,0.0,4005
10,23.41686248779297,0.6796717643737793,-11.36661148071289,-0.006273508071899414,0.0,4005
11,23.418031692504883,0.5639255046844482,-11.329427719116211,-0.0062578520737588406,0.0,4005
12,23.42856788635254,0.5733132362365723,-11.33573055267334,-0.0062558650970458984,0.0,4004
13,23.427398681640625,0.6895780563354492,-11.374211311340332,-0.006271203514188528,0.0,4004
14,23.421545028686523,0.6936907768249512,-11.372682571411133,-0.006273587699979544,0.0,4004
15,23.41686248779297,0.5781769752502441,-11.333683013916016,-0.006259441375732422,0.0,4004
16,23.423885345458984,0.5572199821472168,-11.329275131225586,-0.006253639701753855,0.0,4005
17,23.43910789489746,0.6709635257720947,-11.367380142211914,-0.006267547607421875,0.0,4005
18,23.415691375732422,0.7033824920654297,-11.373665809631348,-0.006275971885770559,0.0,4005
19,23.41686248779297,0.5945205688476562,-11.336034774780273,-0.006263891700655222,0.0,4004
20,23.418031692504883,0.5462229251861572,-11.324715614318848,-0.006256818771362305,0.0,4004
21,23.41920280456543,0.6480753421783447,-11.36009407043457,-0.006269136909395456,0.0,4004
22,23.420373916625977,0.7074236869812012,-11.376625061035156,-0.006278514862060547,0.0,4005
23,23.41920280456543,0.6132960319519043,-11.343473434448242,-0.0062679448164999485,0.0,4005
24,23.413349151611328,0.5411982536315918,-11.322900772094727,-0.00625618314370513,0.0,4004
25,23.427398681640625,0.6269395351409912,-11.353334426879883,-0.006266037467867136,0.0,4004
26,23.433252334594727,0.7096409797668457,-11.375946044921875,-0.006277879234403372,0.0,4004
27,23.426227569580078,0.6320536136627197,-11.348167419433594,-0.0062700905837118626,0.0,4005
28,23.426227569580078,0.5405008792877197,-11.319798469543457,-0.006257692817598581,0.0,4005
29,23.4309139251709,0.6056427955627441,-11.343839645385742,-0.0062650046311318874,0.0,4005
30,23.42271614074707,0.7053673267364502,-11.373978614807129,-0.006279706954956055,0.0,4005
31,23.423885345458984,0.6519734859466553,-11.353405952453613,-0.006276130676269531,0.0,4005
32,23.427398681640625,0.5447745323181152,-11.32032585144043,-0.006260792259126902,0.0,4005
33,23.427398681640625,0.5842924118041992,-11.335963249206543,-0.006264050956815481,0.0,4005
34,23.42974090576172,0.6945490837097168,-11.37041187286377,-0.006280183792114258,0.0,4005
35,23.427398681640625,0.6672978401184082,-11.358118057250977,-0.006278435233980417,0.0,4005
36,23.411006927490234,0.5530893802642822,-11.319798469543457,-0.006263574119657278,0.0,4004
37,23.420373916625977,0.5643725395202637,-11.325860023498535,-0.006264289375394583,0.0,4005
38,23.437938690185547,0.6793498992919922,-11.363965034484863,-0.00628209114074707,0.0,4005
39,23.42271614074707,0.6804943084716797,-11.360549926757812,-0.006284157279878855,0.0,4005
40,23.403982162475586,0.5638539791107178,-11.32032585144043,-0.006268898490816355,0.0,4005
41,23.413349151611328,0.5497276782989502,-11.319252967834473,-0.006265560630708933,0.0,4005
42,23.42505645751953,0.6633281707763672,-11.358118057250977,-0.006281217094510794,0.0,4005
43,23.42271614074707,0.6925463676452637,-11.362597465515137,-0.006287733558565378,0.0,4004
44,23.423885345458984,0.5822360515594482,-11.322829246520996,-0.0062731108628213406,0.0,4004
45,23.434425354003906,0.5396604537963867,-11.312127113342285,-0.006265719886869192,0.0,4004
46,23.421545028686523,0.6439626216888428,-11.347487449645996,-0.00627907132729888,0.0,4004
47,23.4309139251709,0.7003426551818848,-11.361228942871094,-0.006287654396146536,0.0,4004
48,23.42856788635254,0.6024420261383057,-11.326011657714844,-0.006275653839111328,0.0,4004
49,23.423885345458984,0.5346179008483887,-11.305912971496582,-0.006266117095947266,0.0,4004
50,23.436765670776367,0.6257951259613037,-11.336329460144043,-0.006277163978666067,0.0,4005
51,23.434425354003906,0.7032394409179688,-11.358118057250977,-0.006290356162935495,0.0,4005
52,23.41686248779297,0.6222188472747803,-11.328130722045898,-0.006281614303588867,0.0,4005
53,23.42505645751953,0.5336344242095947,-11.300897598266602,-0.006268898490816355,0.0,4004
54,23.427398681640625,0.6044268608093262,-11.325484275817871,-0.006278356071561575,0.0,4004
55,23.434425354003906,0.6996452808380127,-11.353405952453613,-0.006292025092989206,0.0,4004
56,23.436765670776367,0.6386876106262207,-11.331635475158691,-0.0062862238846719265,0.0,4005
57,23.42856788635254,0.5343317985534668,-11.29748249053955,-0.006272554397583008,0.0,4005
58,23.42856788635254,0.5788028240203857,-11.315470695495605,-0.006276289466768503,0.0,4005
59,23.42505645751953,0.6857514381408691,-11.34924030303955,-0.0062923431396484375,0.0,4005
60,23.41686248779297,0.6530284881591797,-11.335963249206543,-0.006292104721069336,0.0,4005
61,23.418031692504883,0.5405008792877197,-11.298626899719238,-0.006276766303926706,0.0,4005
62,23.42271614074707,0.5603313446044922,-11.30695915222168,-0.006277322769165039,0.0,4004
63,23.41920280456543,0.6769895553588867,-11.344223976135254,-0.006293614860624075,0.0,4004
0,23.414520263671875,0.6718754768371582,-11.339905738830566,-0.006295204162597656,0.0,4004
1,23.432083129882812,0.5560755729675293,-11.302640914916992,-0.006281614303588867,0.0,4004
2,23.434425354003906,0.5466878414154053,-11.30332088470459,-0.006277879234403372,0.0,4004
3,23.441450119018555,0.6615757942199707,-11.340129852294922,-0.006293138023465872,0.0,4004
4,23.435596466064453,0.6861448287963867,-11.34188175201416,-0.006300449371337891,0.0,4004
5,23.426227569580078,0.5737602710723877,-11.302864074707031,-0.0062868595123291016,0.0,4005
6,23.427398681640625,0.5356907844543457,-11.293307304382324,-0.006283601280301809,0.0,4005
7,23.42856788635254,0.6425857543945312,-11.329275131225586,-0.0062967934645712376,0.0,4005
8,23.4426212310791,0.6917059421539307,-11.341425895690918,-0.006305376533418894,0.0,4004
9,23.453157424926758,0.5891740322113037,-11.306137084960938,-0.006293932441622019,0.0,4004
10,23.434425354003906,0.5259990692138672,-11.288290977478027,-0.006284952163696289,0.0,4004
11,23.433252334594727,0.6193757057189941,-11.320710182189941,-0.006296555045992136,0.0,4004
12,23.434425354003906,0.6923317909240723,-11.340424537658691,-0.006310462951660156,0.0,4004
13,23.41920280456543,0.6061971187591553,-11.310535430908203,-0.006303310394287109,0.0,4004
14,23.42505645751953,0.5208134651184082,-11.283829689025879,-0.006292422767728567,0.0,4005
15,23.443790435791016,0.5954325199127197,-11.308640480041504,-0.006301164627075195,0.0,4005
16,23.437938690185547,0.6868958473205566,-11.336785316467285,-0.006315628532320261,0.0,4005
17,23.42271614074707,0.6213784217834473,-11.312654495239258,-0.006309827324002981,0.0,4005
18,23.42856788635254,0.5183815956115723,-11.279047012329102,-0.0062963166274130344,0.0,4005
19,23.441450119018555,0.5671262741088867,-11.29748249053955,-0.006300290580838919,0.0,4005
20,23.4426212310791,0.6738603115081787,-11.329955101013184,-0.006315469741821289,0.0,4005
21,23.4309139251709,0.6341099739074707,-11.313494682312012,-0.0063130855560302734,0.0,4005
22,23.42856788635254,0.5213499069213867,-11.27668571472168,-0.006299018859863281,0.0,4005
23,23.441450119018555,0.5453824996948242,-11.285787582397461,-0.006299734115600586,0.0,4005
24,23.444963455200195,0.6587505340576172,-11.321309089660645,-0.0063153901137411594,0.0,4005
25,23.42505645751953,0.6478428840637207,-11.315470695495605,-0.00631721829995513,0.0,4005
26,23.41686248779297,0.5321860313415527,-11.277678489685059,-0.006302674766629934,0.0,4005
27,23.42505645751953,0.5282163619995117,-11.279413223266602,-0.0062999725341796875,0.0,4005
28,23.437938690185547,0.6436407566070557,-11.316749572753906,-0.006314118858426809,0.0,4005
29,23.441450119018555,0.6602168083190918,-11.319414138793945,-0.006319443229585886,0.0,4004
30,23.440277099609375,0.5463659763336182,-11.280637741088867,-0.006304740905761719,0.0,4005
31,23.440277099609375,0.5153238773345947,-11.272358894348145,-0.00629878044128418,0.0,4005
32,23.436765670776367,0.6240427494049072,-11.310463905334473,-0.006314674858003855,0.0,4005
33,23.4309139251709,0.6684422492980957,-11.322444915771484,-0.006323894020169973,0.0,4005
34,23.415691375732422,0.5643010139465332,-11.285564422607422,-0.006311098579317331,0.0,4006
35,23.42271614074707,0.5049347877502441,-11.269622802734375,-0.006302436348050833,0.0,4005
36,23.436765670776367,0.6034433841705322,-11.303472518920898,-0.006315549369901419,0.0,4005
37,23.436765670776367,0.6735563278198242,-11.322444915771484,-0.0063250064849853516,0.0,4005
38,23.43910789489746,0.5837559700012207,-11.292019844055176,-0.006315628532320261,0.0,4005
39,23.4309139251709,0.5025029182434082,-11.267736434936523,-0.006304899696260691,0.0,4005
40,23.434425354003906,0.5816102027893066,-11.296802520751953,-0.006313642021268606,0.0,4005
41,23.4309139251709,0.6705164909362793,-11.324581146240234,-0.006326913833618164,0.0,4005
42,23.42974090576172,0.6021380424499512,-11.300817489624023,-0.006319999694824219,0.0,4005
43,23.42856788635254,0.5033433437347412,-11.270391464233398,-0.006306807044893503,0.0,4005
44,23.427398681640625,0.5593478679656982,-11.291178703308105,-0.006312211509793997,0.0,4005
45,23.42505645751953,0.6657779216766357,-11.32517147064209,-0.0063265166245400906,0.0,4005
46,23.4309139251709,0.6211459636688232,-11.308032035827637,-0.0063230195082724094,0.0,4005
47,23.42505645751953,0.5103707313537598,-11.27365493774414,-0.006306727882474661,0.0,4005
48,23.4309139251709,0.5415558815002441,-11.286699295043945,-0.006307204719632864,0.0,4005
49,23.4309139251709,0.6554782390594482,-11.322301864624023,-0.0063215889967978,0.0,4005
50,23.423885345458984,0.6394565105438232,-11.312967300415039,-0.006321827415376902,0.0,4005
51,23.42856788635254,0.5248546600341797,-11.278277397155762,-0.006306171417236328,0.0,4005
52,23.434425354003906,0.5282163619995117,-11.283740043640137,-0.006303707603365183,0.0,4006
53,23.444963455200195,0.6449460983276367,-11.322301864624023,-0.006317933555692434,0.0,4005
54,23.42271614074707,0.6567835807800293,-11.322444915771484,-0.006320794578641653,0.0,4005
55,23.421545028686523,0.5424141883850098,-11.284285545349121,-0.006305376533418894,0.0,4005
56,23.433252334594727,0.5168437957763672,-11.27895736694336,-0.006299495697021484,0.0,4005
57,23.448474884033203,0.6296753883361816,-11.31698226928711,-0.00631403923034668,0.0,4005
58,23.443790435791016,0.6708741188049316,-11.326995849609375,-0.006320079322904348,0.0,4005
59,23.433252334594727,0.5641579627990723,-11.291482925415039,-0.006306727882474661,0.0,4005
60,23.433252334594727,0.5114436149597168,-11.278661727905273,-0.0062978267669677734,0.0,4005
61,23.441450119018555,0.6121516227722168,-11.312421798706055,-0.006308635231107473,0.0,4005
62,23.436765670776367,0.6775975227355957,-11.330866813659668,-0.006317774299532175,0.0,4005
63,23.42856788635254,0.5842924118041992,-11.300674438476562,-0.006307283882051706,0.0,4005
0,23.42856788635254,0.5069375038146973,-11.280030250549316,-0.006296714302152395,0.0,4005
1,23.42856788635254,0.5893349647521973,-11.308783531188965,-0.0063054561614990234,0.0,4005
2,23.437938690185547,0.6760776042938232,-11.332162857055664,-0.0063173770904541016,0.0,4005
3,23.43910789489746,0.6042122840881348,-11.307191848754883,-0.0063097476959228516,0.0,4005
4,23.432083129882812,0.5097448825836182,-11.28087043762207,-0.006296555045992136,0.0,4005
5,23.43910789489746,0.5710959434509277,-11.304232597351074,-0.00630180025473237,0.0,4005
6,23.448474884033203,0.6740927696228027,-11.3358736038208,-0.006316184997558594,0.0,4005
7,23.420373916625977,0.6257236003875732,-11.316526412963867,-0.006310462951660156,0.0,4005
8,23.426227569580078,0.5180776119232178,-11.28207778930664,-0.006295760627835989,0.0,4005
9,23.436765670776367,0.5559861660003662,-11.29930591583252,-0.006298542022705078,0.0,4005
10,23.436765670776367,0.6692826747894287,-11.334890365600586,-0.006312767509371042,0.0,4005
11,23.426227569580078,0.6459295749664307,-11.324492454528809,-0.006311336997896433,0.0,4005
12,23.434425354003906,0.5291998386383057,-11.287013053894043,-0.006295760627835989,0.0,4005
13,23.43910789489746,0.5385160446166992,-11.293986320495605,-0.006295442581176758,0.0,4005
14,23.440277099609375,0.6566226482391357,-11.333602905273438,-0.006311813835054636,0.0,4005
15,23.426227569580078,0.6635606288909912,-11.332091331481934,-0.006314754486083984,0.0,4005
16,23.42271614074707,0.5489766597747803,-11.293753623962402,-0.0063001313246786594,0.0,4005
17,23.440277099609375,0.5311131477355957,-11.292162895202637,-0.006296396255493164,0.0,4005
18,23.444963455200195,0.6431937217712402,-11.329730987548828,-0.006310224533081055,0.0,4005
19,23.440277099609375,0.6765246391296387,-11.336874961853027,-0.006317774299532175,0.0,4005
20,23.4309139251709,0.5691111087799072,-11.30044174194336,-0.006304343696683645,0.0,4005
21,23.427398681640625,0.5224943161010742,-11.28738784790039,-0.0062967934645712376,0.0,4005
22,23.444963455200195,0.6250977516174316,-11.322596549987793,-0.006309032440185547,0.0,4005
23,23.44613265991211,0.6839275360107422,-11.340424537658691,-0.006318330764770508,0.0,4005
24,23.435596466064453,0.5877256393432617,-11.307271957397461,-0.006307840347290039,0.0,4005
25,23.42856788635254,0.5182206630706787,-11.287156105041504,-0.006296714302152395,0.0,4004
26,23.433252334594727,0.6071805953979492,-11.317438125610352,-0.006306648254394531,0.0,4005
27,23.432083129882812,0.6887376308441162,-11.341425895690918,-0.006318727973848581,0.0,4005
28,23.42856788635254,0.6127417087554932,-11.316069602966309,-0.006311098579317331,0.0,4005
29,23.43910789489746,0.5236387252807617,-11.290348052978516,-0.006297111511230469,0.0,4005
30,23.434425354003906,0.5897819995880127,-11.315926551818848,-0.006302913185209036,0.0,4005
31,23.435596466064453,0.6892740726470947,-11.347183227539062,-0.00631578778848052,0.0,4006
32,23.436765670776367,0.6365418434143066,-11.326539993286133,-0.0063099064864218235,0.0,4005
33,23.426227569580078,0.5319535732269287,-11.295211791992188,-0.006295839790254831,0.0,4005
34,23.435596466064453,0.5742967128753662,-11.312582969665527,-0.006300052162259817,0.0,4005
35,23.440277099609375,0.6853044033050537,-11.347711563110352,-0.006315628532320261,0.0,4005
36,23.434425354003906,0.6576061248779297,-11.336329460144043,-0.006314834114164114,0.0,4005
37,23.433252334594727,0.5441665649414062,-11.30218505859375,-0.006298542022705078,0.0,4005
38,23.4426212310791,0.5597233772277832,-11.310606956481934,-0.0062978267669677734,0.0,4005
39,23.451988220214844,0.6750941276550293,-11.347344398498535,-0.0063130855560302734,0.0,4005
40,23.436765670776367,0.6735563278198242,-11.342409133911133,-0.0063153901137411594,0.0,4005
41,23.421545028686523,0.5584359169006348,-11.30552864074707,-0.006300926208496094,0.0,4005
42,23.42974090576172,0.5461335182189941,-11.305368423461914,-0.0062961578369140625,0.0,4005
43,23.44613265991211,0.6602168083190918,-11.344000816345215,-0.006310065742582083,0.0,4005
44,23.443790435791016,0.6883621215820312,-11.35067081451416,-0.00631721829995513,0.0,4005
45,23.432083129882812,0.5780339241027832,-11.316150665283203,-0.006302674766629934,0.0,4005
46,23.427398681640625,0.5391240119934082,-11.30688762664795,-0.006293455604463816,0.0,4004
47,23.443790435791016,0.6471633911132812,-11.344679832458496,-0.006305774208158255,0.0,4005
48,23.440277099609375,0.7012546062469482,-11.359709739685059,-0.006315469741821289,0.0,4005
49,23.434425354003906,0.6026744842529297,-11.326467514038086,-0.006304105278104544,0.0,4005
50,23.42856788635254,0.5361557006835938,-11.308032035827637,-0.006292104721069336,0.0,4005
51,23.448474884033203,0.6274759769439697,-11.33914566040039,-0.0063021183013916016,0.0,4005
52,23.436765670776367,0.7041513919830322,-11.360773086547852,-0.00631395960226655,0.0,4005
53,23.4309139251709,0.6235957145690918,-11.332548141479492,-0.0063059329986572266,0.0,4005
54,23.436765670776367,0.5375325679779053,-11.309167861938477,-0.006292819976806641,0.0,4005
55,23.448474884033203,0.6093084812164307,-11.334818840026855,-0.0062999725341796875,0.0,4006
56,23.448474884033203,0.7056713104248047,-11.363733291625977,-0.006314436439424753,0.0,4005
57,23.440277099609375,0.6465554237365723,-11.341720581054688,-0.006309350486844778,0.0,4004
58,23.433252334594727,0.5449891090393066,-11.312198638916016,-0.006293932441622019,0.0,4005
59,23.440277099609375,0.5952000617980957,-11.332162857055664,-0.006297985557466745,0.0,4005
60,23.427398681640625,0.7059931755065918,-11.367219924926758,-0.006311655044555664,0.0,4005
61,23.420373916625977,0.6717324256896973,-11.35280704498291,-0.006308635231107473,0.0,4005
62,23.426227569580078,0.5594193935394287,-11.31751823425293,-0.0062929787673056126,0.0,4005
63,23.433252334594727,0.5801081657409668,-11.328291893005371,-0.0062940120697021484,0.0,4005
0,23.444963455200195,0.6949067115783691,-11.36646842956543,-0.006310621742159128,0.0,4005
1,23.441450119018555,0.6893455982208252,-11.361148834228516,-0.0063107809983193874,0.0,4005
2,23.434425354003906,0.5743861198425293,-11.323812484741211,-0.006295045372098684,0.0,4005
3,23.43910789489746,0.5672872066497803,-11.326011657714844,-0.006291548255831003,0.0,4005
4,23.4426212310791,0.6827116012573242,-11.364036560058594,-0.006306012626737356,0.0,4005
5,23.436765670776367,0.7049202919006348,-11.3695707321167,-0.006308794021606445,0.0,4005
6,23.43910789489746,0.5932867527008057,-11.332691192626953,-0.006294965744018555,0.0,4005
7,23.44613265991211,0.5587220191955566,-11.324196815490723,-0.006288290023803711,0.0,4005
8,23.436765670776367,0.6679058074951172,-11.36130142211914,-0.006303310394287109,0.0,4005
9,23.4309139251709,0.7175087928771973,-11.374658584594727,-0.0063137211836874485,0.0,4005
10,23.427398681640625,0.6140470504760742,-11.341264724731445,-0.0063014826737344265,0.0,4005
11,23.437938690185547,0.5529999732971191,-11.325555801391602,-0.006291627883911133,0.0,4006
12,23.4426212310791,0.6489157676696777,-11.357885360717773,-0.006304582115262747,0.0,4005
13,23.43910789489746,0.7227659225463867,-11.3779935836792,-0.006316423416137695,0.0,4005
14,23.433252334594727,0.6364703178405762,-11.349686622619629,-0.0063054561614990234,0.0,4005
15,23.440277099609375,0.5541443824768066,-11.32768440246582,-0.00629417086020112,0.0,4005
16,23.441450119018555,0.6322860717773438,-11.353405952453613,-0.0063018798828125,0.0,4005
17,23.451988220214844,0.7239818572998047,-11.381032943725586,-0.006315549369901419,0.0,4005
18,23.433252334594727,0.6587505340576172,-11.357429504394531,-0.0063099064864218235,0.0,4005
19,23.436765670776367,0.5584359169006348,-11.32677173614502,-0.00629734992980957,0.0,4005
20,23.44613265991211,0.6122231483459473,-11.348855972290039,-0.006301721092313528,0.0,4005
21,23.444963455200195,0.7191002368927002,-11.383160591125488,-0.00631578778848052,0.0,4005
22,23.42505645751953,0.6790459156036377,-11.367219924926758,-0.006312211509793997,0.0,4005
23,23.42856788635254,0.5681991577148438,-11.331474304199219,-0.00629417086020112,0.0,4004
24,23.443790435791016,0.5971133708953857,-11.344223976135254,-0.0062940120697021484,0.0,4005
25,23.43910789489746,0.7113933563232422,-11.382400512695312,-0.0063074431382119656,0.0,4005
26,23.440277099609375,0.6985723972320557,-11.376169204711914,-0.006308635231107473,0.0,4005
27,23.42974090576172,0.5826115608215332,-11.338761329650879,-0.006293058395385742,0.0,4005
28,23.434425354003906,0.5814671516418457,-11.341113090515137,-0.00628980016335845,0.0,4005
29,23.44613265991211,0.6973564624786377,-11.378833770751953,-0.006304105278104544,0.0,4005
30,23.4426212310791,0.7142186164855957,-11.379968643188477,-0.0063092708587646484,0.0,4005
31,23.44730567932129,0.5988657474517822,-11.34195327758789,-0.0062938532792031765,0.0,4005
32,23.444963455200195,0.5694866180419922,-11.337098121643066,-0.006288846489042044,0.0,4005
33,23.44964599609375,0.6821036338806152,-11.374282836914062,-0.006303866859525442,0.0,4005
34,23.44613265991211,0.7250547409057617,-11.385208129882812,-0.006310224533081055,0.0,4006
35,23.433252334594727,0.6189286708831787,-11.350902557373047,-0.006297747138887644,0.0,4005
36,23.440277099609375,0.5626201629638672,-11.337018013000488,-0.006288210395723581,0.0,4005
37,23.453157424926758,0.6622731685638428,-11.371931076049805,-0.006300767417997122,0.0,4005
38,23.440277099609375,0.7298648357391357,-11.39203929901123,-0.006311734672635794,0.0,4004
39,23.4309139251709,0.6397604942321777,-11.360916137695312,-0.0063022770918905735,0.0,4004
40,23.42974090576172,0.5621552467346191,-11.339834213256836,-0.0062901973724365234,0.0,4005
41,23.433252334594727,0.6442666053771973,-11.370796203613281,-0.00629870081320405,0.0,4004
42,23.441450119018555,0.7327616214752197,-11.397725105285645,-0.00631260871887207,0.0,4005
43,23.432083129882812,0.6630241870880127,-11.373442649841309,-0.006304899696260691,0.0,4005
44,23.427398681640625,0.5657494068145752,-11.345207214355469,-0.006290435791015625,0.0,4005
45,23.44964599609375,0.6230413913726807,-11.36774730682373,-0.0062940120697021484,0.0,4005
46,23.443790435791016,0.7283270359039307,-11.400389671325684,-0.006306648254394531,0.0,4004
47,23.42974090576172,0.6845355033874512,-11.382087707519531,-0.006302515510469675,0.0,4004
48,23.4309139251709,0.5739927291870117,-11.348095893859863,-0.006288051605224609,0.0,4004
49,23.434425354003906,0.6054997444152832,-11.363509178161621,-0.006288846489042044,0.0,4004
50,23.45081901550293,0.7165789604187012,-11.39834213256836,-0.006303866859525442,0.0,4005
51,23.441450119018555,0.6981968879699707,-11.389080047607422,-0.00630323076620698,0.0,4005
52,23.4309139251709,0.5839884281158447,-11.350446701049805,-0.006289640907198191,0.0,4005
53,23.434425354003906,0.5900144577026367,-11.355453491210938,-0.006289879325777292,0.0,4005
54,23.444963455200195,0.7063508033752441,-11.393701553344727,-0.006303707603365183,0.0,4005
55,23.434425354003906,0.7142901420593262,-11.393558502197266,-0.006307919975370169,0.0,4005
56,23.42856788635254,0.5986332893371582,-11.356446266174316,-0.006293138023465872,0.0,4005
57,23.441450119018555,0.5749762058258057,-11.35227108001709,-0.006287574768066406,0.0,4005
58,23.44613265991211,0.6873607635498047,-11.389464378356934,-0.006300846580415964,0.0,4005
59,23.440277099609375,0.7248222827911377,-11.39834213256836,-0.006307283882051706,0.0,4006
60,23.421545028686523,0.6156563758850098,-11.361917495727539,-0.006294965744018555,0.0,4005
61,23.41920280456543,0.5651414394378662,-11.34939193725586,-0.006287813186645508,0.0,4006
62,23.440277099609375,0.6678342819213867,-11.385047912597656,-0.006299495697021484,0.0,4006
63,23.432083129882812,0.7302403450012207,-11.402731895446777,-0.006308873649686575,0.0,4005
0,23.42505645751953,0.6357908248901367,-11.369499206542969,-0.006297747138887644,0.0,4005
1,23.435596466064453,0.5617082118988037,-11.34672737121582,-0.006285826209932566,0.0,4005
2,23.441450119018555,0.6472349166870117,-11.37830638885498,-0.006296237464994192,0.0,4005
3,23.435596466064453,0.7308483123779297,-11.402660369873047,-0.00630958890542388,0.0,4005
4,23.433252334594727,0.6563901901245117,-11.375874519348145,-0.006301561836153269,0.0,4005
5,23.433252334594727,0.5624771118164062,-11.347943305969238,-0.0062870183028280735,0.0,4005
6,23.44613265991211,0.6257951259613037,-11.372298240661621,-0.00629425048828125,0.0,4006
7,23.4309139251709,0.7278084754943848,-11.403804779052734,-0.006309668067842722,0.0,4005
8,23.41686248779297,0.6754517555236816,-11.383232116699219,-0.006304899696260691,0.0,4005
9,23.421545028686523,0.5684316158294678,-11.350446701049805,-0.0062906742095947266,0.0,4005
10,23.42856788635254,0.6076455116271973,-11.366012573242188,-0.0062946476973593235,0.0,4005
11,23.440277099609375,0.7186532020568848,-11.401212692260742,-0.0063092708587646484,0.0,4005
12,23.440277099609375,0.6930828094482422,-11.389303207397461,-0.006308555603027344,0.0,4005
13,23.4309139251709,0.5784094333648682,-11.351582527160645,-0.006294409278780222,0.0,4005
14,23.434425354003906,0.5907654762268066,-11.358189582824707,-0.0062940120697021484,0.0,4005
15,23.436765670776367,0.7072091102600098,-11.396133422851562,-0.006308873649686575,0.0,4005
16,23.432083129882812,0.7101774215698242,-11.393925666809082,-0.0063130855560302734,0.0,4005
17,23.432083129882812,0.5958974361419678,-11.356446266174316,-0.00629878044128418,0.0,4005
18,23.433252334594727,0.5783379077911377,-11.354774475097656,-0.006294806953519583,0.0,4005
19,23.441450119018555,0.6901144981384277,-11.39112663269043,-0.006310304161161184,0.0,4005
20,23.443790435791016,0.7197976112365723,-11.39870834350586,-0.006316979881376028,0.0,4005
21,23.434425354003906,0.6099343299865723,-11.361757278442383,-0.006303469184786081,0.0,4005
22,23.440277099609375,0.5657494068145752,-11.349919319152832,-0.006296873092651367,0.0,4005
23,23.43910789489746,0.6708741188049316,-11.38475227355957,-0.006309032440185547,0.0,4005
24,23.436765670776367,0.7281839847564697,-11.400988578796387,-0.006318966392427683,0.0,4005
25,23.42856788635254,0.6312131881713867,-11.367980003356934,-0.0063059329986572266,0.0,4005
26,23.436765670776367,0.5644440650939941,-11.348095893859863,-0.006293932441622019,0.0,4005
27,23.45081901550293,0.6553173065185547,-11.380720138549805,-0.006303469184786081,0.0,4005
28,23.43910789489746,0.7364273071289062,-11.40485954284668,-0.006316105369478464,0.0,4006
29,23.42974090576172,0.6573021411895752,-11.376714706420898,-0.006307045463472605,0.0,4005
30,23.42856788635254,0.5675911903381348,-11.34953498840332,-0.006293614860624075,0.0,4005
31,23.448474884033203,0.6344139575958252,-11.374505996704102,-0.006299575325101614,0.0,4005
32,23.433252334594727,0.7316172122955322,-11.403715133666992,-0.006313642021268606,0.0,4005
33,23.42505645751953,0.6759166717529297,-11.380720138549805,-0.0063069663010537624,0.0,4005
34,23.42856788635254,0.5721688270568848,-11.347711563110352,-0.006293694023042917,0.0,4005
35,23.4426212310791,0.6147265434265137,-11.365395545959473,-0.006298223976045847,0.0,4005
36,23.44613265991211,0.7243037223815918,-11.401140213012695,-0.006314118858426809,0.0,4005
37,23.441450119018555,0.6922602653503418,-11.388463020324707,-0.006312847137451172,0.0,4005
38,23.433252334594727,0.5785703659057617,-11.351055145263672,-0.006296237464994192,0.0,4005
39,23.43910789489746,0.5963444709777832,-11.359021186828613,-0.006295045372098684,0.0,4005
40,23.440277099609375,0.7127702236175537,-11.396294593811035,-0.006311655044555664,0.0,4005
41,23.440277099609375,0.7073521614074707,-11.3919677734375,-0.006315310951322317,0.0,4005
42,23.42271614074707,0.5905508995056152,-11.353862762451172,-0.00629870081320405,0.0,4005
43,23.435596466064453,0.5791068077087402,-11.35394287109375,-0.006294806953519583,0.0,4005
44,23.457841873168945,0.6946206092834473,-11.390966415405273,-0.006309191230684519,0.0,4005
45,23.4566707611084,0.7194042205810547,-11.395150184631348,-0.006314118858426809,0.0,4005
46,23.457841873168945,0.6076455116271973,-11.358573913574219,-0.006299257278442383,0.0,4005
47,23.444963455200195,0.5692541599273682,-11.34924030303955,-0.006292104721069336,0.0,4005
48,23.444963455200195,0.6761491298675537,-11.38468074798584,-0.00630640983581543,0.0,4005
49,23.433252334594727,0.7279515266418457,-11.39848518371582,-0.006314754486083984,0.0,4005
50,23.4309139251709,0.6273150444030762,-11.362892150878906,-0.006302674766629934,0.0,4006
51,23.43910789489746,0.5631566047668457,-11.343616485595703,-0.006292819976806641,0.0,4005
52,23.441450119018555,0.6550848484039307,-11.376097679138184,-0.006304899696260691,0.0,4005
53,23.433252334594727,0.7292389869689941,-11.397430419921875,-0.0063173770904541016,0.0,4005
54,23.432083129882812,0.6443381309509277,-11.366835594177246,-0.006308396812528372,0.0,4006
55,23.4426212310791,0.5581319332122803,-11.341425895690918,-0.006297191139310598,0.0,4005
56,23.441450119018555,0.6303012371063232,-11.369043350219727,-0.006305694580078125,0.0,4005
57,23.434425354003906,0.7239103317260742,-11.398109436035156,-0.006321430206298828,0.0,4005
58,23.433252334594727,0.6623446941375732,-11.37405014038086,-0.0063158669508993626,0.0,4005
59,23.42505645751953,0.5614757537841797,-11.341568946838379,-0.006300767417997122,0.0,4005
60,23.440277099609375,0.6108462810516357,-11.36031723022461,-0.006305774208158255,0.0,4005
61,23.437938690185547,0.7182598114013672,-11.395525932312012,-0.006322781089693308,0.0,4005
62,23.42505645751953,0.6827116012573242,-11.380425453186035,-0.00632023811340332,0.0,4005
63,23.423885345458984,0.5703985691070557,-11.343929290771484,-0.0063036284409463406,0.0,4005
0,23.444963455200195,0.5937516689300537,-11.354926109313965,-0.006304740905761719,0.0,4005
1,23.440277099609375,0.7096409797668457,-11.392423629760742,-0.00632023811340332,0.0,4004
2,23.42856788635254,0.7020056247711182,-11.386049270629883,-0.006321748252958059,0.0,4004
3,23.426227569580078,0.5852758884429932,-11.347800254821777,-0.00630640983581543,0.0,4004
4,23.42974090576172,0.5801796913146973,-11.351055145263672,-0.006304661277681589,0.0,4004
5,23.433252334594727,0.6956934928894043,-11.388775825500488,-0.006318966392427683,0.0,4004
6,23.42505645751953,0.7139146327972412,-11.391583442687988,-0.0063243708573281765,0.0,4005
7,23.42856788635254,0.6000101566314697,-11.355087280273438,-0.0063097476959228516,0.0,4005
8,23.433252334594727,0.5659818649291992,-11.347415924072266,-0.006303548812866211,0.0,4005
9,23.427398681640625,0.6756842136383057,-11.382704734802246,-0.006316503044217825,0.0,4005
10,23.426227569580078,0.7214605808258057,-11.39567756652832,-0.006324609275907278,0.0,4005
11,23.41920280456543,0.6174802780151367,-11.361077308654785,-0.006312290672212839,0.0,4004
12,23.421545028686523,0.5582749843597412,-11.344679832458496,-0.006302595138549805,0.0,4004
13,23.421545028686523,0.6562292575836182,-11.378216743469238,-0.006313642021268606,0.0,4005
14,23.427398681640625,0.7274150848388672,-11.398941040039062,-0.006325244903564453,0.0,4004
15,23.42271614074707,0.6398320198059082,-11.368203163146973,-0.006316264625638723,0.0,4004
16,23.4309139251709,0.5572915077209473,-11.344072341918945,-0.006304105278104544,0.0,4004
17,23.443790435791016,0.6363987922668457,-11.37138557434082,-0.006311655044555664,0.0,4005
18,23.432083129882812,0.7268786430358887,-11.39848518371582,-0.006326278205960989,0.0,4005
19,23.421545028686523,0.6595194339752197,-11.37405014038086,-0.0063205561600625515,0.0,4005
20,23.427398681640625,0.5602598190307617,-11.342704772949219,-0.006306807044893503,0.0,4005
21,23.4309139251709,0.6156563758850098,-11.363053321838379,-0.006312449928373098,0.0,4004
22,23.436765670776367,0.7212281227111816,-11.39674186706543,-0.006327152252197266,0.0,4004
23,23.42974090576172,0.6808161735534668,-11.380648612976074,-0.00632484769448638,0.0,4004
24,23.4309139251709,0.5694150924682617,-11.346048355102539,-0.0063091120682656765,0.0,4005
25,23.426227569580078,0.5968809127807617,-11.357733726501465,-0.00631086016073823,0.0,4005
26,23.436765670776367,0.7107138633728027,-11.394381523132324,-0.006325880531221628,0.0,4005
27,23.432083129882812,0.6962120532989502,-11.38595962524414,-0.0063265166245400906,0.0,4004
28,23.41920280456543,0.5801796913146973,-11.348712921142578,-0.006311019416898489,0.0,4004
29,23.42856788635254,0.5801081657409668,-11.35227108001709,-0.006307125091552734,0.0,4004
30,23.435596466064453,0.6972849369049072,-11.389759063720703,-0.0063213505782186985,0.0,4005
31,23.44730567932129,0.7124662399291992,-11.391806602478027,-0.006327072624117136,0.0,4005
32,23.427398681640625,0.5982577800750732,-11.353102684020996,-0.006312290672212839,0.0,4005
33,23.426227569580078,0.5703985691070557,-11.346208572387695,-0.006306648254394531,0.0,4005
34,23.433252334594727,0.6803512573242188,-11.383912086486816,-0.00632023811340332,0.0,4004
35,23.43910789489746,0.7220864295959473,-11.393854141235352,-0.006326913833618164,0.0,4004
36,23.4309139251709,0.6176412105560303,-11.357956886291504,-0.00631260871887207,0.0,4004
37,23.433252334594727,0.5633890628814697,-11.344385147094727,-0.00630323076620698,0.0,4005
38,23.432083129882812,0.6621122360229492,-11.377850532531738,-0.0063153901137411594,0.0,4005
39,23.433252334594727,0.7292389869689941,-11.398180961608887,-0.006321112159639597,0.0,4005
40,23.427398681640625,0.6392955780029297,-11.365922927856445,-0.006310383323580027,0.0,4004
41,23.42505645751953,0.5617976188659668,-11.341336250305176,-0.006304343696683645,0.0,4004
42,23.440277099609375,0.6428897380828857,-11.370796203613281,-0.0063120522536337376,0.0,4004
43,23.440277099609375,0.7307767868041992,-11.395525932312012,-0.006324132438749075,0.0,4004
44,23.42974090576172,0.6587505340576172,-11.371162414550781,-0.00631705904379487,0.0,4004
45,23.42856788635254,0.5623161792755127,-11.340424537658691,-0.006302913185209036,0.0,4004
46,23.43910789489746,0.6218969821929932,-11.363053321838379,-0.00630942964926362,0.0,4004
47,23.4309139251709,0.7266640663146973,-11.39538288116455,-0.006325403694063425,0.0,4004
48,23.42271614074707,0.6804943084716797,-11.3779935836792,-0.006320794578641653,0.0,4004
49,23.4309139251709,0.5709528923034668,-11.343160629272461,-0.006306251045316458,0.0,4004
50,23.434425354003906,0.6071805953979492,-11.357134819030762,-0.006308475974947214,0.0,4004
51,23.440277099609375,0.7190287113189697,-11.393013954162598,-0.006323973182588816,0.0,4005
52,23.437938690185547,0.6975173950195312,-11.383232116699219,-0.006324132438749075,0.0,4005
53,23.437938690185547,0.5808591842651367,-11.346048355102539,-0.006311813835054636,0.0,4005
54,23.42974090576172,0.5858302116394043,-11.352351188659668,-0.00630640983581543,0.0,4005
55,23.42271614074707,0.7022380828857422,-11.390894889831543,-0.006316820625215769,0.0,4005
56,23.42505645751953,0.7149159908294678,-11.390214920043945,-0.0063260397873818874,0.0,4005
57,23.42856788635254,0.5978643894195557,-11.349311828613281,-0.006315628532320261,0.0,4005
58,23.444963455200195,0.5739927291870117,-11.345824241638184,-0.006308475974947214,0.0,4005
59,23.44730567932129,0.6852328777313232,-11.382704734802246,-0.006322145462036133,0.0,4005
60,23.437938690185547,0.7225334644317627,-11.391056060791016,-0.006330728530883789,0.0,4005
61,23.433252334594727,0.6146550178527832,-11.356517791748047,-0.006316582206636667,0.0,4005
62,23.433252334594727,0.5655884742736816,-11.344295501708984,-0.006307681556791067,0.0,4005
63,23.433252334594727,0.6674408912658691,-11.378762245178223,-0.0063190460205078125,0.0,4005
0,23.42505645751953,0.7298648357391357,-11.394158363342285,-0.006327390670776367,0.0,4005
1,23.41920280456543,0.6346464157104492,-11.362507820129395,-0.0063173770904541016,0.0,4005
2,23.435596466064453,0.5611002445220947,-11.341264724731445,-0.006307045463472605,0.0,4005
3,23.434425354003906,0.6467700004577637,-11.370635032653809,-0.006316423416137695,0.0,4005
4,23.436765670776367,0.7307052612304688,-11.394998550415039,-0.00632921839132905,0.0,4005
5,23.440277099609375,0.6561577320098877,-11.36774730682373,-0.0063211917877197266,0.0,4005
6,23.42974090576172,0.5633890628814697,-11.340737342834473,-0.006308078765869141,0.0,4005
7,23.434425354003906,0.6277799606323242,-11.365100860595703,-0.006315469741821289,0.0,4005
8,23.4426212310791,0.7279515266418457,-11.39651870727539,-0.00632929801940918,0.0,4005
9,23.441450119018555,0.6763100624084473,-11.376330375671387,-0.006324926856905222,0.0,4005
10,23.4309139251709,0.5675911903381348,-11.344000816345215,-0.0063091120682656765,0.0,4005
11,23.433252334594727,0.6066441535949707,-11.361148834228516,-0.006312211509793997,0.0,4006
12,23.421545028686523,0.7181882858276367,-11.397653579711914,-0.006326993461698294,0.0,4005
13,23.41217613220215,0.6930828094482422,-11.385279655456543,-0.006327231880277395,0.0,4006
14,23.420373916625977,0.5789637565612793,-11.348783493041992,-0.0063137211836874485,0.0,4005
15,23.43910789489746,0.5890309810638428,-11.355087280273438,-0.006313880439847708,0.0,4005
16,23.423885345458984,0.7050633430480957,-11.392879486083984,-0.0063289799727499485,0.0,4005
17,23.42505645751953,0.7086396217346191,-11.390894889831543,-0.006331443786621094,0.0,4006
18,23.413349151611328,0.5927681922912598,-11.35287857055664,-0.006316184997558594,0.0,4005
19,23.432083129882812,0.5771219730377197,-11.351815223693848,-0.0063114166259765625,0.0,4004
20,23.440277099609375,0.6905615329742432,-11.389008522033691,-0.006325880531221628,0.0,4005
21,23.42974090576172,0.7205486297607422,-11.394998550415039,-0.006332953926175833,0.0,4005
22,23.41686248779297,0.6115972995758057,-11.358412742614746,-0.006319999694824219,0.0,4004
23,23.427398681640625,0.5694866180419922,-11.347487449645996,-0.006310462951660156,0.0,4005
24,23.436765670776367,0.6733953952789307,-11.382857322692871,-0.006323337554931641,0.0,4005
25,23.42974090576172,0.7296323776245117,-11.399701118469238,-0.006333271507173777,0.0,4006
26,23.41686248779297,0.6312131881713867,-11.365467071533203,-0.006319602485746145,0.0,4005
27,23.423885345458984,0.5628526210784912,-11.345368385314941,-0.006307840347290039,0.0,4005
28,23.440277099609375,0.6522774696350098,-11.376714706420898,-0.006318092346191406,0.0,4005
29,23.427398681640625,0.7314562797546387,-11.400076866149902,-0.006331284996122122,0.0,4005
30,23.426227569580078,0.6521165370941162,-11.371842384338379,-0.0063230195082724094,0.0,4005
31,23.42974090576172,0.5635321140289307,-11.345439910888672,-0.006309668067842722,0.0,4005
32,23.444963455200195,0.6332695484161377,-11.371162414550781,-0.006317138671875,0.0,4005
33,23.4309139251709,0.7311701774597168,-11.400755882263184,-0.006333430763334036,0.0,4005
34,23.41686248779297,0.6733953952789307,-11.378905296325684,-0.006327708717435598,0.0,4005
35,23.42856788635254,0.5690217018127441,-11.34679889678955,-0.006313482765108347,0.0,4005
36,23.433252334594727,0.6125092506408691,-11.365100860595703,-0.006316820625215769,0.0,4005
37,23.42974090576172,0.7220149040222168,-11.400845527648926,-0.00633231783285737,0.0,4005
38,23.423885345458984,0.6894171237945557,-11.386505126953125,-0.006331205368041992,0.0,4004
39,23.42856788635254,0.5748331546783447,-11.350446701049805,-0.006314834114164114,0.0,4004
40,23.432083129882812,0.5922317504882812,-11.359253883361816,-0.006314834114164114,0.0,4004
41,23.427398681640625,0.7086396217346191,-11.39651870727539,-0.006330172065645456,0.0,4004
42,23.433252334594727,0.7052958011627197,-11.393245697021484,-0.006332079414278269,0.0,4005
43,23.42505645751953,0.5892634391784668,-11.354926109313965,-0.006316582206636667,0.0,4005
44,23.434425354003906,0.5804657936096191,-11.353334426879883,-0.006313005927950144,0.0,4005
45,23.436765670776367,0.6960511207580566,-11.391279220581055,-0.006326357368379831,0.0,4005
46,23.421545028686523,0.7212281227111816,-11.395221710205078,-0.0063311257399618626,0.0,4005
47,23.432083129882812,0.6097018718719482,-11.359182357788086,-0.006316423416137695,0.0,4005
48,23.436765670776367,0.5701661109924316,-11.349007606506348,-0.006309032440185547,0.0,4005
49,23.4309139251709,0.6779730319976807,-11.383679389953613,-0.006323973182588816,0.0,4005
50,23.435596466064453,0.7297039031982422,-11.39681339263916,-0.006333907600492239,0.0,4005
51,23.43910789489746,0.6267964839935303,-11.363652229309082,-0.006320396903902292,0.0,4005
52,23.43910789489746,0.5635321140289307,-11.346504211425781,-0.00630942964926362,0.0,4004
53,23.436765670776367,0.6577670574188232,-11.37830638885498,-0.00631848955526948,0.0,4004
54,23.435596466064453,0.7312417030334473,-11.399253845214844,-0.006330172065645456,0.0,4004
55,23.432083129882812,0.6469309329986572,-11.3695707321167,-0.006322781089693308,0.0,4004
56,23.423885345458984,0.5623161792755127,-11.343929290771484,-0.006311655044555664,0.0,4004
57,23.435596466064453,0.6351113319396973,-11.371323585510254,-0.006320635322481394,0.0,4005
58,23.451988220214844,0.7290959358215332,-11.401212692260742,-0.006334781646728516,0.0,4005
59,23.43910789489746,0.6668508052825928,-11.377850532531738,-0.006327390670776367,0.0,4005
60,23.434425354003906,0.5649983882904053,-11.346960067749023,-0.006313005927950144,0.0,4005
61,23.437938690185547,0.6146550178527832,-11.366835594177246,-0.006318569183349609,0.0,4005
62,23.448474884033203,0.7229983806610107,-11.399701118469238,-0.006332874298095703,0.0,4004
63,23.444963455200195,0.6869852542877197,-11.38468074798584,-0.0063304901123046875,0.0,4005
0,23.4309139251709,0.5743861198425293,-11.34916877746582,-0.0063153901137411594,0.0,4005
1,23.4309139251709,0.5984187126159668,-11.35895824432373,-0.006315628532320261,0.0,4005
2,23.440277099609375,0.7129311561584473,-11.396062850952148,-0.006330092903226614,0.0,4005
3,23.4309139251709,0.7028460502624512,-11.390510559082031,-0.006331920623779297,0.0,4005
4,23.421545028686523,0.5870461463928223,-11.352583885192871,-0.006316184997558594,0.0,4005
5,23.434425354003906,0.5810916423797607,-11.354997634887695,-0.006313244346529245,0.0,4005
6,23.448474884033203,0.6962120532989502,-11.392718315124512,-0.0063279471360147,0.0,4005
7,23.437938690185547,0.7166504859924316,-11.396062850952148,-0.00633231783285737,0.0,4005
8,23.427398681640625,0.6032109260559082,-11.358869552612305,-0.006318807601928711,0.0,4004
9,23.440277099609375,0.5702555179595947,-11.352655410766602,-0.006312211509793997,0.0,4004
10,23.441450119018555,0.6816387176513672,-11.38809585571289,-0.006326436996459961,0.0,4004
11,23.434425354003906,0.7274150848388672,-11.400228500366211,-0.006334861274808645,0.0,4005
12,23.432083129882812,0.6221294403076172,-11.366308212280273,-0.0063228607177734375,0.0,4004
13,23.43910789489746,0.5632281303405762,-11.34975814819336,-0.006312529090791941,0.0,4004
14,23.443790435791016,0.6601274013519287,-11.383912086486816,-0.00632341718301177,0.0,4004
15,23.4426212310791,0.7302403450012207,-11.405173301696777,-0.006331523414701223,0.0,4004
16,23.440277099609375,0.6403684616088867,-11.374505996704102,-0.00632341718301177,0.0,4005
17,23.44613265991211,0.5589544773101807,-11.351055145263672,-0.006315628532320261,0.0,4005
18,23.43910789489746,0.6381511688232422,-11.377313613891602,-0.006322781089693308,0.0,4005
19,23.433252334594727,0.7271826267242432,-11.403348922729492,-0.006338914390653372,0.0,4005
20,23.432083129882812,0.6605029106140137,-11.379968643188477,-0.006330966949462891,0.0,4005
21,23.4309139251709,0.5624771118164062,-11.352950096130371,-0.0063063302077353,0.0,4004
22,23.433252334594727,0.6149590015411377,-11.372298240661621,-0.006317138671875,0.0,4004
23,23.434425354003906,0.7248938083648682,-11.402731895446777,-0.006340503692626953,0.0,4004
24,23.415691375732422,0.6804227828979492,-11.385663986206055,-0.006333509925752878,0.0,4004
25,23.41686248779297,0.5462229251861572,-11.351358413696289,-0.006318012718111277,0.0,4004
26,23.42505645751953,0.5475103855133057,-11.361461639404297,-0.006318012718111277,0.0,4005
27,23.43910789489746,0.6887376308441162,-11.387711524963379,-0.0063420929946005344,0.0,4005
28,23.42856788635254,0.6838560104370117,-11.386049270629883,-0.006340821739286184,0.0,4005
29,23.426227569580078,0.6007790565490723,-11.356973648071289,-0.0063211917877197266,0.0,4005
30,23.434425354003906,0.6022095680236816,-11.362364768981934,-0.006315469741821289,0.0,4005
31,23.436765670776367,0.6827831268310547,-11.39567756652832,-0.006335258483886719,0.0,4004
32,23.43910789489746,0.6468415260314941,-11.387479782104492,-0.006346861366182566,0.0,4004
33,23.42505645751953,0.4832804203033447,-11.342936515808105,-0.006335338111966848,0.0,4004
34,23.42505645751953,0.4551351070404053,-11.335193634033203,-0.006325960159301758,0.0,4004
35,23.441450119018555,0.6976604461669922,-11.398252487182617,-0.006319840904325247,0.0,4004
36,23.440277099609375,0.8099734783172607,-11.420112609863281,-0.006322383880615234,0.0,4005
37,23.44613265991211,0.6573021411895752,-11.376482009887695,-0.006298621650785208,0.0,4005
38,23.454330444335938,0.5526423454284668,-11.351895332336426,-0.006322383880615234,0.0,4006
39,23.448474884033203,0.6048202514648438,-11.381265640258789,-0.0063432059250772,0.0,4005
40,23.45549964904785,0.6837844848632812,-11.397653579711914,-0.006336688995361328,0.0,4005
41,23.4426212310791,0.6152629852294922,-11.366835594177246,-0.0063366093672811985,0.0,4005
42,23.4426212310791,0.5459189414978027,-11.35682201385498,-0.006333271507173777,0.0,4006
43,23.451988220214844,0.6375432014465332,-11.390599250793457,-0.0063323974609375,0.0,4005
44,23.4426212310791,0.7051348686218262,-11.418601989746094,-0.006344000343233347,0.0,4006
45,23.433252334594727,0.5102992057800293,-11.383840560913086,-0.006348609924316406,0.0,4005
46,23.440277099609375,0.3409266471862793,-11.342704772949219,-0.006342172622680664,0.0,4005
47,23.448474884033203,0.46480894088745117,-11.362892150878906,-0.006345033645629883,0.0,4005
48,23.44730567932129,0.7027745246887207,-11.426800727844238,-0.006344715598970652,0.0,4005
49,23.4426212310791,0.7228374481201172,-11.421248435974121,-0.0063266754150390625,0.0,4005
50,23.4309139251709,0.5575776100158691,-11.394015312194824,-0.0063077607192099094,0.0,4006
51,23.43910789489746,0.6032109260559082,-11.412978172302246,-0.006311178207397461,0.0,4005
52,23.451988220214844,0.6991267204284668,-11.44576358795166,-0.006320079322904348,0.0,4005
53,23.440277099609375,0.6277799606323242,-11.435294151306152,-0.0063115754164755344,0.0,4005
54,23.433252334594727,0.45801401138305664,-11.387711524963379,-0.0062908330000936985,0.0,4005
55,23.42856788635254,0.4232347011566162,-11.38497543334961,-0.006284793373197317,0.0,4005
56,23.42271614074707,0.5575060844421387,-11.430806159973145,-0.006307840347290039,0.0,4005
57,23.421545028686523,0.5297541618347168,-11.422768592834473,-0.006317695137113333,0.0,4005
58,23.420373916625977,0.46053528785705566,-11.390599250793457,-0.0062929787673056126,0.0,4005
59,23.436765670776367,0.5852758884429932,-11.43149471282959,-0.006262540817260742,0.0,4006
60,23.434425354003906,0.6907224655151367,-11.508983612060547,-0.006271839141845703,0.0,4005
61,23.411006927490234,0.6638646125793457,-11.560884475708008,-0.006283680442720652,0.0,4006
62,23.389930725097656,0.5501925945281982,-11.573776245117188,-0.006265878677368164,0.0,4005
63,23.395784378051758,0.5086004734039307,-11.606266975402832,-0.006245692726224661,0.0,4005
0,23.415691375732422,0.5720078945159912,-11.67440414428711,-0.006267547607421875,0.0,4005
1,23.401639938354492,0.6199300289154053,-11.738303184509277,-0.0062503814697265625,0.0,4005
2,23.38641929626465,0.5586504936218262,-11.75674819946289,-0.00625602388754487,0.0,4005
3,23.38875961303711,0.4844248294830322,-11.80311393737793,-0.006261587142944336,0.0,4005
4,23.389930725097656,0.5889415740966797,-11.903741836547852,-0.006243308540433645,0.0,4005
5,23.37588119506836,0.6637215614318848,-11.978718757629395,-0.0062450566329061985,0.0,4004
6,23.366514205932617,0.5888700485229492,-11.983108520507812,-0.006246884819120169,0.0,4004
7,23.35480499267578,0.45450925827026367,-11.960434913635254,-0.006240367889404297,0.0,4004
8,23.351293563842773,0.49234628677368164,-11.992603302001953,-0.006232182029634714,0.0,4004
9,23.34661102294922,0.6026744842529297,-12.023037910461426,-0.006249269004911184,0.0,4005
10,23.336071014404297,0.5980253219604492,-11.997610092163086,-0.006246010307222605,0.0,4005
11,23.32787322998047,0.5204379558563232,-11.965584754943848,-0.006224075797945261,0.0,4005
12,23.31850814819336,0.48662424087524414,-11.977118492126465,-0.00622566556558013,0.0,4005
13,23.325532913208008,0.5490481853485107,-11.992300033569336,-0.006242275238037109,0.0,4005
14,23.32084846496582,0.5539298057556152,-11.969902992248535,-0.006218274589627981,0.0,4005
15,23.305625915527344,0.4803121089935303,-11.931520462036133,-0.006225744727998972,0.0,4005
16,23.316164016723633,0.5667328834533691,-11.9277925491333,-0.006234804634004831,0.0,4005
17,23.29391860961914,0.6640076637268066,-11.96293830871582,-0.006238540168851614,0.0,4005
18,23.269330978393555,0.5583643913269043,-11.95337200164795,-0.006247838493436575,0.0,4004
19,23.281038284301758,0.38500428199768066,-11.907156944274902,-0.006231228355318308,0.0,4005
20,23.286893844604492,0.4137754440307617,-11.912306785583496,-0.006216446403414011,0.0,4004
21,23.291576385498047,0.6077170372009277,-11.962026596069336,-0.006251970771700144,0.0,4004
22,23.278697967529297,0.6800293922424316,-12.000185012817383,-0.006234725471585989,0.0,4004
23,23.281038284301758,0.6637215614318848,-11.996931076049805,-0.006192684173583984,0.0,4004
24,23.278697967529297,0.6250977516174316,-11.988499641418457,-0.0061810812912881374,0.0,4004
25,23.258790969848633,0.6782054901123047,-12.029555320739746,-0.006196737289428711,0.0,4005
26,23.255279541015625,0.6576061248779297,-12.035473823547363,-0.006210485938936472,0.0,4005
27,23.251768112182617,0.4858732223510742,-11.968767166137695,-0.0061931610107421875,0.0,4005
28,23.25762176513672,0.4567265510559082,-11.853960037231445,-0.006160815712064505,0.0,4005
29,23.25293731689453,0.6251871585845947,-11.74665355682373,-0.006147464271634817,0.0,4005
30,23.24005699157715,0.7075846195220947,-11.566802978515625,-0.00616002082824707,0.0,4004
31,23.217811584472656,0.6337344646453857,-11.293458938598633,-0.006149927619844675,0.0,4004
32,23.21898078918457,0.4836559295654297,-11.019283294677734,-0.006126721855252981,0.0,4004
33,23.228347778320312,0.4773259162902832,-10.949241638183594,-0.006122907157987356,0.0,4004
34,23.216642379760742,0.5472779273986816,-11.031952857971191,-0.006137768272310495,0.0,4005
35,23.206104278564453,0.5578100681304932,-11.046221733093262,-0.006116151809692383,0.0,4004
36,23.206104278564453,0.5595803260803223,-11.053803443908691,-0.0060916743241250515,0.0,4004
37,23.19556427001953,0.6582856178283691,-11.094099044799805,-0.006102403160184622,0.0,4004
38,23.196733474731445,0.7211565971374512,-11.145320892333984,-0.0061246552504599094,0.0,4004
39,23.176830291748047,0.5643010139465332,-11.132436752319336,-0.006119569297879934,0.0,4005
40,23.160438537597656,0.3245115280151367,-11.07468032836914,-0.00613721227273345,0.0,4005
41,23.17214584350586,0.4095017910003662,-11.090003967285156,-0.006140947341918945,0.0,4005
42,23.17917251586914,0.7007896900177002,-11.166125297546387,-0.0061725773848593235,0.0,4005
43,23.1698055267334,0.8014976978302002,-11.203765869140625,-0.006162086967378855,0.0,4004
44,23.13819122314453,0.6250977516174316,-11.170140266418457,-0.006150722503662109,0.0,4004
45,23.141704559326172,0.5417883396148682,-11.170676231384277,-0.00615684175863862,0.0,4004
46,23.14755630493164,0.5942881107330322,-11.21257209777832,-0.00617845868691802,0.0,4004
47,23.12531280517578,0.5920708179473877,-11.217490196228027,-0.0061772665940225124,0.0,4005
48,23.108919143676758,0.4838883876800537,-11.20314884185791,-0.006153027061372995,0.0,4005
49,23.100723266601562,0.5366206169128418,-11.24671745300293,-0.006131410598754883,0.0,4005
50,23.103063583374023,0.7143616676330566,-11.359477043151855,-0.0061342716217041016,0.0,4005
51,23.081989288330078,0.7584035396575928,-11.484691619873047,-0.0061276755295693874,0.0,4004
52,23.070280075073242,0.5904793739318848,-11.573025703430176,-0.006116072181612253,0.0,4004
53,23.06793785095215,0.48061609268188477,-11.672285079956055,-0.006098667625337839,0.0,4004
54,23.063251495361328,0.5264639854431152,-11.79233169555664,-0.006089130882173777,0.0,4005
55,23.052717208862305,0.6370961666107178,-11.87141227722168,-0.006101051811128855,0.0,4005
56,23.042179107666016,0.6472349166870117,-11.909276008605957,-0.006081581115722656,0.0,4005
57,23.01759147644043,0.6067156791687012,-11.945629119873047,-0.006041844841092825,0.0,4005
58,23.009395599365234,0.6522059440612793,-12.021669387817383,-0.006040016654878855,0.0,4005
59,23.001197814941406,0.7149875164031982,-12.091559410095215,-0.0060581364668905735,0.0,4005
60,22.98363494873047,0.6225228309631348,-12.095046043395996,-0.006056944373995066,0.0,4004
61,22.970754623413086,0.44490694999694824,-12.084576606750488,-0.00604248046875,0.0,4004
62,22.960216522216797,0.4879295825958252,-12.11690616607666,-0.006030877586454153,0.0,4004
63,22.954362869262695,0.6853938102722168,-12.16759967803955,-0.006054719444364309,0.0,4005
0,22.937969207763672,0.6385445594787598,-12.13882827758789,-0.006071329116821289,0.0,4005
1,22.936798095703125,0.49754977226257324,-12.089127540588379,-0.006067832466214895,0.0,4005
2,22.936798095703125,0.5854368209838867,-12.103772163391113,-0.006068865302950144,0.0,4005
3,22.925090789794922,0.6772220134735107,-12.137773513793945,-0.0060823759995400906,0.0,4005
4,22.89581871032715,0.5767464637756348,-12.115537643432617,-0.0060900053940713406,0.0,4004
5,22.884109497070312,0.43460726737976074,-12.047311782836914,-0.006085872650146484,0.0,4004
6,22.88762092590332,0.4912912845611572,-12.043753623962402,-0.006081422325223684,0.0,4004
7,22.878253936767578,0.6164968013763428,-12.094295501708984,-0.006093740463256836,0.0,4005
8,22.86888885498047,0.5932867527008057,-12.102333068847656,-0.006096919532865286,0.0,4004
9,22.8630313873291,0.49754977226257324,-12.055277824401855,-0.006090561393648386,0.0,4004
10,22.859519958496094,0.3960728645324707,-12.029251098632812,-0.0060900053940713406,0.0,4004
11,22.877084732055664,0.5565226078033447,-12.082823753356934,-0.00609723711386323,0.0,4004
12,22.86420440673828,0.7668614387512207,-12.124800682067871,-0.00608833646401763,0.0,4005
13,22.852495193481445,0.6760776042938232,-12.084505081176758,-0.006068070884793997,0.0,4005
14,22.853666305541992,0.5576670169830322,-12.064772605895996,-0.006063699722290039,0.0,4005
15,22.85483741760254,0.6526529788970947,-12.099302291870117,-0.006087144371122122,0.0,4005
16,22.838443756103516,0.7120013236999512,-12.13959789276123,-0.0060916743241250515,0.0,4004
17,22.819711685180664,0.5501210689544678,-12.10954761505127,-0.006075779441744089,0.0,4004
18,22.823223114013672,0.44192075729370117,-12.06985092163086,-0.0060750641860067844,0.0,4004
19,22.83024787902832,0.5846858024597168,-12.123888969421387,-0.0060803890228271484,0.0,4004
20,22.825563430786133,0.5904078483581543,-12.159856796264648,-0.0060956478118896484,0.0,4005
21,22.808002471923828,0.44628381729125977,-12.103629112243652,-0.006091515067964792,0.0,4005
22,22.798635482788086,0.4326939582824707,-12.06682014465332,-0.006081342697143555,0.0,4005
23,22.80097770690918,0.5723118782043457,-12.125551223754883,-0.00608054781332612,0.0,4005
24,22.786924362182617,0.6413519382476807,-12.16615104675293,-0.006083965301513672,0.0,4005
25,22.76584815979004,0.5774259567260742,-12.146883964538574,-0.006093581672757864,0.0,4004
26,22.76350975036621,0.5533933639526367,-12.115081787109375,-0.006077369209378958,0.0,4005
27,22.755311965942383,0.5031108856201172,-12.1339111328125,-0.006084124092012644,0.0,4005
28,22.744775772094727,0.4745006561279297,-12.157729148864746,-0.00611106539145112,0.0,4006
29,22.734235763549805,0.4633784294128418,-12.14604377746582,-0.0061092376708984375,0.0,4005
30,22.734235763549805,0.5255341529846191,-12.135797500610352,-0.0060443878173828125,0.0,4005
31,22.728384017944336,0.6152629852294922,-12.177684783935547,-0.006027698516845703,0.0,4005
32,22.70028305053711,0.5833804607391357,-12.203255653381348,-0.006083091255277395,0.0,4005
33,22.68857192993164,0.5092263221740723,-12.200984001159668,-0.006101926323026419,0.0,4005
34,22.659297943115234,0.24318695068359375,-12.142476081848145,-0.006108840461820364,0.0,4005
35,22.65461540222168,0.17305612564086914,-12.130111694335938,-0.006085237022489309,0.0,4005
36,22.66515350341797,0.6090760231018066,-12.169191360473633,-0.00606226921081543,0.0,4005
37,22.669836044311523,0.9081602096557617,-12.218213081359863,-0.005987246986478567,0.0,4005
38,22.655786514282227,0.5513370037078857,-12.162503242492676,-0.005938927177339792,0.0,4005
39,22.652273178100586,0.2183854579925537,-12.093231201171875,-0.0059464774094522,0.0,4005
40,22.663984298706055,0.39943456649780273,-12.119632720947266,-0.0059560141526162624,0.0,4005
41,22.655786514282227,0.5977213382720947,-12.169111251831055,-0.0059661865234375,0.0,4005
42,22.633541107177734,0.32497644424438477,-12.109843254089355,-0.005997737403959036,0.0,4005
43,22.637052536010742,0.18450021743774414,-12.052774429321289,-0.006010135170072317,0.0,4005
44,22.635883331298828,0.4246830940246582,-12.119176864624023,-0.006023565772920847,0.0,4005
45,22.61129379272461,0.5440771579742432,-12.160616874694824,-0.0060384273529052734,0.0,4005
46,22.60426902770996,0.6142795085906982,-12.137237548828125,-0.0060062408447265625,0.0,4005
47,22.578508377075195,0.45801401138305664,-12.093615531921387,-0.005957126617431641,0.0,4005
48,22.560945510864258,0.4719078540802002,-12.132766723632812,-0.0059627690352499485,0.0,4005
49,22.53986930847168,0.5334019660949707,-12.161144256591797,-0.005965550895780325,0.0,4005
50,22.515281677246094,0.5208134651184082,-12.127447128295898,-0.0059201717376708984,0.0,4005
51,22.48834800720215,0.3303050994873047,-12.107867240905762,-0.005859216209501028,0.0,4005
52,22.478984832763672,0.2873539924621582,-12.102949142456055,-0.005879402160644531,0.0,4005
53,22.477813720703125,0.6293892860412598,-12.138372421264648,-0.005915482994168997,0.0,4005
54,22.433319091796875,0.6106853485107422,-12.142020225524902,-0.0059047541581094265,0.0,4005
55,22.426292419433594,0.30466318130493164,-12.079185485839844,-0.005903959274291992,0.0,4005
56,22.443857192993164,0.3437340259552002,-12.061813354492188,-0.005875507835298777,0.0,4005
57,22.454395294189453,0.6906509399414062,-12.126463890075684,-0.005835294723510742,0.0,4005
58,22.443857192993164,0.7147550582885742,-12.13959789276123,-0.005811611656099558,0.0,4005
59,22.42746353149414,0.4252910614013672,-12.072738647460938,-0.00578316068276763,0.0,4005
60,22.43800163269043,0.36417245864868164,-12.040257453918457,-0.005731503013521433,0.0,4005
61,22.43800163269043,0.5674302577972412,-12.123119354248047,-0.005646864417940378,0.0,4005
62,22.422780990600586,0.7974565029144287,-12.15977668762207,-0.005644718650728464,0.0,4005
63,22.39350700378418,0.7206380367279053,-12.078658103942871,-0.005708614829927683,0.0,4005
0,22.37009048461914,0.5806982517242432,-12.017646789550781,-0.005719423294067383,0.0,4005
1,22.379459381103516,0.5759775638580322,-12.055662155151367,-0.0057491459883749485,0.0,4005
2,22.365406036376953,0.7056713104248047,-12.091934204101562,-0.005746126174926758,0.0,4005
3,22.338478088378906,0.5855083465576172,-12.051952362060547,-0.0057276091538369656,0.0,4005
4,22.32559585571289,0.47695040702819824,-11.995259284973145,-0.0057551064528524876,0.0,4005
5,22.31622886657715,0.7508397102355957,-12.064245223999023,-0.005748271942138672,0.0,4005
6,22.301006317138672,1.0087966918945312,-12.106355667114258,-0.005750258918851614,0.0,4005
7,22.2518310546875,0.6148874759674072,-12.036243438720703,-0.005765835288912058,0.0,4005
8,22.23895263671875,0.2612650394439697,-11.971959114074707,-0.0057957968674600124,0.0,4004
9,22.255342483520508,0.6110072135925293,-12.057415008544922,-0.005825201515108347,0.0,4005
10,22.22138786315918,0.8454501628875732,-12.115537643432617,-0.0058538117446005344,0.0,4005
11,22.189773559570312,0.5992412567138672,-12.046488761901855,-0.005910555366426706,0.0,4005
12,22.18391990661621,0.4001140594482422,-12.009223937988281,-0.005893786903470755,0.0,4005
13,22.176895141601562,0.49411654472351074,-12.03494644165039,-0.005885521415621042,0.0,4005
14,22.164012908935547,0.6846070289611816,-12.074491500854492,-0.005910396575927734,0.0,4005
15,22.140596389770508,0.6645619869232178,-12.101877212524414,-0.0059183440171182156,0.0,4005
16,22.146451950073242,0.4513084888458252,-12.028410911560059,-0.005941152572631836,0.0,4005
17,22.158161163330078,0.7298648357391357,-12.044736862182617,-0.005925655364990234,0.0,4005
18,22.140596389770508,0.8767247200012207,-12.122297286987305,-0.0059208073653280735,0.0,4005
19,22.120691299438477,0.7735133171081543,-12.105363845825195,-0.005927006248384714,0.0,4005
20,22.111326217651367,0.5420207977294922,-12.020373344421387,-0.005903720855712891,0.0,4005
21,22.11717987060547,0.5099773406982422,-12.013157844543457,-0.0059115090407431126,0.0,4005
22,22.098445892333984,0.6888270378112793,-12.088671684265137,-0.005894740577787161,0.0,4005
23,22.080883026123047,0.6583750247955322,-12.082457542419434,-0.00589442253112793,0.0,4005
24,22.060977935791016,0.5812525749206543,-12.020373344421387,-0.0058825016021728516,0.0,4005
25,22.057464599609375,0.4695475101470947,-12.015071868896484,-0.00587916374206543,0.0,4005
26,22.043415069580078,0.5259275436401367,-12.056279182434082,-0.005883693695068359,0.0,4005
27,22.03170394897461,0.6934762001037598,-12.07016372680664,-0.005869229789823294,0.0,4005
28,22.03287696838379,0.7000386714935303,-12.038058280944824,-0.005846977233886719,0.0,4005
29,22.01180076599121,0.5883336067199707,-11.992300033569336,-0.0058864750899374485,0.0,4005
30,22.01531410217285,0.5829870700836182,-12.012478828430176,-0.00591731071472168,0.0,4005
31,22.022336959838867,0.7506251335144043,-12.07403564453125,-0.005896409507840872,0.0,4005
32,21.996578216552734,0.5444705486297607,-12.008607864379883,-0.005899826530367136,0.0,4005
33,21.996578216552734,0.4290461540222168,-11.934703826904297,-0.0058652558363974094,0.0,4005
34,21.991893768310547,0.47893524169921875,-11.964985847473145,-0.005819002632051706,0.0,4005
35,21.989553451538086,0.6760060787200928,-12.00883960723877,-0.005807796958833933,0.0,4006
36,21.98135757446289,0.6118297576904297,-11.960801124572754,-0.005785068031400442,0.0,4005
37,21.980186462402344,0.5648374557495117,-11.91093921661377,-0.005771080497652292,0.0,4006
38,21.973161697387695,0.5959689617156982,-11.930680274963379,-0.0057642459869384766,0.0,4005
39,21.95793914794922,0.5003571510314941,-11.929697036743164,-0.0058485665358603,0.0,4006
40,21.9392032623291,0.39049386978149414,-11.881658554077148,-0.005926450248807669,0.0,4005
41,21.948572158813477,0.6042838096618652,-11.844322204589844,-0.005885521415621042,0.0,4005
42,21.938034057617188,0.7392525672912598,-11.861621856689453,-0.005881150718778372,0.0,4005
43,21.9274959564209,0.6515085697174072,-11.917930603027344,-0.005934556480497122,0.0,4006
44,21.929838180541992,0.7342100143432617,-11.883393287658691,-0.00599217414855957,0.0,4005
45,21.911102294921875,0.5035758018493652,-11.83505916595459,-0.0059397220611572266,0.0,4005
46,21.92632293701172,0.6370067596435547,-11.841737747192383,-0.0058406987227499485,0.0,4005
47,21.92047119140625,0.8528351783752441,-11.876562118530273,-0.005716721061617136,0.0,4005
48,21.871294021606445,0.34815073013305664,-11.832261085510254,-0.0056317648850381374,0.0,4005
49,21.87714958190918,0.03352761268615723,-11.754539489746094,-0.0056035518646240234,0.0,4005
50,21.91461753845215,0.6451785564422607,-11.819278717041016,-0.00555555010214448,0.0,4006
51,21.90056610107422,0.9785771369934082,-11.904269218444824,-0.005490303039550781,0.0,4005
52,21.901737213134766,1.0871529579162598,-11.963081359863281,-0.005415280815213919,0.0,4005
53,21.866609573364258,0.7369637489318848,-11.881962776184082,-0.005330165382474661,0.0,4005
54,21.861927032470703,0.2784311771392822,-11.809632301330566,-0.005373477935791016,0.0,4005
55,21.887685775756836,0.38425326347351074,-11.837562561035156,-0.0054376921616494656,0.0,4005
56,21.891197204589844,0.6221294403076172,-11.860942840576172,-0.005467335227876902,0.0,4005
57,21.86895179748535,0.6211459636688232,-11.858662605285645,-0.005521535873413086,0.0,4005
58,21.891197204589844,0.7765531539916992,-11.839162826538086,-0.005697170738130808,0.0,4005
59,21.866609573364258,0.9310483932495117,-11.856847763061523,-0.005573272705078125,0.0,4005
60,21.84670639038086,0.8535325527191162,-11.893728256225586,-0.005512157920747995,0.0,4005
61,21.820945739746094,0.3463268280029297,-11.788317680358887,-0.005641063209623098,0.0,4005
62,21.83968162536621,0.13133883476257324,-11.685257911682129,-0.0056935944594442844,0.0,4005
63,21.85256004333496,0.5653738975524902,-11.769792556762695,-0.0055635771714150906,0.0,4005
0,21.83616828918457,0.6690502166748047,-11.82686996459961,-0.005537509918212891,0.0,4005
1,21.829143524169922,0.6100058555603027,-11.774343490600586,-0.00561515474691987,0.0,4006
2,21.811580657958984,0.2501964569091797,-11.723738670349121,-0.005614677909761667,0.0,4005
3,21.826797485351562,0.34328699111938477,-11.730113983154297,-0.005620559211820364,0.0,4006
4,21.83616828918457,0.8974671363830566,-11.840682983398438,-0.0056207976303994656,0.0,4005
5,21.801040649414062,0.5684316158294678,-11.810999870300293,-0.005654096603393555,0.0,4005
6,21.80221176147461,0.46520233154296875,-11.748093605041504,-0.005664507392793894,0.0,4005
7,21.786989212036133,0.3050565719604492,-11.77791976928711,-0.00567618990316987,0.0,4005
8,21.803382873535156,0.5502641201019287,-11.788389205932617,-0.005705753806978464,0.0,4005
9,21.792844772338867,0.8244574069976807,-11.808353424072266,-0.005704084876924753,0.0,4005
10,21.772939682006836,0.7347464561462402,-11.809337615966797,-0.005679527763277292,0.0,4005
11,21.770597457885742,0.42963624000549316,-11.795747756958008,-0.005698362831026316,0.0,4005
12,21.756546020507812,0.02353191375732422,-11.82079029083252,-0.00575574254617095,0.0,4005
13,21.762401580810547,-0.24380385875701904,-11.742335319519043,-0.005840142723172903,0.0,4005
14,21.799869537353516,0.7102489471435547,-11.78019905090332,-0.0057720341719686985,0.0,4005
15,21.77762222290039,1.0850787162780762,-11.886665344238281,-0.005707343574613333,0.0,4005
16,21.75771713256836,0.7717430591583252,-11.908141136169434,-0.005730470176786184,0.0,4005
17,21.753034591674805,1.0529637336730957,-11.914810180664062,-0.0057581267319619656,0.0,4005
18,21.71790885925293,0.45114755630493164,-11.87118911743164,-0.005776564124971628,0.0,4005
19,21.709712982177734,-0.4571199417114258,-11.785045623779297,-0.0058199563063681126,0.0,4005
20,21.77762222290039,0.5047202110290527,-11.836043357849121,-0.005831480026245117,0.0,4005
21,21.753034591674805,0.8550524711608887,-11.886808395385742,-0.005829413887113333,0.0,4005
22,21.72024917602539,0.7928073406219482,-11.878314971923828,-0.005767822265625,0.0,4005
23,21.71088409423828,0.7857799530029297,-11.893871307373047,-0.0057027339935302734,0.0,4005
24,21.695661544799805,0.16504526138305664,-11.774209022521973,-0.005877336021512747,0.0,4005
25,21.721418380737305,0.17099976539611816,-11.79947566986084,-0.005902131553739309,0.0,4005
26,21.74835205078125,1.0250508785247803,-11.909964561462402,-0.005784114357084036,0.0,4005
27,21.719078063964844,1.1400818824768066,-11.890769004821777,-0.005788882728666067,0.0,4005
28,21.701515197753906,1.0724902153015137,-11.899870872497559,-0.0058155059814453125,0.0,4005
29,21.672243118286133,0.6547808647155762,-11.86390209197998,-0.005873600486665964,0.0,4005
30,21.641801834106445,-0.2694368362426758,-11.699607849121094,-0.005982080940157175,0.0,4005
31,21.68395233154297,-0.17834007740020752,-11.728289604187012,-0.0059392452239990234,0.0,4005
32,21.707368850708008,0.4814565181732178,-11.830276489257812,-0.005886872764676809,0.0,4005
33,21.703857421875,1.0139107704162598,-11.932343482971191,-0.005897045135498047,0.0,4005
34,21.68746566772461,1.1780083179473877,-11.920049667358398,-0.00591905927285552,0.0,4005
35,21.65351104736328,0.5750656127929688,-11.832404136657715,-0.005901654716581106,0.0,4004
36,21.674585342407227,0.6034433841705322,-11.823526382446289,-0.005916913505643606,0.0,4004
37,21.68044090270996,0.7660925388336182,-11.945316314697266,-0.005868196487426758,0.0,4004
38,21.669902801513672,0.9342491626739502,-11.950331687927246,-0.0058521428145468235,0.0,4005
39,21.66638946533203,1.0811984539031982,-11.902445793151855,-0.005849917884916067,0.0,4005
40,21.638288497924805,0.5643010139465332,-11.891904830932617,-0.0058214664459228516,0.0,4005
41,21.63945960998535,0.16618967056274414,-11.762818336486816,-0.0059316158294677734,0.0,4004
42,21.672243118286133,0.44285058975219727,-11.815094947814941,-0.005937099456787109,0.0,4005
43,21.65351104736328,0.5534648895263672,-11.841737747192383,-0.0058786869049072266,0.0,4005
44,21.67341423034668,1.0164141654968262,-11.897510528564453,-0.005773464683443308,0.0,4005
45,21.65351104736328,1.2332439422607422,-11.933335304260254,-0.005819082260131836,0.0,4005
46,21.651166915893555,1.0833263397216797,-11.945093154907227,-0.005845785140991211,0.0,4005
47,21.633604049682617,0.1532435417175293,-11.799314498901367,-0.005860487464815378,0.0,4005
48,21.67341423034668,0.12881755828857422,-11.730408668518066,-0.005925337318331003,0.0,4005
49,21.669902801513672,0.32329559326171875,-11.812225341796875,-0.005898237228393555,0.0,4004
50,21.702686309814453,1.0345101356506348,-11.959290504455566,-0.005812724586576223,0.0,4004
51,21.688636779785156,1.6049444675445557,-11.9889554977417,-0.005771160125732422,0.0,4004
52,21.632434844970703,0.7803797721862793,-11.81684684753418,-0.005794525146484375,0.0,4004
53,21.651166915893555,0.007814168930053711,-11.797499656677246,-0.00587145471945405,0.0,4004
54,21.72024917602539,1.0202407836914062,-11.942061424255371,-0.005828300956636667,0.0,4004
55,21.641801834106445,0.13904571533203125,-11.7749605178833,-0.005876620765775442,0.0,4004
56,21.695661544799805,0.39759278297424316,-11.761754989624023,-0.005868434906005859,0.0,4004
57,21.6980037689209,0.8308053016662598,-11.87414836883545,-0.005823930259793997,0.0,4004
58,21.678098678588867,0.4347681999206543,-11.861926078796387,-0.005865812301635742,0.0,4004
59,21.699174880981445,0.24195313453674316,-11.706277847290039,-0.005987962242215872,0.0,4004
60,21.736642837524414,1.2347102165222168,-11.836427688598633,-0.005853732582181692,0.0,4004
61,21.71790885925293,1.4510035514831543,-11.930152893066406,-0.005806764122098684,0.0,4004
62,21.685123443603516,0.9246468544006348,-11.85152816772461,-0.0058208308182656765,0.0,4004
63,21.68629264831543,0.29155611991882324,-11.821246147155762,-0.005833228584378958,0.0,4004
0,21.71439552307129,0.7236778736114502,-11.792787551879883,-0.005865176673978567,0.0,4004
1,21.712055206298828,0.4081249237060547,-11.786118507385254,-0.005907615181058645,0.0,4005
2,21.73078727722168,0.5189895629882812,-11.757204055786133,-0.005934000015258789,0.0,4005
3,21.747180938720703,1.1347532272338867,-11.902606964111328,-0.005865971092134714,0.0,4005
4,21.729616165161133,1.3800501823425293,-11.90958023071289,-0.005771478172391653,0.0,4005
5,21.682783126831055,0.3645658493041992,-11.777687072753906,-0.00583338737487793,0.0,4005
6,21.721418380737305,0.4581034183502197,-11.76767349243164,-0.005930026527494192,0.0,4005
7,21.746009826660156,0.5032718181610107,-11.787861824035645,-0.005938132759183645,0.0,4005
8,21.760059356689453,1.3152658939361572,-11.896455764770508,-0.005877892021089792,0.0,4005
9,21.71088409423828,0.9090006351470947,-11.785045623779297,-0.005876302719116211,0.0,4005
10,21.721418380737305,0.4977107048034668,-11.75561237335205,-0.0059148469008505344,0.0,4005
11,21.76357078552246,1.4002561569213867,-11.93409538269043,-0.005861600395292044,0.0,4005
12,21.733129501342773,0.9117543697357178,-11.819351196289062,-0.005910476204007864,0.0,4005
13,21.705028533935547,0.08754730224609375,-11.655592918395996,-0.005951961036771536,0.0,4005
14,21.747180938720703,0.2186894416809082,-11.756515502929688,-0.00593113899230957,0.0,4005
15,21.735469818115234,0.5893349647521973,-11.77678394317627,-0.005951404571533203,0.0,4005
16,21.74835205078125,0.9724795818328857,-11.882034301757812,-0.0059246220625936985,0.0,4005
17,21.729616165161133,0.6782054901123047,-11.655137062072754,-0.005949974060058594,0.0,4005
18,21.747180938720703,0.34992098808288574,-11.645123481750488,-0.005946636199951172,0.0,4006
19,21.774110794067383,1.0913372039794922,-11.858582496643066,-0.0058896541595458984,0.0,4005
20,21.751863479614258,1.4597654342651367,-11.919227600097656,-0.00585166597738862,0.0,4006
21,21.75069236755371,1.1706948280334473,-11.794468879699707,-0.005920251365751028,0.0,4005
22,21.73781394958496,0.6930828094482422,-11.665526390075684,-0.0059740543365478516,0.0,4005
23,21.75420570373535,0.6327509880065918,-11.740350723266602,-0.0059827170334756374,0.0,4005
24,21.73078727722168,0.21831393241882324,-11.63608455657959,-0.006114006042480469,0.0,4005
25,21.770597457885742,0.43505430221557617,-11.66711711883545,-0.00611122464761138,0.0,4005
26,21.769428253173828,0.8349180221557617,-11.748397827148438,-0.0059986114501953125,0.0,4005
27,21.76825714111328,0.9002208709716797,-11.74665355682373,-0.006043275352567434,0.0,4005
28,21.776453018188477,1.0335087776184082,-11.762210845947266,-0.006056149955838919,0.0,4005
29,21.76357078552246,0.9766638278961182,-11.720090866088867,-0.0060695805586874485,0.0,4005
30,21.762401580810547,0.8048593997955322,-11.744070053100586,-0.0060689449310302734,0.0,4005
31,21.749521255493164,0.20624399185180664,-11.729496955871582,-0.006105025764554739,0.0,4005
32,21.785818099975586,0.33121705055236816,-11.661815643310547,-0.006120920181274414,0.0,4005
33,21.808067321777344,1.0985970497131348,-11.752581596374512,-0.006059169769287109,0.0,4006
34,21.77762222290039,1.1348247528076172,-11.74270248413086,-0.00605456018820405,0.0,4005
35,21.774110794067383,0.7754802703857422,-11.71296501159668,-0.0061079659499228,0.0,4006
36,21.783477783203125,0.8536934852600098,-11.735576629638672,-0.006094694137573242,0.0,4005
37,21.774110794067383,0.6224513053894043,-11.694439888000488,-0.006127516273409128,0.0,4006
38,21.785818099975586,0.8539795875549316,-11.701655387878418,-0.006116787437349558,0.0,4005
39,21.78816032409668,0.7606029510498047,-11.70681381225586,-0.006121476646512747,0.0,4006
40,21.811580657958984,1.1130094528198242,-11.74878215789795,-0.006142616271972656,0.0,4005
41,21.79869842529297,0.9086966514587402,-11.760091781616211,-0.006147305015474558,0.0,4005
42,21.783477783203125,0.2425074577331543,-11.626982688903809,-0.006184101104736328,0.0,4005
43,21.801040649414062,0.28429627418518066,-11.64981746673584,-0.006149133201688528,0.0,4005
44,21.833826065063477,0.8255302906036377,-11.733600616455078,-0.006150881294161081,0.0,4005
45,21.824459075927734,1.4306902885437012,-11.771160125732422,-0.006177981849759817,0.0,4005
46,21.776453018188477,0.7216215133666992,-11.646946907043457,-0.006190061569213867,0.0,4005
47,21.820945739746094,0.9871959686279297,-11.713260650634766,-0.006165981292724609,0.0,4005
48,21.810409545898438,1.0680735111236572,-11.74491024017334,-0.0061777434311807156,0.0,4005
49,21.786989212036133,0.3956258296966553,-11.64557933807373,-0.006261110305786133,0.0,4005
50,21.799869537353516,0.022995471954345703,-11.616119384765625,-0.0062641301192343235,0.0,4006
51,21.811580657958984,0.18328428268432617,-11.564299583435059,-0.006260951515287161,0.0,4005
52,21.85607147216797,1.3231158256530762,-11.798250198364258,-0.0061763920821249485,0.0,4005
53,21.818603515625,1.3479173183441162,-11.748165130615234,-0.006226778030395508,0.0,4005
54,21.783477783203125,0.48433542251586914,-11.609682083129883,-0.00622423505410552,0.0,4005
55,21.817434310913086,0.5023598670959473,-11.629941940307617,-0.006221691612154245,0.0,4005
56,21.819774627685547,0.7055997848510742,-11.685562133789062,-0.006242990493774414,0.0,4005
57,21.832656860351562,1.0523557662963867,-11.77397632598877,-0.0062103271484375,0.0,4005
58,21.830312728881836,1.3121366500854492,-11.72896957397461,-0.006186326500028372,0.0,4005
59,21.817434310913086,1.0084033012390137,-11.622807502746582,-0.006234248634427786,0.0,4005
60,21.832656860351562,0.9434044361114502,-11.682682991027832,-0.00623313570395112,0.0,4005
61,21.801040649414062,0.42482614517211914,-11.639043807983398,-0.0062883696518838406,0.0,4005
62,21.829143524169922,0.09707808494567871,-11.593741416931152,-0.006321986671537161,0.0,4005
63,21.86075782775879,0.6298363208770752,-11.651266098022461,-0.006257692817598581,0.0,4005
0,21.831483840942383,0.46176910400390625,-11.605506896972656,-0.006275256630033255,0.0,4005
1,21.863096237182617,1.0309159755706787,-11.74270248413086,-0.006197214126586914,0.0,4006
2,21.84670639038086,1.2839198112487793,-11.705821990966797,-0.006272315979003906,0.0,4005
3,21.81626319885254,0.6007790565490723,-11.599588394165039,-0.006302913185209036,0.0,4005
4,21.84670639038086,0.5964875221252441,-11.686402320861816,-0.006268978118896484,0.0,4005
5,21.840850830078125,0.5804657936096191,-11.648448944091797,-0.0062925019301474094,0.0,4004
6,21.851388931274414,0.8128702640533447,-11.667206764221191,-0.006272554397583008,0.0,4005
7,21.84904670715332,1.3308405876159668,-11.731633186340332,-0.006266117095947266,0.0,4006
8,21.806894302368164,0.5140900611877441,-11.55291748046875,-0.006381432060152292,0.0,4005
9,21.829143524169922,0.025141239166259766,-11.59549331665039,-0.0063494048081338406,0.0,4005
10,21.878318786621094,1.3003885746002197,-11.759323120117188,-0.006263414863497019,0.0,4005
11,21.83499526977539,1.1433720588684082,-11.668261528015137,-0.006278832908719778,0.0,4005
12,21.842023849487305,1.0493159294128418,-11.672812461853027,-0.006262938026338816,0.0,4005
13,21.823286056518555,0.6114542484283447,-11.654296875,-0.0062946476973593235,0.0,4005
14,21.832656860351562,0.34151673316955566,-11.58486270904541,-0.006392876151949167,0.0,4005
15,21.83850860595703,0.6331086158752441,-11.594125747680664,-0.006365219596773386,0.0,4005
16,21.832656860351562,0.26264190673828125,-11.523548126220703,-0.006404797080904245,0.0,4005
17,21.847875595092773,0.5504250526428223,-11.620831489562988,-0.00635520601645112,0.0,4005
18,21.871294021606445,1.3178586959838867,-11.81768798828125,-0.006239732261747122,0.0,4005
19,21.832656860351562,1.0139107704162598,-11.698919296264648,-0.006287415977567434,0.0,4005
20,21.81626319885254,0.1137077808380127,-11.444396018981934,-0.006412188056856394,0.0,4005
21,21.878318786621094,1.0813593864440918,-11.70695686340332,-0.006292263511568308,0.0,4005
22,21.83968162536621,1.2644648551940918,-11.735871315002441,-0.006329139228910208,0.0,4005
23,21.83499526977539,0.8990764617919922,-11.648904800415039,-0.006376028060913086,0.0,4005
24,21.847875595092773,0.9982645511627197,-11.641708374023438,-0.00632341718301177,0.0,4005
25,21.820945739746094,0.40193796157836914,-11.558156967163086,-0.0063968501053750515,0.0,4005
26,21.84670639038086,0.6621122360229492,-11.649290084838867,-0.006400108337402344,0.0,4005
27,21.864269256591797,1.1710703372955322,-11.72593879699707,-0.006320794578641653,0.0,4005
28,21.830312728881836,0.6590723991394043,-11.59631633758545,-0.006379127502441406,0.0,4005
29,21.832656860351562,0.2389848232269287,-11.523467063903809,-0.006452163215726614,0.0,4005
30,21.85724449157715,0.6698191165924072,-11.634198188781738,-0.006411393638700247,0.0,4005
31,21.861927032470703,1.0840058326721191,-11.721235275268555,-0.006348291877657175,0.0,4005
32,21.837339401245117,0.8880257606506348,-11.636701583862305,-0.006366650108247995,0.0,4005
33,21.83499526977539,0.6043553352355957,-11.533114433288574,-0.006417433265596628,0.0,4005
34,21.850217819213867,0.7857799530029297,-11.674565315246582,-0.006409565452486277,0.0,4005
35,21.85724449157715,1.1718392372131348,-11.684417724609375,-0.006367921829223633,0.0,4005
36,21.82211685180664,0.35244226455688477,-11.536073684692383,-0.00642077112570405,0.0,4005
37,21.83499526977539,-0.03536045551300049,-11.525604248046875,-0.00646519660949707,0.0,4005
38,21.870121002197266,0.8802294731140137,-11.652776718139648,-0.0064069428481161594,0.0,4005
39,21.858413696289062,1.1233806610107422,-11.702638626098633,-0.006399949546903372,0.0,4005
40,21.861927032470703,1.2902319431304932,-11.678364753723145,-0.0063654580153524876,0.0,4005
41,21.83850860595703,0.9013652801513672,-11.614912986755371,-0.006349483970552683,0.0,4004
42,21.832656860351562,0.5327224731445312,-11.576136589050293,-0.006445646286010742,0.0,4004
43,21.870121002197266,1.0198473930358887,-11.663934707641602,-0.0064481100998818874,0.0,4004
44,21.850217819213867,0.6993412971496582,-11.602163314819336,-0.0064371428452432156,0.0,4005
45,21.850217819213867,0.25423765182495117,-11.507391929626465,-0.006476163864135742,0.0,4005
46,21.89354133605957,1.2086033821105957,-11.69406509399414,-0.006361484527587891,0.0,4005
47,21.85724449157715,1.0689854621887207,-11.700359344482422,-0.006402015686035156,0.0,4005
48,21.83499526977539,0.3634214401245117,-11.576136589050293,-0.0064771175384521484,0.0,4005
49,21.830312728881836,-0.07579922676086426,-11.454346656799316,-0.0064960322342813015,0.0,4004
50,21.89002799987793,0.9690463542938232,-11.649137496948242,-0.006425460334867239,0.0,4005
51,21.861927032470703,1.3444125652313232,-11.71690845489502,-0.006407896522432566,0.0,4005
52,21.83499526977539,0.6334304809570312,-11.650049209594727,-0.006418148521333933,0.0,4005
53,21.863096237182617,0.6349503993988037,-11.53894329071045,-0.006484428886324167,0.0,4005
54,21.87363624572754,0.8603990077972412,-11.598748207092285,-0.0064748129807412624,0.0,4005
55,21.872465133666992,1.2256264686584473,-11.6929292678833,-0.0064031281508505344,0.0,4005
56,21.842023849487305,0.6951391696929932,-11.598363876342773,-0.0064655146561563015,0.0,4005
57,21.867782592773438,0.6473958492279053,-11.581376075744629,-0.006454785820096731,0.0,4005
58,21.866609573364258,0.6703555583953857,-11.588054656982422,-0.006447950843721628,0.0,4005
59,21.858413696289062,0.7638037204742432,-11.609753608703613,-0.006488800048828125,0.0,4004
60,21.850217819213867,0.6333410739898682,-11.62409496307373,-0.006471554283052683,0.0,4004
61,21.85607147216797,0.4347681999206543,-11.50556755065918,-0.006498654838651419,0.0,4004
62,21.8759765625,1.0493874549865723,-11.605506896972656,-0.006445010658353567,0.0,4004
63,21.84670639038086,0.6787419319152832,-11.58880615234375,-0.006503502372652292,0.0,4004
0,21.864269256591797,0.9842276573181152,-11.638587951660156,-0.006482521537691355,0.0,4004
1,21.866609573364258,1.1787056922912598,-11.652177810668945,-0.00641322135925293,0.0,4004
2,21.85724449157715,0.6839275360107422,-11.565515518188477,-0.006463766098022461,0.0,4005
3,21.86895179748535,0.5706310272216797,-11.629253387451172,-0.006464958190917969,0.0,4005
4,21.853729248046875,0.3791391849517822,-11.635476112365723,-0.006438255310058594,0.0,4005
5,21.85958480834961,0.17085671424865723,-11.497897148132324,-0.006560484413057566,0.0,4005
6,21.881832122802734,0.6632566452026367,-11.562028884887695,-0.0064890384674072266,0.0,4004
7,21.884174346923828,0.8987724781036377,-11.636773109436035,-0.006475368980318308,0.0,4004
8,21.87363624572754,1.0307729244232178,-11.647403717041016,-0.0064957938157022,0.0,4004
9,21.86075782775879,1.1344492435455322,-11.636316299438477,-0.0064716339111328125,0.0,4004
10,21.844364166259766,0.7134497165679932,-11.528635025024414,-0.006499210838228464,0.0,4004
11,21.87714958190918,0.9552419185638428,-11.618489265441895,-0.006466388702392578,0.0,4004
12,21.840850830078125,0.6768286228179932,-11.6626558303833,-0.006479819770902395,0.0,4004
13,21.850217819213867,0.4176020622253418,-11.556709289550781,-0.0065212249755859375,0.0,4004
14,21.861927032470703,0.45543909072875977,-11.527946472167969,-0.006515184883028269,0.0,4004
15,21.870121002197266,0.5250155925750732,-11.595564842224121,-0.006497383117675781,0.0,4004
16,21.898225784301758,0.9235024452209473,-11.594197273254395,-0.006512165069580078,0.0,4004
17,21.871294021606445,0.9281516075134277,-11.628958702087402,-0.006506204605102539,0.0,4005
18,21.865440368652344,0.9346425533294678,-11.58151912689209,-0.006501356605440378,0.0,4005
19,21.864269256591797,0.7644295692443848,-11.557093620300293,-0.006492455955594778,0.0,4005
20,21.87363624572754,0.8905291557312012,-11.624407768249512,-0.006512641906738281,0.0,4005
21,21.85607147216797,0.6679058074951172,-11.635700225830078,-0.006481488700956106,0.0,4005
22,21.861927032470703,0.39821863174438477,-11.57059383392334,-0.006470283027738333,0.0,4005
23,21.85958480834961,0.07463693618774414,-11.508599281311035,-0.006547451019287109,0.0,4005
24,21.887685775756836,0.5308091640472412,-11.59662914276123,-0.0065379939042031765,0.0,4005
25,21.88651466369629,0.8971810340881348,-11.635860443115234,-0.006473620887845755,0.0,4005
26,21.867782592773438,0.6939232349395752,-11.555877685546875,-0.0065152645111083984,0.0,4005
27,21.887685775756836,1.1249184608459473,-11.618560791015625,-0.006505489349365234,0.0,4004
28,21.87948989868164,1.2774109840393066,-11.63502025604248,-0.006530443672090769,0.0,4004
29,21.870121002197266,0.8259952068328857,-11.612569808959961,-0.0065155029296875,0.0,4004
30,21.85958480834961,0.4576563835144043,-11.524003982543945,-0.006530205253511667,0.0,4005
31,21.870121002197266,0.5836129188537598,-11.542287826538086,-0.0065195560455322266,0.0,4005
32,21.8759765625,0.8517801761627197,-11.614161491394043,-0.006503263954073191,0.0,4004
33,21.87363624572754,0.8104920387268066,-11.670533180236816,-0.006511131767183542,0.0,4005
34,21.845535278320312,0.2924680709838867,-11.547597885131836,-0.006539106369018555,0.0,4005
35,21.872465133666992,0.47541260719299316,-11.495616912841797,-0.006529966834932566,0.0,4005
36,21.88300132751465,1.0524272918701172,-11.629637718200684,-0.006506681442260742,0.0,4005
37,21.85256004333496,0.5256950855255127,-11.585614204406738,-0.006549040321260691,0.0,4005
38,21.88651466369629,0.7561862468719482,-11.584022521972656,-0.00649261474609375,0.0,4005
39,21.867782592773438,0.8877217769622803,-11.585846900939941,-0.006521622184664011,0.0,4004
40,21.85958480834961,0.6308197975158691,-11.56141185760498,-0.006537357810884714,0.0,4004
41,21.885345458984375,0.6685853004455566,-11.599275588989258,-0.0065538883209228516,0.0,4004
42,21.89002799987793,0.9814023971557617,-11.608993530273438,-0.006529251579195261,0.0,4004
43,21.872465133666992,0.8971095085144043,-11.573025703430176,-0.0065180459059774876,0.0,4005
44,21.84904670715332,0.4246830940246582,-11.554813385009766,-0.006545146461576223,0.0,4005
45,21.872465133666992,0.29751062393188477,-11.553060531616211,-0.006575981620699167,0.0,4005
46,21.888858795166016,0.4564225673675537,-11.534320831298828,-0.0065975189208984375,0.0,4005
47,21.887685775756836,0.7499277591705322,-11.550718307495117,-0.006534735206514597,0.0,4005
48,21.85607147216797,0.3161966800689697,-11.509349822998047,-0.006549358367919922,0.0,4004
49,21.885345458984375,1.1642038822174072,-11.66802978515625,-0.006486654281616211,0.0,4004
50,21.86075782775879,1.1246860027313232,-11.640938758850098,-0.006524960044771433,0.0,4004
51,21.847875595092773,0.5749762058258057,-11.540472030639648,-0.006555954460054636,0.0,4004
52,21.874807357788086,0.7106423377990723,-11.560956001281738,-0.006543318275362253,0.0,4004
53,21.867782592773438,0.5688071250915527,-11.556333541870117,-0.006559610366821289,0.0,4004
54,21.872465133666992,0.5810916423797607,-11.641547203063965,-0.0065265498124063015,0.0,4005
55,21.878318786621094,0.8204340934753418,-11.589941024780273,-0.006496906280517578,0.0,4005
56,21.867782592773438,0.6011545658111572,-11.493185043334961,-0.0065778098069131374,0.0,4004
57,21.865440368652344,0.4924356937408447,-11.55579662322998,-0.006590366363525391,0.0,4004
58,21.87948989868164,1.0287880897521973,-11.684507369995117,-0.006517489906400442,0.0,4004
59,21.85607147216797,0.8001923561096191,-11.570137977600098,-0.0065570673905313015,0.0,4004
60,21.842023849487305,0.3219187259674072,-11.442509651184082,-0.006597042083740234,0.0,4005
61,21.864269256591797,0.7295608520507812,-11.607107162475586,-0.006521940231323242,0.0,4005
62,21.83850860595703,0.44032931327819824,-11.57514476776123,-0.0065671601332724094,0.0,4005
63,21.865440368652344,0.7259666919708252,-11.595788955688477,-0.00656135892495513,0.0,4005
0,21.85607147216797,0.42774081230163574,-11.512398719787598,-0.006573756691068411,0.0,4005
1,21.881832122802734,0.6773829460144043,-11.569225311279297,-0.006560643669217825,0.0,4004
2,21.88651466369629,0.9293675422668457,-11.62759017944336,-0.006545543670654297,0.0,4004
3,21.861927032470703,0.6367027759552002,-11.57059383392334,-0.006569067481905222,0.0,4004
4,21.871294021606445,0.7720470428466797,-11.551237106323242,-0.006540218833833933,0.0,4004
5,21.844364166259766,0.3448069095611572,-11.532658576965332,-0.006571372505277395,0.0,4005
6,21.881832122802734,0.7747292518615723,-11.591461181640625,-0.006570736411958933,0.0,4005
7,21.87948989868164,1.1171936988830566,-11.633652687072754,-0.006479819770902395,0.0,4005
8,21.85958480834961,0.8960366249084473,-11.587214469909668,-0.006516218185424805,0.0,4005
9,21.853729248046875,0.3683924674987793,-11.520364761352539,-0.0065975189208984375,0.0,4005
10,21.88300132751465,0.6087899208068848,-11.552461624145508,-0.006617069244384766,0.0,4005
11,21.874807357788086,0.8856654167175293,-11.612712860107422,-0.006571372505277395,0.0,4005
12,21.85607147216797,0.48061609268188477,-11.54472827911377,-0.0065523781813681126,0.0,4005
13,21.85958480834961,0.3354191780090332,-11.486211776733398,-0.006556431297212839,0.0,4005
14,21.85724449157715,0.3520488739013672,-11.5177001953125,-0.006612857338041067,0.0,4005
15,21.888858795166016,1.0908722877502441,-11.68200397491455,-0.006542364601045847,0.0,4005
16,21.85256004333496,0.9514868259429932,-11.618712425231934,-0.006521940231323242,0.0,4004
17,21.854900360107422,0.2161860466003418,-11.477860450744629,-0.006596565246582031,0.0,4004
18,21.891197204589844,0.9971201419830322,-11.622127532958984,-0.0065434775315225124,0.0,4004
19,21.861927032470703,0.9580492973327637,-11.628413200378418,-0.0065600075758993626,0.0,4004
20,21.844364166259766,0.5261600017547607,-11.501383781433105,-0.006614208221435547,0.0,4004
21,21.867782592773438,0.7123053073883057,-11.542519569396973,-0.006573279853910208,0.0,4004
22,21.86895179748535,0.6054997444152832,-11.519596099853516,-0.006588777061551809,0.0,4005
23,21.858413696289062,0.2816319465637207,-11.529243469238281,-0.006624698638916016,0.0,4005
24,21.897052764892578,0.8510112762451172,-11.611425399780273,-0.006550788879394531,0.0,4005
25,21.867782592773438,0.5443990230560303,-11.555421829223633,-0.0065540471114218235,0.0,4005
26,21.85958480834961,0.3287851810455322,-11.50571060180664,-0.006574869155883789,0.0,4005
27,21.885345458984375,0.9057998657226562,-11.619991302490234,-0.006589969154447317,0.0,4005
28,21.858413696289062,0.8400321006774902,-11.610746383666992,-0.006551822181791067,0.0,4005
29,21.85958480834961,0.46969056129455566,-11.485674858093262,-0.006541410926729441,0.0,4004
30,21.871294021606445,0.6426572799682617,-11.517315864562988,-0.0065920352935791016,0.0,4004
31,21.87948989868164,0.8832871913909912,-11.646106719970703,-0.006576696876436472,0.0,4004
32,21.864269256591797,0.6322860717773438,-11.562323570251465,-0.006596406456083059,0.0,4004
33,21.8759765625,0.6196081638336182,-11.52392292022705,-0.0066066584549844265,0.0,4004
34,21.874807357788086,0.6280839443206787,-11.562707901000977,-0.006574551109224558,0.0,4004
35,21.87714958190918,0.5682706832885742,-11.583495140075684,-0.006570895668119192,0.0,4004
36,21.87363624572754,0.6352543830871582,-11.556405067443848,-0.006605227943509817,0.0,4004
37,21.871294021606445,0.5258560180664062,-11.521276473999023,-0.0065883793868124485,0.0,4005
38,21.87714958190918,0.6615757942199707,-11.505183219909668,-0.006580352783203125,0.0,4005
39,21.863096237182617,0.4936516284942627,-11.536439895629883,-0.006599982734769583,0.0,4005
40,21.870121002197266,0.9341776371002197,-11.653393745422363,-0.0065409340895712376,0.0,4005
41,21.85256004333496,0.5555212497711182,-11.572498321533203,-0.006545861717313528,0.0,4005
42,21.85724449157715,0.12980103492736816,-11.494937896728516,-0.006614843849092722,0.0,4005
43,21.8759765625,0.41361451148986816,-11.483099937438965,-0.0066274008713662624,0.0,4005
44,21.87714958190918,0.7928788661956787,-11.588663101196289,-0.006599982734769583,0.0,4005
45,21.87714958190918,1.0545730590820312,-11.618176460266113,-0.006567955017089844,0.0,4005
46,21.870121002197266,0.8369028568267822,-11.588438987731934,-0.006540775299072266,0.0,4005
47,21.88300132751465,0.6466984748840332,-11.552765846252441,-0.006573279853910208,0.0,4005
48,21.861927032470703,0.3640294075012207,-11.500784873962402,-0.00663447380065918,0.0,4005
49,21.88066291809082,0.6517410278320312,-11.573248863220215,-0.006540775299072266,0.0,4005
50,21.87363624572754,0.5874216556549072,-11.568626403808594,-0.0065349736250936985,0.0,4004
51,21.854900360107422,0.4764139652252197,-11.530226707458496,-0.006625572685152292,0.0,4004
52,21.861927032470703,0.4713892936706543,-11.56444263458252,-0.006601890083402395,0.0,4004
53,21.865440368652344,0.40454864501953125,-11.482349395751953,-0.006630738731473684,0.0,4004
54,21.888858795166016,0.3193974494934082,-11.492210388183594,-0.006632089614868164,0.0,4004
55,21.905250549316406,0.9141147136688232,-11.591085433959961,-0.0065495967864990234,0.0,4005
56,21.861927032470703,0.5362987518310547,-11.550333976745605,-0.006580909248441458,0.0,4005
57,21.874807357788086,0.7067441940307617,-11.606491088867188,-0.0065769352950155735,0.0,4005
58,21.884174346923828,1.0619044303894043,-11.604372024536133,-0.0065341792069375515,0.0,4005
59,21.85958480834961,0.6582140922546387,-11.529019355773926,-0.006573677062988281,0.0,4005
60,21.88066291809082,0.5524814128875732,-11.544343948364258,-0.006616830825805664,0.0,4005
61,21.885345458984375,0.8587181568145752,-11.613249778747559,-0.006569385528564453,0.0,4005
62,21.87363624572754,0.4884660243988037,-11.53136157989502,-0.006552696228027344,0.0,4005
63,21.888858795166016,0.4313349723815918,-11.472174644470215,-0.006590366363525391,0.0,4005
0,21.892370223999023,0.6205201148986816,-11.559211730957031,-0.006578525062650442,0.0,4005
1,21.871294021606445,0.7609963417053223,-11.605122566223145,-0.00656119966879487,0.0,4005
2,21.847875595092773,0.025892257690429688,-11.456465721130371,-0.00665283203125,0.0,4005
3,21.902908325195312,0.1497209072113037,-11.48863410949707,-0.0066167511977255344,0.0,4005
4,21.905250549316406,0.7941842079162598,-11.590486526489258,-0.006573518272489309,0.0,4005
5,21.887685775756836,0.6272435188293457,-11.574617385864258,-0.006604115013033152,0.0,4004
6,21.87363624572754,0.49463510513305664,-11.537969589233398,-0.006587028503417969,0.0,4004
7,21.863096237182617,-0.09303689002990723,-11.469599723815918,-0.006610870361328125,0.0,4005
8,21.911102294921875,0.9673655033111572,-11.56778621673584,-0.006578127387911081,0.0,4005
9,21.8759765625,0.8495628833770752,-11.61036205291748,-0.0065867104567587376,0.0,4004
10,21.870121002197266,0.8004248142242432,-11.549878120422363,-0.006589015480130911,0.0,4004
11,21.881832122802734,0.6667613983154297,-11.517861366271973,-0.006588538642972708,0.0,4004
12,21.894710540771484,0.7587790489196777,-11.593517303466797,-0.006563504692167044,0.0,4004
13,21.887685775756836,0.6810307502746582,-11.581974983215332,-0.006577571388334036,0.0,4005
14,21.87714958190918,0.6453394889831543,-11.539327621459961,-0.006595770362764597,0.0,4005
15,21.887685775756836,0.7874608039855957,-11.535528182983398,-0.006567716598510742,0.0,4004
16,21.87948989868164,0.7612109184265137,-11.545175552368164,-0.006577491760253906,0.0,4004
17,21.87363624572754,0.6090760231018066,-11.566722869873047,-0.006610949989408255,0.0,4004
18,21.851388931274414,-0.006982684135437012,-11.524147033691406,-0.006654024124145508,0.0,4004
19,21.861927032470703,-0.414159893989563,-11.420496940612793,-0.006646076682955027,0.0,4005
20,21.90993309020996,0.027805566787719727,-11.43483829498291,-0.00663765287026763,0.0,4004
21,21.929838180541992,1.4359652996063232,-11.676836013793945,-0.0065479278564453125,0.0,4005
22,21.870121002197266,1.1952459812164307,-11.650657653808594,-0.0065311589278280735,0.0,4005
23,21.832656860351562,0.18442869186401367,-11.477109909057617,-0.006609916687011719,0.0,4005
24,21.894710540771484,0.6137430667877197,-11.56049919128418,-0.006561756134033203,0.0,4005
25,21.87714958190918,0.5859017372131348,-11.564603805541992,-0.006587425712496042,0.0,4005
26,21.87714958190918,0.2921640872955322,-11.53591251373291,-0.006632725242525339,0.0,4005
27,21.88651466369629,0.3390848636627197,-11.496376991271973,-0.006598392967134714,0.0,4005
28,21.902908325195312,0.6666183471679688,-11.54206371307373,-0.006573597434908152,0.0,4004
29,21.891197204589844,0.9446203708648682,-11.630326271057129,-0.006492058280855417,0.0,4004
30,21.858413696289062,0.5337774753570557,-11.58934211730957,-0.006596724037081003,0.0,4004
31,21.87948989868164,0.43993592262268066,-11.494096755981445,-0.006660938262939453,0.0,4004
32,21.87948989868164,0.6348788738250732,-11.513677597045898,-0.00659950589761138,0.0,4005
33,21.871294021606445,0.5303442478179932,-11.53227424621582,-0.006617466453462839,0.0,4005
34,21.87948989868164,0.5383551120758057,-11.580240249633789,-0.006589571479707956,0.0,4006
35,21.90056610107422,0.7443487644195557,-11.62015151977539,-0.006551027297973633,0.0,4005
36,21.866609573364258,0.4757344722747803,-11.518317222595215,-0.006578842643648386,0.0,4005
37,21.8759765625,0.10380148887634277,-11.475133895874023,-0.006636699195951223,0.0,4005
38,21.905250549316406,0.6005465984344482,-11.5769681930542,-0.006635745521634817,0.0,4005
39,21.894710540771484,1.0180950164794922,-11.63221263885498,-0.006548643112182617,0.0,4005
40,21.863096237182617,0.45801401138305664,-11.542135238647461,-0.0065610408782958984,0.0,4005
41,21.88066291809082,0.3105461597442627,-11.515357971191406,-0.0066188969649374485,0.0,4005
42,21.861927032470703,-0.10709166526794434,-11.461016654968262,-0.006665388587862253,0.0,4005
43,21.899394989013672,0.46740174293518066,-11.5894136428833,-0.006598949432373047,0.0,4005
44,21.88066291809082,0.7384836673736572,-11.578336715698242,-0.006519794464111328,0.0,4005
45,21.87948989868164,0.6568551063537598,-11.549878120422363,-0.006530284881591797,0.0,4005
46,21.865440368652344,0.6111502647399902,-11.591845512390137,-0.006600856781005859,0.0,4005
47,21.864269256591797,0.3119230270385742,-11.542903900146484,-0.006631771568208933,0.0,4005
48,21.87714958190918,0.08974671363830566,-11.490994453430176,-0.0066070556640625,0.0,4005
49,21.90056610107422,0.6254196166992188,-11.576369285583496,-0.006549914833158255,0.0,4005
50,21.87363624572754,0.47580599784851074,-11.572345733642578,-0.006581226829439402,0.0,4005
51,21.8759765625,0.4493236541748047,-11.50798225402832,-0.006646791938692331,0.0,4005
52,21.894710540771484,0.6813347339630127,-11.598068237304688,-0.006559053901582956,0.0,4005
53,21.885345458984375,1.1103272438049316,-11.607787132263184,-0.006517171859741211,0.0,4005
54,21.87363624572754,0.7451176643371582,-11.597908020019531,-0.006560564041137695,0.0,4005
55,21.887685775756836,0.7101774215698242,-11.60701847076416,-0.006593465805053711,0.0,4005
56,21.88066291809082,0.6482183933258057,-11.593588829040527,-0.0065472922287881374,0.0,4005
57,21.847875595092773,-0.07672011852264404,-11.492818832397461,-0.0066030025482177734,0.0,4005
58,21.864269256591797,-0.5122840404510498,-11.4150972366333,-0.006704568862915039,0.0,4005
59,21.92047119140625,0.8291244506835938,-11.615824699401855,-0.0066068172454833984,0.0,4005
60,21.874807357788086,0.7527530193328857,-11.602324485778809,-0.006536563392728567,0.0,4005
61,21.88300132751465,0.7161319255828857,-11.56301212310791,-0.006541013717651367,0.0,4006
62,21.88300132751465,0.8777260780334473,-11.573025703430176,-0.006577014923095703,0.0,4005
63,21.864269256591797,0.5839884281158447,-11.585158348083496,-0.006587187293916941,0.0,4005
0,21.871294021606445,0.3363490104675293,-11.570361137390137,-0.0065723261795938015,0.0,4005
1,21.881832122802734,0.21654367446899414,-11.515268325805664,-0.006575664039701223,0.0,4005
2,21.891197204589844,0.2581357955932617,-11.478021621704102,-0.0065958499908447266,0.0,4005
3,21.901737213134766,0.8167684078216553,-11.643987655639648,-0.006547132972627878,0.0,4005
4,21.87714958190918,0.7660925388336182,-11.641162872314453,-0.00651415204629302,0.0,4005
5,21.88066291809082,0.5536973476409912,-11.528473854064941,-0.006550709251314402,0.0,4005
6,21.8759765625,0.43002963066101074,-11.538121223449707,-0.006570418830960989,0.0,4005
7,21.865440368652344,0.3571629524230957,-11.566579818725586,-0.006579796317964792,0.0,4005
8,21.872465133666992,0.5082249641418457,-11.565971374511719,-0.006573279853910208,0.0,4005
9,21.870121002197266,0.6037473678588867,-11.55906867980957,-0.006501197814941406,0.0,4005
10,21.865440368652344,0.5034327507019043,-11.558979988098145,-0.006520986557006836,0.0,4005
11,21.872465133666992,0.6024420261383057,-11.564371109008789,-0.006605625152587891,0.0,4005
12,21.861927032470703,0.4439234733581543,-11.577192306518555,-0.006575902458280325,0.0,4005
13,21.866609573364258,0.38385987281799316,-11.523324012756348,-0.006564299110323191,0.0,4005
14,21.87714958190918,0.4574239253997803,-11.560956001281738,-0.0065592131577432156,0.0,4005
15,21.88066291809082,0.6007790565490723,-11.594581604003906,-0.006650368217378855,0.0,4005
16,21.87948989868164,0.6349503993988037,-11.567401885986328,-0.006791114807128906,0.0,4005
17,21.86075782775879,0.09455680847167969,-11.493730545043945,-0.0068378448486328125,0.0,4005
18,21.897052764892578,0.6007790565490723,-11.551013946533203,-0.006774187088012695,0.0,4005
19,21.858413696289062,0.3425180912017822,-11.532434463500977,-0.006805101875215769,0.0,4005
20,21.863096237182617,0.12561678886413574,-11.4930419921875,-0.006820122245699167,0.0,4005
21,21.8759765625,0.5671262741088867,-11.525898933410645,-0.006764491554349661,0.0,4005
22,21.87714958190918,0.5597949028015137,-11.548206329345703,-0.006697098258882761,0.0,4005
23,21.88300132751465,0.7087290287017822,-11.55238151550293,-0.006715456489473581,0.0,4005
24,21.864269256591797,0.5541443824768066,-11.541152000427246,-0.006755908485502005,0.0,4005
25,21.87714958190918,0.5335450172424316,-11.528706550598145,-0.00673230504617095,0.0,4005
26,21.87363624572754,0.41452646255493164,-11.505934715270996,-0.0066774687729775906,0.0,4005
27,21.870121002197266,0.01780986785888672,-11.452290534973145,-0.006739775184541941,0.0,4005
28,21.89354133605957,0.021708011627197266,-11.495465278625488,-0.006745100021362305,0.0,4005
29,21.899394989013672,0.4249155521392822,-11.511397361755371,-0.0066777863539755344,0.0,4005
30,21.88651466369629,0.5135715007781982,-11.513453483581543,-0.0066316924057900906,0.0,4006
31,21.87363624572754,0.40508508682250977,-11.53872013092041,-0.006626685615628958,0.0,4005
32,21.881832122802734,0.6586074829101562,-11.54206371307373,-0.006725470069795847,0.0,4005
33,21.884174346923828,0.6914019584655762,-11.558612823486328,-0.006704092025756836,0.0,4005
34,21.871294021606445,0.46366453170776367,-11.484763145446777,-0.006700118537992239,0.0,4005
35,21.891197204589844,0.7967591285705566,-11.51626968383789,-0.006695985794067383,0.0,4005
36,21.87714958190918,0.6724834442138672,-11.561573028564453,-0.0066927275620400906,0.0,4005
37,21.87714958190918,0.5879580974578857,-11.576056480407715,-0.006663084030151367,0.0,4005
38,21.87363624572754,0.23884177207946777,-11.479389190673828,-0.006703615188598633,0.0,4005
39,21.885345458984375,-0.04558861255645752,-11.443787574768066,-0.006730318069458008,0.0,4005
40,21.89354133605957,0.0813603401184082,-11.505254745483398,-0.006714662071317434,0.0,4005
41,21.90056610107422,0.2598881721496582,-11.548053741455078,-0.00671839714050293,0.0,4006
42,21.874807357788086,0.10943412780761719,-11.494025230407715,-0.006701866630464792,0.0,4005
43,21.898225784301758,0.5243182182312012,-11.48863410949707,-0.006675879005342722,0.0,4006
44,21.901737213134766,1.0079562664031982,-11.616352081298828,-0.006618420127779245,0.0,4005
45,21.871294021606445,0.6340384483337402,-11.552005767822266,-0.006669124122709036,0.0,4005
46,21.884174346923828,0.4672586917877197,-11.488946914672852,-0.006681521888822317,0.0,4005
47,21.904077529907227,0.6070196628570557,-11.529090881347656,-0.00665275240316987,0.0,4005
48,21.87948989868164,0.5419492721557617,-11.563691139221191,-0.0066257319413125515,0.0,4006
49,21.858413696289062,0.04527568817138672,-11.48947525024414,-0.006704250816255808,0.0,4005
50,21.858413696289062,-0.47931969165802,-11.420336723327637,-0.006773789878934622,0.0,4005
51,21.90641975402832,0.28728246688842773,-11.505335807800293,-0.006664434913545847,0.0,4005
52,21.894710540771484,0.4185140132904053,-11.527946472167969,-0.006631453987210989,0.0,4005
53,21.892370223999023,0.4500925540924072,-11.51292610168457,-0.006722132209688425,0.0,4005
54,21.888858795166016,0.7789134979248047,-11.540857315063477,-0.006687641143798828,0.0,4005
55,21.842023849487305,-0.021788477897644043,-11.48666763305664,-0.006649573799222708,0.0,4006
56,21.898225784301758,0.19451379776000977,-11.523548126220703,-0.006661573890596628,0.0,4005
57,21.908763885498047,0.6966769695281982,-11.588573455810547,-0.006659666541963816,0.0,4006
58,21.88300132751465,0.7250547409057617,-11.599275588989258,-0.0066483817063272,0.0,4005
59,21.85958480834961,0.43117403984069824,-11.562627792358398,-0.0066070556640625,0.0,4005
60,21.87363624572754,0.33046603202819824,-11.508527755737305,-0.006629387382417917,0.0,4006
61,21.884174346923828,0.6119906902313232,-11.516725540161133,-0.0066922507248818874,0.0,4005
62,21.87948989868164,0.5457758903503418,-11.555197715759277,-0.00667126988992095,0.0,4005
63,21.871294021606445,0.21219849586486816,-11.478164672851562,-0.0066715083085000515,0.0,4006
0,21.87714958190918,-0.10457038879394531,-11.429983139038086,-0.006697416305541992,0.0,4005
1,21.897052764892578,0.6107747554779053,-11.572641372680664,-0.006665388587862253,0.0,4006
2,21.863096237182617,0.5176126956939697,-11.572641372680664,-0.0066303410567343235,0.0,4005
3,21.87714958190918,0.4796147346496582,-11.52491569519043,-0.006651957985013723,0.0,4005
4,21.88300132751465,0.6597518920898438,-11.542591094970703,-0.006659507751464844,0.0,4005
5,21.86895179748535,0.47396421432495117,-11.564371109008789,-0.006620486732572317,0.0,4004
6,21.85958480834961,0.15742778778076172,-11.497217178344727,-0.006687323097139597,0.0,4004
7,21.867782592773438,-0.1340121030807495,-11.513453483581543,-0.006659666541963816,0.0,4004
8,21.871294021606445,-0.11524558067321777,-11.431351661682129,-0.006671349052339792,0.0,4005
9,21.8759765625,0.11165142059326172,-11.465567588806152,-0.006699641700834036,0.0,4004
10,21.89354133605957,0.8730769157409668,-11.652410507202148,-0.006639560218900442,0.0,4004
11,21.85607147216797,0.41309595108032227,-11.559748649597168,-0.006652196403592825,0.0,4004
12,21.865440368652344,-0.21031200885772705,-11.420112609863281,-0.006697972770780325,0.0,4004
13,21.901737213134766,0.4804551601409912,-11.534026145935059,-0.006632725242525339,0.0,4005
14,21.88300132751465,0.6783664226531982,-11.618256568908691,-0.006649017333984375,0.0,4005
15,21.867782592773438,0.3588438034057617,-11.565899848937988,-0.006661653518676758,0.0,4005
16,21.87714958190918,0.31381845474243164,-11.470958709716797,-0.0066706337966024876,0.0,4006
17,21.872465133666992,0.7638931274414062,-11.548367500305176,-0.006639957427978516,0.0,4005
18,21.864269256591797,0.5348503589630127,-11.591693878173828,-0.006610313896089792,0.0,4005
19,21.861927032470703,0.36708712577819824,-11.571889877319336,-0.0066426596604287624,0.0,4005
20,21.832656860351562,-0.3878384828567505,-11.45753002166748,-0.006681839469820261,0.0,4005
21,21.867782592773438,-0.21809935569763184,-11.430510520935059,-0.00668017053976655,0.0,4005
22,21.894710540771484,0.7270395755767822,-11.60300350189209,-0.00664512300863862,0.0,4006
23,21.85958480834961,0.6344854831695557,-11.598979949951172,-0.006635268684476614,0.0,4005
24,21.85958480834961,0.4567265510559082,-11.516565322875977,-0.006661335472017527,0.0,4005
25,21.861927032470703,0.7584750652313232,-11.575376510620117,-0.006610313896089792,0.0,4005
26,21.840850830078125,0.25568604469299316,-11.535080909729004,-0.006653865333646536,0.0,4005
27,21.85958480834961,0.3480076789855957,-11.575376510620117,-0.006636063102632761,0.0,4005
28,21.820945739746094,-0.148889422416687,-11.462911605834961,-0.006660302635282278,0.0,4005
29,21.858413696289062,0.08243322372436523,-11.479157447814941,-0.006665388587862253,0.0,4006
30,21.87948989868164,0.7592260837554932,-11.651185035705566,-0.0065875849686563015,0.0,4005
31,21.850217819213867,0.45658349990844727,-11.605649948120117,-0.006589969154447317,0.0,4005
32,21.844364166259766,0.1351475715637207,-11.442875862121582,-0.0066967010498046875,0.0,4005
33,21.871294021606445,0.8925318717956543,-11.574920654296875,-0.0066068172454833984,0.0,4004
34,21.83616828918457,0.7779300212860107,-11.580991744995117,-0.0066051483154296875,0.0,4004
35,21.850217819213867,0.6392955780029297,-11.607625961303711,-0.006630738731473684,0.0,4005
36,21.84319305419922,0.2996385097503662,-11.545702934265137,-0.006634632591158152,0.0,4005
37,21.83616828918457,-0.2207547426223755,-11.409866333007812,-0.006691853050142527,0.0,4005
38,21.850217819213867,-0.14309585094451904,-11.479907989501953,-0.006690343376249075,0.0,4004
39,21.87948989868164,0.6364703178405762,-11.661431312561035,-0.006602128501981497,0.0,4004
40,21.84319305419922,0.5327939987182617,-11.564898490905762,-0.006616672035306692,0.0,4004
41,21.823286056518555,0.06489157676696777,-11.424816131591797,-0.006659984588623047,0.0,4005
42,21.831483840942383,0.04824399948120117,-11.50487995147705,-0.006681203842163086,0.0,4005
43,21.84670639038086,0.17085671424865723,-11.561187744140625,-0.006705602165311575,0.0,4005
44,21.871294021606445,0.6901144981384277,-11.551398277282715,-0.006658077239990234,0.0,4004
45,21.829143524169922,0.26661157608032227,-11.51125431060791,-0.006611029151827097,0.0,4004
46,21.853729248046875,0.2407371997833252,-11.512398719787598,-0.006655216217041016,0.0,4005
47,21.861927032470703,0.33121705055236816,-11.567035675048828,-0.006633281707763672,0.0,4005
48,21.866609573364258,0.49685239791870117,-11.634198188781738,-0.00657335901632905,0.0,4004
49,21.844364166259766,0.2398967742919922,-11.501920700073242,-0.006633917335420847,0.0,4004
50,21.85724449157715,0.3319859504699707,-11.490386962890625,-0.006635745521634817,0.0,4004
51,21.864269256591797,0.5410373210906982,-11.586159706115723,-0.006602922920137644,0.0,4004
52,21.867782592773438,0.7269501686096191,-11.573553085327148,-0.0066053071059286594,0.0,4004
53,21.83499526977539,0.5565226078033447,-11.542743682861328,-0.00662859296426177,0.0,4005
54,21.832656860351562,0.14551877975463867,-11.48666763305664,-0.0066409907303750515,0.0,4005
55,21.83616828918457,-0.3191739320755005,-11.439460754394531,-0.00672904634848237,0.0,4005
56,21.878318786621094,-0.18848776817321777,-11.51406192779541,-0.00671076774597168,0.0,4005
57,21.887685775756836,0.48884153366088867,-11.579238891601562,-0.006605943199247122,0.0,4005
58,21.84904670715332,0.11172294616699219,-11.53894329071045,-0.006583372596651316,0.0,4005
59,21.867782592773438,0.22770166397094727,-11.540472030639648,-0.006644487380981445,0.0,4005
60,21.85607147216797,0.6644725799560547,-11.56027603149414,-0.006656964775174856,0.0,4005
61,21.85256004333496,0.4521489143371582,-11.531290054321289,-0.006621757987886667,0.0,4005
62,21.872465133666992,0.8332371711730957,-11.583110809326172,-0.006561835762113333,0.0,4005
63,21.85958480834961,0.5355477333068848,-11.585390090942383,-0.006583849433809519,0.0,4004
0,21.847875595092773,0.14507174491882324,-11.511031150817871,-0.006663719657808542,0.0,4005
1,21.85724449157715,0.11835694313049316,-11.465639114379883,-0.006714979652315378,0.0,4005
2,21.85724449157715,0.3409266471862793,-11.542743682861328,-0.0066197714768350124,0.0,4005
3,21.844364166259766,0.15903711318969727,-11.533409118652344,-0.0066227116622030735,0.0,4005
4,21.865440368652344,0.2798795700073242,-11.577960968017578,-0.006640275474637747,0.0,4005
5,21.840850830078125,-0.17132163047790527,-11.53584098815918,-0.006664752960205078,0.0,4005
6,21.850217819213867,-0.3329068422317505,-11.40933895111084,-0.006688117980957031,0.0,4005
7,21.89002799987793,0.5202054977416992,-11.54935073852539,-0.006613016128540039,0.0,4004
8,21.871294021606445,0.8388876914978027,-11.595037460327148,-0.006584485527127981,0.0,4005
9,21.85958480834961,0.3889918327331543,-11.554286003112793,-0.006606181617826223,0.0,4004
10,21.861927032470703,-0.015994906425476074,-11.49645709991455,-0.0066434540785849094,0.0,4005
11,21.87948989868164,0.3668546676635742,-11.555108070373535,-0.006623983383178711,0.0,4005
12,21.85958480834961,0.5682706832885742,-11.599821090698242,-0.006595929618924856,0.0,4005
13,21.84670639038086,0.07274150848388672,-11.5647554397583,-0.006659904960542917,0.0,4005
14,21.865440368652344,0.22578835487365723,-11.497897148132324,-0.006649891380220652,0.0,4005
15,21.861927032470703,0.23914575576782227,-11.533409118652344,-0.006601730827242136,0.0,4005
16,21.85607147216797,0.26804208755493164,-11.497825622558594,-0.006666103843599558,0.0,4005
17,21.870121002197266,0.4244685173034668,-11.560956001281738,-0.006642261985689402,0.0,4005
18,21.85958480834961,0.6360232830047607,-11.572345733642578,-0.0065731205977499485,0.0,4005
19,21.83499526977539,0.14873743057250977,-11.485836029052734,-0.006618420127779245,0.0,4005
20,21.85958480834961,-0.11539757251739502,-11.521500587463379,-0.006661573890596628,0.0,4005
21,21.871294021606445,0.13407468795776367,-11.569154739379883,-0.006655216217041016,0.0,4005
22,21.85607147216797,-0.3139078617095947,-11.473470687866211,-0.006671905517578125,0.0,4005
23,21.895883560180664,0.39111971855163574,-11.536825180053711,-0.006604751106351614,0.0,4005
24,21.866609573364258,0.5047917366027832,-11.548510551452637,-0.00661015510559082,0.0,4005
25,21.854900360107422,0.5533218383789062,-11.582199096679688,-0.006617387291043997,0.0,4005
26,21.844364166259766,0.16200542449951172,-11.517182350158691,-0.0066455998457968235,0.0,4005
27,21.87948989868164,0.49944519996643066,-11.533185958862305,-0.006614526268094778,0.0,4005
28,21.853729248046875,0.39020776748657227,-11.533257484436035,-0.00662986421957612,0.0,4005
29,21.84904670715332,0.03299117088317871,-11.547231674194336,-0.006640275474637747,0.0,4004
30,21.87363624572754,0.10905861854553223,-11.534097671508789,-0.0066448054276406765,0.0,4004
31,21.881832122802734,0.2839207649230957,-11.463064193725586,-0.006644567009061575,0.0,4004
32,21.881832122802734,0.41858553886413574,-11.575913429260254,-0.006566604133695364,0.0,4004
33,21.85256004333496,0.16513466835021973,-11.594724655151367,-0.006580909248441458,0.0,4004
34,21.840850830078125,-0.21999478340148926,-11.489179611206055,-0.0066950321197509766,0.0,4005
35,21.885345458984375,0.3108501434326172,-11.489179611206055,-0.00664520263671875,0.0,4004
36,21.8759765625,0.6991982460021973,-11.578721046447754,-0.006578207015991211,0.0,4004
37,21.853729248046875,0.5218148231506348,-11.60079574584961,-0.006633917335420847,0.0,4004
38,21.858413696289062,0.5247831344604492,-11.596548080444336,-0.0066178641282022,0.0,4004
39,21.840850830078125,0.3262639045715332,-11.527490615844727,-0.006610870361328125,0.0,4005
40,21.829143524169922,-0.3735780715942383,-11.42474365234375,-0.006669918540865183,0.0,4005
41,21.85607147216797,-0.36419034004211426,-11.494025230407715,-0.0066678524017333984,0.0,4005
42,21.8759765625,0.3597557544708252,-11.599204063415527,-0.006617625709623098,0.0,4005
43,21.84670639038086,0.3929436206817627,-11.514902114868164,-0.0066267647780478,0.0,4005
44,21.847875595092773,0.27324557304382324,-11.481579780578613,-0.0066486201249063015,0.0,4005
45,21.861927032470703,0.5044877529144287,-11.579400062561035,-0.006635745521634817,0.0,4005
46,21.84670639038086,0.1726984977722168,-11.561796188354492,-0.006628116127103567,0.0,4005
47,21.845535278320312,-0.10311305522918701,-11.493953704833984,-0.006625175476074219,0.0,4005
48,21.864269256591797,0.3314495086669922,-11.547526359558105,-0.00657661771401763,0.0,4005
49,21.84319305419922,0.24601221084594727,-11.583656311035156,-0.0066121420823037624,0.0,4004
50,21.842023849487305,-0.03719329833984375,-11.522939682006836,-0.006634315010160208,0.0,4004
51,21.863096237182617,0.2685070037841797,-11.545774459838867,-0.006594816688448191,0.0,4005
52,21.844364166259766,0.3180384635925293,-11.502519607543945,-0.006630977150052786,0.0,4004
53,21.867782592773438,0.4134714603424072,-11.549118041992188,-0.006622950080782175,0.0,4004
54,21.863096237182617,0.5533933639526367,-11.603763580322266,-0.006615638732910156,0.0,4004
55,21.83499526977539,-0.10967552661895752,-11.48863410949707,-0.006664117332547903,0.0,4004
56,21.861927032470703,0.15193819999694824,-11.48499584197998,-0.00664965296164155,0.0,4004
57,21.840850830078125,0.015592575073242188,-11.53985595703125,-0.006620089057832956,0.0,4004
58,21.845535278320312,-0.34077465534210205,-11.499792098999023,-0.006678024772554636,0.0,4004
59,21.894710540771484,0.7911264896392822,-11.612865447998047,-0.0066083273850381374,0.0,4004
60,21.85256004333496,0.7679343223571777,-11.612712860107422,-0.006538073066622019,0.0,4005
61,21.84319305419922,0.0722050666809082,-11.50648021697998,-0.006608883384615183,0.0,4005
62,21.870121002197266,0.3405332565307617,-11.532050132751465,-0.006650845054537058,0.0,4005
63,21.853729248046875,0.5633890628814697,-11.593973159790039,-0.0065875849686563015,0.0,4005
0,21.837339401245117,-0.04169940948486328,-11.48211669921875,-0.0066142878495156765,0.0,4005
1,21.864269256591797,-0.03307163715362549,-11.483099937438965,-0.006645838264375925,0.0,4005
2,21.858413696289062,0.18587708473205566,-11.544182777404785,-0.006631135940551758,0.0,4005
3,21.850217819213867,-0.08649230003356934,-11.480435371398926,-0.006685972213745117,0.0,4005
4,21.8759765625,0.5099058151245117,-11.541223526000977,-0.006640513893216848,0.0,4005
5,21.832656860351562,0.24096965789794922,-11.524075508117676,-0.006561279296875,0.0,4005
6,21.847875595092773,-0.281408429145813,-11.49478530883789,-0.006635904312133789,0.0,4005
7,21.89002799987793,0.6209135055541992,-11.6137056350708,-0.0066396393813192844,0.0,4005
8,21.85256004333496,0.49983859062194824,-11.570066452026367,-0.006620009895414114,0.0,4004
9,21.84319305419922,-0.08113682270050049,-11.479979515075684,-0.006560405250638723,0.0,4005
10,21.87363624572754,0.12584924697875977,-11.534706115722656,-0.006611665245145559,0.0,4005
11,21.866609573364258,0.7864594459533691,-11.638435363769531,-0.006614128593355417,0.0,4005
12,21.827970504760742,0.25568604469299316,-11.541080474853516,-0.00661921501159668,0.0,4005
13,21.83616828918457,-0.09258091449737549,-11.432334899902344,-0.006653626915067434,0.0,4005
14,21.854900360107422,0.1179814338684082,-11.513453483581543,-0.006632884498685598,0.0,4004
15,21.847875595092773,0.12164711952209473,-11.562850952148438,-0.0066295466385781765,0.0,4005
16,21.86075782775879,0.3640294075012207,-11.561116218566895,-0.006605863571166992,0.0,4005
17,21.867782592773438,0.3817319869995117,-11.52498722076416,-0.006594181060791016,0.0,4005
18,21.854900360107422,0.017648935317993164,-11.485898971557617,-0.006631374359130859,0.0,4005
19,21.858413696289062,-0.04520416259765625,-11.507847785949707,-0.006650606635957956,0.0,4005
20,21.871294021606445,0.22739768028259277,-11.58599853515625,-0.0066068172454833984,0.0,4005
21,21.865440368652344,0.36760568618774414,-11.543888092041016,-0.006593465805053711,0.0,4005
22,21.840850830078125,0.07075667381286621,-11.516725540161133,-0.006590843200683594,0.0,4005
23,21.84670639038086,-0.1589566469192505,-11.475205421447754,-0.006661415100097656,0.0,4005
24,21.878318786621094,0.20915865898132324,-11.542591094970703,-0.0066541037522256374,0.0,4005
25,21.867782592773438,0.41559934616088867,-11.575529098510742,-0.006576696876436472,0.0,4005
26,21.851388931274414,-0.10235309600830078,-11.521419525146484,-0.0065973601303994656,0.0,4005
27,21.871294021606445,0.022995471954345703,-11.501991271972656,-0.006632566452026367,0.0,4005
28,21.87948989868164,0.5774974822998047,-11.571961402893066,-0.006594101432710886,0.0,4005
29,21.874807357788086,0.6325900554656982,-11.586231231689453,-0.0065577030181884766,0.0,4005
30,21.853729248046875,0.2604961395263672,-11.527562141418457,-0.006586631294339895,0.0,4005
31,21.86895179748535,0.18687844276428223,-11.556636810302734,-0.006621757987886667,0.0,4005
32,21.85958480834961,0.30580759048461914,-11.591309547424316,-0.006613095756620169,0.0,4005
33,21.832656860351562,-0.33826231956481934,-11.455848693847656,-0.006654977798461914,0.0,4005
34,21.865440368652344,-0.14133453369140625,-11.466094970703125,-0.006631771568208933,0.0,4005
35,21.870121002197266,0.4595518112182617,-11.583200454711914,-0.006572405342012644,0.0,4005
36,21.85256004333496,0.5199015140533447,-11.632972717285156,-0.006560087203979492,0.0,4005
37,21.83616828918457,0.1297295093536377,-11.511942863464355,-0.0066625275649130344,0.0,4004
38,21.845535278320312,-0.2894192934036255,-11.436044692993164,-0.006645838264375925,0.0,4005
39,21.87714958190918,-0.010183453559875488,-11.511397361755371,-0.006577491760253906,0.0,4005
40,21.888858795166016,0.5582034587860107,-11.624550819396973,-0.006588935852050781,0.0,4005
41,21.870121002197266,0.44108033180236816,-11.574545860290527,-0.006592909339815378,0.0,4004
42,21.861927032470703,0.19626617431640625,-11.501535415649414,-0.0066011748276650906,0.0,4004
43,21.861927032470703,0.11461973190307617,-11.513534545898438,-0.006605068687349558,0.0,4004
44,21.864269256591797,0.18650293350219727,-11.574161529541016,-0.00661460543051362,0.0,4004
45,21.854900360107422,0.2631068229675293,-11.554286003112793,-0.006623188499361277,0.0,4004
46,21.85256004333496,-0.01850724220275879,-11.504566192626953,-0.006610313896089792,0.0,4005
47,21.867782592773438,-0.0009566545486450195,-11.49577808380127,-0.006624539848417044,0.0,4005
48,21.872465133666992,0.10249614715576172,-11.52437973022461,-0.0066295466385781765,0.0,4005
49,21.864269256591797,0.25683045387268066,-11.591845512390137,-0.0066089630126953125,0.0,4005
50,21.854900360107422,0.1692652702331543,-11.524835586547852,-0.006595293525606394,0.0,4005
51,21.853729248046875,-0.07862448692321777,-11.464959144592285,-0.0066324868239462376,0.0,4005
52,21.8759765625,0.28399229049682617,-11.529842376708984,-0.006611029151827097,0.0,4005
53,21.867782592773438,0.5651414394378662,-11.635931968688965,-0.006565252784639597,0.0,4005
54,21.844364166259766,0.2078533172607422,-11.533409118652344,-0.0065952143631875515,0.0,4005
55,21.850217819213867,-0.23808181285858154,-11.4484281539917,-0.006613890174776316,0.0,4004
56,21.87714958190918,0.18627047538757324,-11.586758613586426,-0.006577650550752878,0.0,4004
57,21.842023849487305,0.03572702407836914,-11.577648162841797,-0.006622632499784231,0.0,4004
58,21.844364166259766,-0.05383193492889404,-11.475885391235352,-0.006656487938016653,0.0,4004
59,21.85256004333496,0.1334667205810547,-11.534777641296387,-0.0065998234786093235,0.0,4005
60,21.865440368652344,0.03572702407836914,-11.50556755065918,-0.00661913538351655,0.0,4004
61,21.87948989868164,0.2747654914855957,-11.577648162841797,-0.006590684410184622,0.0,4004
62,21.871294021606445,0.5497276782989502,-11.602851867675781,-0.006567796226590872,0.0,4004
63,21.832656860351562,-0.07694363594055176,-11.475428581237793,-0.006630102638155222,0.0,4004
0,21.870121002197266,-0.09067654609680176,-11.455392837524414,-0.006693283561617136,0.0,4005
1,21.888858795166016,0.49983859062194824,-11.580240249633789,-0.006615003105252981,0.0,4005
2,21.85256004333496,0.00033974647521972656,-11.525898933410645,-0.006616274360567331,0.0,4005
3,21.85607147216797,-0.19459426403045654,-11.501768112182617,-0.006620168685913086,0.0,4005
4,21.85607147216797,-0.3308504819869995,-11.511630058288574,-0.006605068687349558,0.0,4005
5,21.888858795166016,0.5519449710845947,-11.628046989440918,-0.006573041435331106,0.0,4004
6,21.864269256591797,0.3528177738189697,-11.619695663452148,-0.006562789436429739,0.0,4004
7,21.837339401245117,-0.437280535697937,-11.448195457458496,-0.006629069801419973,0.0,4004
8,21.881832122802734,-0.41942596435546875,-11.447059631347656,-0.0066683292388916016,0.0,4004
9,21.90641975402832,0.5662858486175537,-11.616352081298828,-0.006613254547119141,0.0,4004
10,21.865440368652344,0.6782948970794678,-11.637613296508789,-0.006567398551851511,0.0,4004
11,21.844364166259766,0.40508508682250977,-11.582199096679688,-0.006537596229463816,0.0,4005
12,21.845535278320312,0.21053552627563477,-11.533641815185547,-0.00657661771401763,0.0,4004
13,21.854900360107422,0.29956698417663574,-11.591398239135742,-0.006586313247680664,0.0,4004
14,21.83850860595703,0.08173584938049316,-11.57500171661377,-0.0065828957594931126,0.0,4004
15,21.84904670715332,-0.05810558795928955,-11.510941505432129,-0.00660697603598237,0.0,4004
16,21.864269256591797,0.1958012580871582,-11.470574378967285,-0.006647348403930664,0.0,4004
17,21.842023849487305,0.012159347534179688,-11.55959701538086,-0.0066197714768350124,0.0,4004
18,21.85958480834961,0.31467676162719727,-11.585247039794922,-0.0066204071044921875,0.0,4004
19,21.842023849487305,0.0525355339050293,-11.503288269042969,-0.00662223482504487,0.0,4004
20,21.845535278320312,-0.14843344688415527,-11.504727363586426,-0.006615161895751953,0.0,4004
21,21.853729248046875,-0.1881122589111328,-11.522555351257324,-0.006651957985013723,0.0,4004
22,21.8759765625,0.6728053092956543,-11.652320861816406,-0.006566604133695364,0.0,4004
23,21.818603515625,0.10394454002380371,-11.548367500305176,-0.006597042083740234,0.0,4004
24,21.83850860595703,0.04039406776428223,-11.530611038208008,-0.006589571479707956,0.0,4004
25,21.85958480834961,0.19960999488830566,-11.567330360412598,-0.006592432502657175,0.0,4005
26,21.83968162536621,-0.12783408164978027,-11.528786659240723,-0.00665593147277832,0.0,4004
27,21.84670639038086,0.1738429069519043,-11.546391487121582,-0.006615877151489258,0.0,4005
28,21.83850860595703,0.15742778778076172,-11.563986778259277,-0.006528059486299753,0.0,4005
29,21.84319305419922,0.0607609748840332,-11.51064682006836,-0.00663447380065918,0.0,4005
30,21.853729248046875,0.2635538578033447,-11.548053741455078,-0.0066636404953897,0.0,4004
31,21.820945739746094,-0.22153258323669434,-11.53835391998291,-0.006625255104154348,0.0,4004
32,21.847875595092773,-0.08685886859893799,-11.492657661437988,-0.006613492965698242,0.0,4004
33,21.85607147216797,0.4352867603302002,-11.607402801513672,-0.0065592131577432156,0.0,4004
34,21.826797485351562,0.14673471450805664,-11.607107162475586,-0.006581226829439402,0.0,4004
35,21.832656860351562,0.06312131881713867,-11.563915252685547,-0.006606101989746094,0.0,4004
36,21.854900360107422,0.3336668014526367,-11.521347999572754,-0.006612062454223633,0.0,4004
37,21.84904670715332,0.2412736415863037,-11.51854133605957,-0.006606260780245066,0.0,4004
38,21.832656860351562,-0.10654628276824951,-11.551469802856445,-0.00657971715554595,0.0,4004
39,21.85256004333496,0.2413630485534668,-11.606785774230957,-0.006575743202120066,0.0,4005
40,21.830312728881836,0.04085898399353027,-11.529994010925293,-0.006616274360567331,0.0,4005
41,21.824459075927734,-0.402948260307312,-11.461695671081543,-0.006644010543823242,0.0,4005
42,21.85724449157715,0.39964914321899414,-11.599964141845703,-0.00659632682800293,0.0,4005
43,21.820945739746094,0.1383662223815918,-11.544272422790527,-0.0066257319413125515,0.0,4005
44,21.84319305419922,0.10020732879638672,-11.529842376708984,-0.006601015571504831,0.0,4006
45,21.824459075927734,-0.11013150215148926,-11.525443077087402,-0.006580273155122995,0.0,4005
46,21.85256004333496,0.2361595630645752,-11.525898933410645,-0.006628116127103567,0.0,4005
47,21.85256004333496,0.44428110122680664,-11.593132972717285,-0.00660252571105957,0.0,4005
48,21.826797485351562,0.015592575073242188,-11.594358444213867,-0.006562074180692434,0.0,4006
49,21.827970504760742,-0.13881325721740723,-11.464727401733398,-0.00660395622253418,0.0,4005
50,21.813920974731445,-0.5072414875030518,-11.472397804260254,-0.0066701569594442844,0.0,4005
51,21.861927032470703,0.10896921157836914,-11.558452606201172,-0.006641864776611328,0.0,4005
52,21.853729248046875,0.16887187957763672,-11.564826965332031,-0.006608486175537109,0.0,4005
53,21.867782592773438,0.5124270915985107,-11.593132972717285,-0.006544987205415964,0.0,4005
54,21.858413696289062,0.4876255989074707,-11.601868629455566,-0.00655810022726655,0.0,4005
55,21.830312728881836,0.20876526832580566,-11.601707458496094,-0.0065962471999228,0.0,4005
56,21.829143524169922,-0.04222691059112549,-11.547142028808594,-0.006618976593017578,0.0,4005
57,21.840850830078125,0.015056133270263672,-11.518388748168945,-0.006581783294677734,0.0,4005
58,21.840850830078125,0.09471774101257324,-11.519524574279785,-0.006598552223294973,0.0,4005
59,21.858413696289062,0.29751062393188477,-11.572641372680664,-0.006615003105252981,0.0,4005
60,21.83850860595703,0.17711520195007324,-11.605355262756348,-0.006569226738065481,0.0,4005
61,21.818603515625,-0.40486156940460205,-11.480668067932129,-0.0066187381744384766,0.0,4005
62,21.850217819213867,-0.3431349992752075,-11.469286918640137,-0.00665283203125,0.0,4005
63,21.85607147216797,-0.05344748497009277,-11.58115291595459,-0.006619056221097708,0.0,4005
0,21.865440368652344,0.16132593154907227,-11.538809776306152,-0.006605386734008789,0.0,4005
1,21.85607147216797,0.21488070487976074,-11.544951438903809,-0.006582498550415039,0.0,4005
2,21.858413696289062,0.3104746341705322,-11.575984954833984,-0.006573518272489309,0.0,4005
3,21.832656860351562,-0.07953643798828125,-11.555421829223633,-0.006601413246244192,0.0,4005
4,21.84670639038086,0.3482401371002197,-11.569154739379883,-0.006633917335420847,0.0,4005
5,21.832656860351562,0.2708852291107178,-11.579927444458008,-0.006585995201021433,0.0,4004
6,21.84670639038086,0.20061135292053223,-11.536529541015625,-0.00656890869140625,0.0,4004
7,21.83616828918457,-0.015145540237426758,-11.541902542114258,-0.00662239408120513,0.0,4004
8,21.840850830078125,-0.13730227947235107,-11.546087265014648,-0.006635983940213919,0.0,4004
9,21.832656860351562,0.13813376426696777,-11.544415473937988,-0.0065975189208984375,0.0,4005
10,21.83616828918457,0.05298256874084473,-11.559211730957031,-0.006561597343534231,0.0,4004
11,21.84319305419922,0.013697147369384766,-11.559435844421387,-0.006610711570829153,0.0,4004
12,21.837339401245117,-0.1500338315963745,-11.501383781433105,-0.006678660865873098,0.0,4005
13,21.845535278320312,0.03742575645446777,-11.53113842010498,-0.006631771568208933,0.0,4005
14,21.84319305419922,0.04786849021911621,-11.508071899414062,-0.006621837615966797,0.0,4005
15,21.858413696289062,-0.11585354804992676,-11.527874946594238,-0.006609837058931589,0.0,4004
16,21.865440368652344,0.3211498260498047,-11.657032012939453,-0.0065532526932656765,0.0,4004
17,21.84670639038086,0.25538206100463867,-11.622950553894043,-0.006554603576660156,0.0,4004
18,21.829143524169922,-0.016826391220092773,-11.490386962890625,-0.006596644874662161,0.0,4004
19,21.84319305419922,-0.11341273784637451,-11.516949653625488,-0.006592830177396536,0.0,4004
20,21.85958480834961,0.36792755126953125,-11.609297752380371,-0.0065578618086874485,0.0,4004
21,21.83499526977539,0.30986666679382324,-11.606722831726074,-0.006584485527127981,0.0,4004
22,21.820945739746094,-0.33443570137023926,-11.479076385498047,-0.00663749361410737,0.0,4004
23,21.853729248046875,-0.25014281272888184,-11.503887176513672,-0.00662223482504487,0.0,4005
24,21.864269256591797,0.03612041473388672,-11.55715560913086,-0.006638685707002878,0.0,4005
25,21.853729248046875,0.28095245361328125,-11.596173286437988,-0.006603161338716745,0.0,4005
26,21.840850830078125,0.28887391090393066,-11.535689353942871,-0.006560643669217825,0.0,4005
27,21.823286056518555,-0.12150406837463379,-11.510869979858398,-0.006601572036743164,0.0,4005
28,21.853729248046875,-0.07793605327606201,-11.57386589050293,-0.006619056221097708,0.0,4005
29,21.853729248046875,0.17573833465576172,-11.566946029663086,-0.006627082824707031,0.0,4005
30,21.844364166259766,0.026214122772216797,-11.54600715637207,-0.006600061897188425,0.0,4005
31,21.842023849487305,-0.05916953086853027,-11.497968673706055,-0.006610393524169922,0.0,4005
32,21.863096237182617,-0.0021010637283325195,-11.56778621673584,-0.006597121711820364,0.0,4005
33,21.85724449157715,0.0641942024230957,-11.555492401123047,-0.006638526916503906,0.0,4004
34,21.847875595092773,0.07899999618530273,-11.571961402893066,-0.006595770362764597,0.0,4004
35,21.84670639038086,0.09037256240844727,-11.55579662322998,-0.006567319389432669,0.0,4004
36,21.851388931274414,0.0834345817565918,-11.564218521118164,-0.006590207573026419,0.0,4004
37,21.861927032470703,0.5481362342834473,-11.626222610473633,-0.006571690086275339,0.0,4005
38,21.827970504760742,0.05060434341430664,-11.54472827911377,-0.006612698081880808,0.0,4005
39,21.844364166259766,-0.2238929271697998,-11.488866806030273,-0.006606101989746094,0.0,4005
40,21.850217819213867,-0.07763206958770752,-11.504727363586426,-0.00659632682800293,0.0,4005
41,21.83616828918457,-0.10624229907989502,-11.53591251373291,-0.006640037056058645,0.0,4005
42,21.85607147216797,0.0584721565246582,-11.61680793762207,-0.006529966834932566,0.0,4005
43,21.84670639038086,-0.08228123188018799,-11.51930046081543,-0.006591638084501028,0.0,4005
44,21.827970504760742,-0.43804943561553955,-11.476725578308105,-0.006665468215942383,0.0,4005
45,21.86895179748535,0.20518898963928223,-11.585775375366211,-0.006586154457181692,0.0,4005
46,21.85256004333496,0.5293607711791992,-11.596020698547363,-0.0065654912032186985,0.0,4005
47,21.824459075927734,-0.09739100933074951,-11.503592491149902,-0.006613016128540039,0.0,4005
48,21.853729248046875,-0.14164745807647705,-11.540624618530273,-0.006601651664823294,0.0,4005
49,21.8759765625,0.1749873161315918,-11.622047424316406,-0.006597598548978567,0.0,4005
50,21.847875595092773,0.08745789527893066,-11.579238891601562,-0.0066106319427490234,0.0,4004
51,21.830312728881836,-0.26378631591796875,-11.511942863464355,-0.00662223482504487,0.0,4004
52,21.831483840942383,-0.29477477073669434,-11.484620094299316,-0.006623506546020508,0.0,4005
53,21.840850830078125,-0.4793912172317505,-11.487579345703125,-0.0066579184494912624,0.0,4005
54,21.891197204589844,0.7876932621002197,-11.667886734008789,-0.006557305809110403,0.0,4005
55,21.832656860351562,0.3512263298034668,-11.575600624084473,-0.0065638222731649876,0.0,4005
56,21.831483840942383,-0.09388625621795654,-11.507007598876953,-0.006593227386474609,0.0,4005
57,21.844364166259766,-0.02491772174835205,-11.600571632385254,-0.006585121154785156,0.0,4005
58,21.832656860351562,-0.2705097198486328,-11.502376556396484,-0.00663749361410737,0.0,4005
59,21.85958480834961,0.11354684829711914,-11.534553527832031,-0.006603399757295847,0.0,4004
60,21.871294021606445,0.7260382175445557,-11.626749992370605,-0.00651860237121582,0.0,4005
61,21.830312728881836,0.23485422134399414,-11.601411819458008,-0.006571292877197266,0.0,4005
62,21.83850860595703,-0.04009902477264404,-11.563530921936035,-0.006615718360990286,0.0,4005
63,21.84904670715332,-0.012105703353881836,-11.544951438903809,-0.006585597991943359,0.0,4005
0,21.86075782775879,0.10333657264709473,-11.540472030639648,-0.006582021713256836,0.0,4005
1,21.844364166259766,-0.09510219097137451,-11.53985595703125,-0.006623029708862305,0.0,4005
2,21.82211685180664,-0.4939734935760498,-11.498058319091797,-0.006661097053438425,0.0,4005
3,21.864269256591797,-0.08077025413513184,-11.565282821655273,-0.0066111087799072266,0.0,4005
4,21.84670639038086,0.2862095832824707,-11.587071418762207,-0.006500562187284231,0.0,4005
5,21.819774627685547,-0.27760863304138184,-11.530905723571777,-0.006571928504854441,0.0,4005
6,21.853729248046875,-0.09205341339111328,-11.542591094970703,-0.006653944496065378,0.0,4005
7,21.858413696289062,0.1784205436706543,-11.5750732421875,-0.006596803665161133,0.0,4005
8,21.850217819213867,0.2315819263458252,-11.572113990783691,-0.0065709748305380344,0.0,4005
9,21.832656860351562,0.038874149322509766,-11.512166023254395,-0.006618579383939505,0.0,4005
10,21.82562828063965,-0.3271132707595825,-11.504566192626953,-0.006661097053438425,0.0,4005
11,21.851388931274414,-0.1552283763885498,-11.527034759521484,-0.006636937614530325,0.0,4005
12,21.829143524169922,-0.3760993480682373,-11.498424530029297,-0.006621757987886667,0.0,4005
13,21.85724449157715,0.11835694313049316,-11.63138198852539,-0.006567319389432669,0.0,4004
14,21.83616828918457,0.027358531951904297,-11.611568450927734,-0.0065630278550088406,0.0,4004
15,21.851388931274414,0.21488070487976074,-11.586159706115723,-0.006583452224731445,0.0,4004
16,21.847875595092773,0.39614439010620117,-11.596933364868164,-0.006548166275024414,0.0,4005
17,21.83850860595703,0.09180307388305664,-11.550101280212402,-0.0065805912017822266,0.0,4004
18,21.832656860351562,0.07647871971130371,-11.600348472595215,-0.006596724037081003,0.0,4004
19,21.83499526977539,-0.03650486469268799,-11.574920654296875,-0.00660387659445405,0.0,4004
20,21.818603515625,-0.45490264892578125,-11.462455749511719,-0.006656964775174856,0.0,4004
21,21.85607147216797,-0.2590656280517578,-11.463591575622559,-0.0066393218003213406,0.0,4004
22,21.874807357788086,0.4210352897644043,-11.612793922424316,-0.00659044599160552,0.0,4005
23,21.830312728881836,-0.005838274955749512,-11.622950553894043,-0.0065973601303994656,0.0,4005
24,21.832656860351562,-0.20115673542022705,-11.54509449005127,-0.006586948875337839,0.0,4005
25,21.85256004333496,0.1652061939239502,-11.570816993713379,-0.006540378089994192,0.0,4005
26,21.845535278320312,0.3725767135620117,-11.607858657836914,-0.006546497344970703,0.0,4005
27,21.829143524169922,0.2112865447998047,-11.591461181640625,-0.006619533058255911,0.0,4004
28,21.824459075927734,-0.08938014507293701,-11.567947387695312,-0.0066014924086630344,0.0,4005
29,21.832656860351562,-0.24433135986328125,-11.481436729431152,-0.006631056312471628,0.0,4005
30,21.83616828918457,-0.208398699760437,-11.487266540527344,-0.006628433708101511,0.0,4005
31,21.870121002197266,0.5160212516784668,-11.644577980041504,-0.0065633454360067844,0.0,4005
32,21.824459075927734,0.1689434051513672,-11.646491050720215,-0.006555477622896433,0.0,4005
33,21.803382873535156,-0.6950855255126953,-11.45949649810791,-0.006642898079007864,0.0,4005
34,21.84670639038086,-0.4685640335083008,-11.439550399780273,-0.006646394729614258,0.0,4004
35,21.867782592773438,0.25722384452819824,-11.616209030151367,-0.006579478736966848,0.0,4004
36,21.847875595092773,0.6190896034240723,-11.666062355041504,-0.00655810022726655,0.0,4004
37,21.82211685180664,-0.0008851289749145508,-11.577049255371094,-0.006583531852811575,0.0,4004
38,21.840850830078125,-0.014394521713256836,-11.520364761352539,-0.006622950080782175,0.0,4004
39,21.844364166259766,-0.005462765693664551,-11.541223526000977,-0.006638288497924805,0.0,4004
40,21.842023849487305,0.10272860527038574,-11.577049255371094,-0.006618658546358347,0.0,4004
41,21.832656860351562,-0.19946694374084473,-11.532801628112793,-0.006583690643310547,0.0,4004
42,21.83850860595703,-0.3197193145751953,-11.494329452514648,-0.006628831382840872,0.0,4004
43,21.86075782775879,0.010031461715698242,-11.598068237304688,-0.006607929710298777,0.0,4004
44,21.854900360107422,0.16819238662719727,-11.625158309936523,-0.006600141525268555,0.0,4004
45,21.837339401245117,-0.09937584400177002,-11.515581130981445,-0.00659497594460845,0.0,4004
46,21.847875595092773,0.08769035339355469,-11.530155181884766,-0.006556113716214895,0.0,4004
47,21.824459075927734,-0.04703700542449951,-11.613321304321289,-0.006575664039701223,0.0,4004
48,21.831483840942383,-0.3887593746185303,-11.526811599731445,-0.006649971008300781,0.0,4004
49,21.850217819213867,-0.12096762657165527,-11.543503761291504,-0.006617387291043997,0.0,4004
50,21.847875595092773,0.5114436149597168,-11.60428237915039,-0.006558021064847708,0.0,4004
51,21.84319305419922,0.2673625946044922,-11.558755874633789,-0.006593386176973581,0.0,4004
52,21.851388931274414,0.10043978691101074,-11.598292350769043,-0.006615877151489258,0.0,4004
53,21.845535278320312,0.0502467155456543,-11.572864532470703,-0.0065638222731649876,0.0,4004
54,21.83499526977539,-0.06603598594665527,-11.522788047790527,-0.00658424710854888,0.0,4004
55,21.831483840942383,-0.2245008945465088,-11.524764060974121,-0.006635109428316355,0.0,4004
56,21.84904670715332,0.08899569511413574,-11.600571632385254,-0.0066045126877725124,0.0,4004
57,21.844364166259766,0.1145482063293457,-11.572113990783691,-0.00658408785238862,0.0,4004
58,21.830312728881836,-0.329473614692688,-11.475357055664062,-0.006621519569307566,0.0,4004
59,21.850217819213867,-0.09143650531768799,-11.547597885131836,-0.006605466362088919,0.0,4004
60,21.831483840942383,-0.055593252182006836,-11.591309547424316,-0.00660713529214263,0.0,4004
61,21.818603515625,-0.5532503128051758,-11.508142471313477,-0.0066431364975869656,0.0,4004
62,21.871294021606445,0.15474557876586914,-11.5447998046875,-0.006594816688448191,0.0,4005
63,21.850217819213867,0.2612650394439697,-11.575690269470215,-0.006563663482666016,0.0,4005
0,21.847875595092773,0.06954073905944824,-11.601484298706055,-0.006598313804715872,0.0,4005
1,21.853729248046875,0.14339089393615723,-11.609753608703613,-0.006574312690645456,0.0,4005
2,21.83499526977539,-0.23372769355773926,-11.523011207580566,-0.006529569625854492,0.0,4005
3,21.850217819213867,-0.36190152168273926,-11.459720611572266,-0.006612459663301706,0.0,4005
4,21.865440368652344,0.2322077751159668,-11.634564399719238,-0.006610711570829153,0.0,4005
5,21.83499526977539,0.3379404544830322,-11.66682243347168,-0.006576061248779297,0.0,4005
6,21.805723190307617,-0.5524903535842896,-11.479157447814941,-0.0066401162184774876,0.0,4005
7,21.850217819213867,-0.41546523571014404,-11.455625534057617,-0.006636937614530325,0.0,4005
8,21.892370223999023,0.7728159427642822,-11.660286903381348,-0.006545702461153269,0.0,4005
9,21.83968162536621,0.5492806434631348,-11.657256126403809,-0.006535450462251902,0.0,4005
10,21.818603515625,-0.13821423053741455,-11.49464225769043,-0.0066363015212118626,0.0,4005
11,21.840850830078125,-0.31383633613586426,-11.524602890014648,-0.0066014924086630344,0.0,4005
12,21.861927032470703,-0.08091330528259277,-11.574688911437988,-0.006589571479707956,0.0,4005
13,21.84670639038086,-0.13470053672790527,-11.579927444458008,-0.0066281952895224094,0.0,4005
14,21.850217819213867,0.0038444995880126953,-11.541000366210938,-0.006608088966459036,0.0,4005
15,21.85256004333496,-0.16224682331085205,-11.556636810302734,-0.00656890869140625,0.0,4005
16,21.840850830078125,-0.27188658714294434,-11.571505546569824,-0.0065762996673583984,0.0,4005
17,21.865440368652344,0.005686283111572266,-11.580464363098145,-0.0066267647780478,0.0,4005
18,21.874807357788086,0.6240427494049072,-11.622360229492188,-0.006573597434908152,0.0,4006
19,21.824459075927734,0.009047985076904297,-11.536752700805664,-0.0065920352935791016,0.0,4005
20,21.824459075927734,-0.4636824131011963,-11.476117134094238,-0.006618817802518606,0.0,4005
21,21.87714958190918,0.3703594207763672,-11.62773323059082,-0.006584485527127981,0.0,4005
22,21.840850830078125,0.28971433639526367,-11.604827880859375,-0.0065625510178506374,0.0,4006
23,21.804553985595703,-0.6086379289627075,-11.487883567810059,-0.006608724594116211,0.0,4005
24,21.850217819213867,-0.222131609916687,-11.54593563079834,-0.0065778098069131374,0.0,4006
25,21.83850860595703,0.1034080982208252,-11.603602409362793,-0.0065867104567587376,0.0,4005
26,21.820945739746094,-0.4852026700973511,-11.555564880371094,-0.006636142730712891,0.0,4006
27,21.86075782775879,-0.03979504108428955,-11.550870895385742,-0.0066172280348837376,0.0,4005
28,21.851388931274414,0.18489360809326172,-11.570137977600098,-0.006575902458280325,0.0,4006
29,21.844364166259766,0.24508237838745117,-11.612712860107422,-0.006574869155883789,0.0,4005
30,21.830312728881836,0.1449108123779297,-11.631756782531738,-0.00658408785238862,0.0,4005
31,21.827970504760742,-0.3718167543411255,-11.517477035522461,-0.006617387291043997,0.0,4005
32,21.85607147216797,0.09707808494567871,-11.572731018066406,-0.0065744719468057156,0.0,4006
33,21.83968162536621,0.32932162284851074,-11.635628700256348,-0.006557146552950144,0.0,4005
34,21.818603515625,-0.11105239391326904,-11.558612823486328,-0.006603161338716745,0.0,4005
35,21.823286056518555,-0.4654347896575928,-11.493640899658203,-0.006644487380981445,0.0,4006
36,21.847875595092773,-0.12347996234893799,-11.53416919708252,-0.006607850547879934,0.0,4005
37,21.861927032470703,0.5979537963867188,-11.669031143188477,-0.006535688880831003,0.0,4005
38,21.831483840942383,0.3099381923675537,-11.648994445800781,-0.0065311589278280735,0.0,4005
39,21.818603515625,-0.3017842769622803,-11.561716079711914,-0.006581306457519531,0.0,4005
40,21.827970504760742,-0.5871981382369995,-11.467918395996094,-0.006647666450589895,0.0,4005
41,21.842023849487305,-0.348857045173645,-11.505478858947754,-0.0066777863539755344,0.0,4005
42,21.84670639038086,0.17901062965393066,-11.6137056350708,-0.006613174919039011,0.0,4005
43,21.840850830078125,0.3489375114440918,-11.661359786987305,-0.006533543113619089,0.0,4005
44,21.817434310913086,-0.11501312255859375,-11.550333976745605,-0.006563266273587942,0.0,4005
45,21.840850830078125,-0.14110207557678223,-11.548966407775879,-0.00658424710854888,0.0,4005
46,21.840850830078125,0.37136077880859375,-11.623790740966797,-0.0065816245041787624,0.0,4005
47,21.826797485351562,0.03170371055603027,-11.614617347717285,-0.00657645845785737,0.0,4005
48,21.832656860351562,-0.11799037456512451,-11.53136157989502,-0.006582498550415039,0.0,4005
49,21.829143524169922,-0.2616584300994873,-11.493802070617676,-0.006627241615206003,0.0,4005
50,21.850217819213867,-0.031167268753051758,-11.59662914276123,-0.006613095756620169,0.0,4005
51,21.840850830078125,-0.11249184608459473,-11.601323127746582,-0.006552219390869141,0.0,4005
52,21.831483840942383,-0.266459584236145,-11.51595687866211,-0.006617387291043997,0.0,4005
53,21.858413696289062,0.03628134727478027,-11.586454391479492,-0.0066095986403524876,0.0,4005
54,21.853729248046875,0.3997385501861572,-11.669325828552246,-0.006559848785400391,0.0,4005
55,21.832656860351562,0.12064576148986816,-11.633428573608398,-0.006568590644747019,0.0,4005
56,21.820945739746094,-0.16445517539978027,-11.54312801361084,-0.006594022270292044,0.0,4005
57,21.833826065063477,-0.315973162651062,-11.493802070617676,-0.006626287940889597,0.0,4005
58,21.84904670715332,0.11181235313415527,-11.592605590820312,-0.006585836410522461,0.0,4005
59,21.824459075927734,-0.18024444580078125,-11.590710639953613,-0.006598313804715872,0.0,4005
60,21.844364166259766,-0.03078281879425049,-11.560347557067871,-0.00658106803894043,0.0,4005
61,21.850217819213867,0.15467405319213867,-11.569314956665039,-0.006589174270629883,0.0,4005
62,21.850217819213867,0.30101537704467773,-11.629101753234863,-0.006574869155883789,0.0,4005
63,21.815092086791992,-0.25753676891326904,-11.563163757324219,-0.006634871009737253,0.0,4005
0,21.831483840942383,-0.31903088092803955,-11.542519569396973,-0.006590684410184622,0.0,4005
1,21.853729248046875,0.08829832077026367,-11.586302757263184,-0.00653831148520112,0.0,4004
2,21.83499526977539,-0.40287673473358154,-11.55693244934082,-0.006603161338716745,0.0,4004
3,21.84670639038086,-0.25815367698669434,-11.581831932067871,-0.006645997520536184,0.0,4005
4,21.85607147216797,-0.03781020641326904,-11.53234577178955,-0.006633281707763672,0.0,4005
5,21.87363624572754,0.3306269645690918,-11.595564842224121,-0.006557782646268606,0.0,4005
6,21.84670639038086,0.17475485801696777,-11.59852409362793,-0.00656882906332612,0.0,4005
7,21.850217819213867,0.23342370986938477,-11.658096313476562,-0.006561120506376028,0.0,4006
8,21.83616828918457,-0.001806020736694336,-11.554357528686523,-0.006597916129976511,0.0,4004
9,21.845535278320312,-0.07000565528869629,-11.530834197998047,-0.006545146461576223,0.0,4005
10,21.85256004333496,0.1769542694091797,-11.607787132263184,-0.006551504135131836,0.0,4004
11,21.826797485351562,-0.3277301788330078,-11.538496971130371,-0.0066680908203125,0.0,4004
12,21.844364166259766,-0.5725443363189697,-11.522644996643066,-0.0066583952866494656,0.0,4005
13,21.87714958190918,0.09959936141967773,-11.573248863220215,-0.006579875946044922,0.0,4005
14,21.853729248046875,-0.05078315734863281,-11.54654312133789,-0.006583134178072214,0.0,4005
15,21.85724449157715,-0.02682209014892578,-11.60694694519043,-0.006606499198824167,0.0,4005
16,21.858413696289062,0.5179166793823242,-11.687699317932129,-0.006560643669217825,0.0,4005
17,21.83499526977539,-0.02949535846710205,-11.556709289550781,-0.00657335901632905,0.0,4004
18,21.853729248046875,-0.142022967338562,-11.551469802856445,-0.006579478736966848,0.0,4004
19,21.85256004333496,0.15474557876586914,-11.630853652954102,-0.006567796226590872,0.0,4004
20,21.83850860595703,0.0513911247253418,-11.623334884643555,-0.00656890869140625,0.0,4005
21,21.827970504760742,-0.31757354736328125,-11.522868156433105,-0.006588459014892578,0.0,4005
22,21.82562828063965,-0.7486402988433838,-11.474749565124512,-0.006639083381742239,0.0,4005
23,21.845535278320312,-0.6467878818511963,-11.478549003601074,-0.006664276123046875,0.0,4005
24,21.85958480834961,-0.02949535846710205,-11.555269241333008,-0.006678501609712839,0.0,4005
25,21.83499526977539,0.19061565399169922,-11.601323127746582,-0.006585121154785156,0.0,4005
26,21.831483840942383,-0.1774996519088745,-11.57848834991455,-0.006535132881253958,0.0,4005
27,21.85958480834961,0.42225122451782227,-11.660143852233887,-0.006532430648803711,0.0,4004
28,21.83499526977539,0.2470850944519043,-11.69406509399414,-0.0065348148345947266,0.0,4004
29,21.82211685180664,-0.5374610424041748,-11.554965019226074,-0.006589809898287058,0.0,4004
30,21.85958480834961,-0.38227736949920654,-11.462223052978516,-0.006629625800997019,0.0,4004
31,21.87363624572754,0.14124512672424316,-11.610067367553711,-0.006560405250638723,0.0,4004
32,21.85256004333496,0.4424571990966797,-11.669325828552246,-0.006517887115478516,0.0,4005
33,21.85256004333496,0.4423856735229492,-11.659759521484375,-0.00654149055480957,0.0,4005
34,21.824459075927734,-0.14156699180603027,-11.517244338989258,-0.00661468505859375,0.0,4005
35,21.830312728881836,-0.5885660648345947,-11.491450309753418,-0.006623903755098581,0.0,4005
36,21.871294021606445,0.06456971168518066,-11.658856391906738,-0.006582498550415039,0.0,4005
37,21.840850830078125,-0.21633803844451904,-11.631149291992188,-0.006583293434232473,0.0,4005
38,21.84670639038086,-0.2903401851654053,-11.51762866973877,-0.006599903106689453,0.0,4005
39,21.845535278320312,-0.05078315734863281,-11.557539939880371,-0.006585597991943359,0.0,4005
40,21.85724449157715,0.05099773406982422,-11.635333061218262,-0.0065769352950155735,0.0,4005
41,21.853729248046875,0.16856789588928223,-11.640572547912598,-0.006578683853149414,0.0,4005
42,21.850217819213867,-0.009351968765258789,-11.534937858581543,-0.006583690643310547,0.0,4005
43,21.83616828918457,0.012087821960449219,-11.55351734161377,-0.006575504783540964,0.0,4005
44,21.858413696289062,0.33327341079711914,-11.676227569580078,-0.006533066276460886,0.0,4005
45,21.823286056518555,-0.3211677074432373,-11.572185516357422,-0.006623188499361277,0.0,4005
46,21.840850830078125,-0.558587908744812,-11.51595687866211,-0.006636460777372122,0.0,4005
47,21.85724449157715,-0.3677845001220703,-11.532730102539062,-0.0066112675704061985,0.0,4005
48,21.844364166259766,-0.34970641136169434,-11.549118041992188,-0.006618658546358347,0.0,4005
49,21.8759765625,0.5073130130767822,-11.682915687561035,-0.006558577064424753,0.0,4005
50,21.829143524169922,0.4619121551513672,-11.643370628356934,-0.006501436233520508,0.0,4005
51,21.827970504760742,-0.2690523862838745,-11.54312801361084,-0.006586948875337839,0.0,4005
52,21.845535278320312,-0.2808094024658203,-11.552604675292969,-0.006617387291043997,0.0,4004
53,21.83850860595703,-0.41683316230773926,-11.545408248901367,-0.006627956870943308,0.0,4004
54,21.867782592773438,0.2928614616394043,-11.630237579345703,-0.006566524505615234,0.0,4004
55,21.844364166259766,0.18458962440490723,-11.654600143432617,-0.006506999488919973,0.0,4004
56,21.832656860351562,-0.42827725410461426,-11.553677558898926,-0.006615320686250925,0.0,4004
57,21.858413696289062,-0.3036975860595703,-11.56785774230957,-0.006646871566772461,0.0,4005
58,21.867782592773438,0.4485011100769043,-11.668118476867676,-0.006548722740262747,0.0,4005
59,21.820945739746094,0.025981664657592773,-11.622583389282227,-0.006517489906400442,0.0,4005
60,21.842023849487305,-0.3291785717010498,-11.512166023254395,-0.006594657897949219,0.0,4005
61,21.853729248046875,-0.11281371116638184,-11.559435844421387,-0.0066204071044921875,0.0,4004
62,21.845535278320312,0.10943412780761719,-11.593812942504883,-0.006622870918363333,0.0,4004
63,21.827970504760742,-0.4571199417114258,-11.52779483795166,-0.006601651664823294,0.0,4004
0,21.84670639038086,-0.4600256681442261,-11.566427230834961,-0.006557544227689505,0.0,4004
1,21.85958480834961,0.06923675537109375,-11.688745498657227,-0.006572564598172903,0.0,4005
2,21.83616828918457,0.051462650299072266,-11.594491958618164,-0.006586869712918997,0.0,4005
3,21.858413696289062,0.08379220962524414,-11.57400894165039,-0.006590604782104492,0.0,4005
4,21.867782592773438,0.7148265838623047,-11.672213554382324,-0.006501197814941406,0.0,4005
5,21.832656860351562,0.15880465507507324,-11.614457130432129,-0.0065477690659463406,0.0,4005
6,21.853729248046875,0.15628337860107422,-11.61065673828125,-0.006595929618924856,0.0,4005
7,21.817434310913086,-0.5103796720504761,-11.518004417419434,-0.006628910545259714,0.0,4005
8,21.84670639038086,-0.42088329792022705,-11.526963233947754,-0.006616195198148489,0.0,4004
9,21.84670639038086,0.05786418914794922,-11.593741416931152,-0.006588777061551809,0.0,4004
10,21.826797485351562,-0.21343231201171875,-11.61780071258545,-0.0066115059889853,0.0,4004
11,21.83968162536621,-0.41546523571014404,-11.614385604858398,-0.0065883793868124485,0.0,4005
12,21.85724449157715,-0.2659320831298828,-11.499103546142578,-0.0065952143631875515,0.0,4004
13,21.87714958190918,0.6003141403198242,-11.654296875,-0.006547212600708008,0.0,4004
14,21.853729248046875,0.5854368209838867,-11.726313591003418,-0.006510814186185598,0.0,4005
15,21.826797485351562,-0.02422928810119629,-11.603826522827148,-0.006557146552950144,0.0,4005
16,21.837339401245117,-0.21824240684509277,-11.540311813354492,-0.006594737526029348,0.0,4005
17,21.842023849487305,-0.03376007080078125,-11.582064628601074,-0.006592512130737305,0.0,4005
18,21.823286056518555,-0.4725247621536255,-11.540240287780762,-0.006647428032010794,0.0,4005
19,21.853729248046875,0.03581643104553223,-11.617120742797852,-0.006583213806152344,0.0,4004
20,21.81626319885254,-0.4242360591888428,-11.556180953979492,-0.006565412040799856,0.0,4004
21,21.840850830078125,-0.3654062747955322,-11.491450309753418,-0.006589174270629883,0.0,4004
22,21.84670639038086,-0.10731518268585205,-11.614161491394043,-0.0066074528731405735,0.0,4004
23,21.866609573364258,0.7117152214050293,-11.740287780761719,-0.006523688789457083,0.0,4004
24,21.815092086791992,0.0931084156036377,-11.63487720489502,-0.0065282187424600124,0.0,4005
25,21.83499526977539,-0.06542801856994629,-11.55238151550293,-0.006585836410522461,0.0,4005
26,21.85958480834961,0.2561509609222412,-11.671900749206543,-0.006565173622220755,0.0,4005
27,21.82562828063965,-0.2597540616989136,-11.585095405578613,-0.006609757896512747,0.0,4005
28,21.831483840942383,-0.6285488605499268,-11.495849609375,-0.006609519477933645,0.0,4005
29,21.854900360107422,-0.233343243598938,-11.55579662322998,-0.0065975189208984375,0.0,4005
30,21.832656860351562,-0.6766140460968018,-11.516037940979004,-0.006660143379122019,0.0,4005
31,21.874807357788086,0.14385581016540527,-11.599275588989258,-0.006621599197387695,0.0,4005
32,21.86075782775879,0.6930112838745117,-11.677220344543457,-0.0065180459059774876,0.0,4005
33,21.8127498626709,0.018042325973510742,-11.610067367553711,-0.006527741905301809,0.0,4004
34,21.84670639038086,0.008887052536010742,-11.630693435668945,-0.006558259483426809,0.0,4004
35,21.842023849487305,0.5011439323425293,-11.700895309448242,-0.006512483116239309,0.0,4004
36,21.79518699645996,-0.3606855869293213,-11.58129596710205,-0.006563583854585886,0.0,4004
37,21.78816032409668,-1.1262953281402588,-11.419057846069336,-0.006656964775174856,0.0,4004
38,21.86895179748535,0.005453824996948242,-11.611729621887207,-0.006560245994478464,0.0,4004
39,21.847875595092773,0.2985835075378418,-11.683514595031738,-0.006530443672090769,0.0,4004
40,21.831483840942383,-0.27523040771484375,-11.540087699890137,-0.006609360221773386,0.0,4004
41,21.85256004333496,-0.1406461000442505,-11.522027969360352,-0.006591240409761667,0.0,4004
42,21.85958480834961,0.04840493202209473,-11.643075942993164,-0.0065387883223593235,0.0,4004
43,21.84670639038086,-0.31154751777648926,-11.57514476776123,-0.006602128501981497,0.0,4004
44,21.867782592773438,0.2787351608276367,-11.643442153930664,-0.006552775856107473,0.0,4004
45,21.837339401245117,0.33245086669921875,-11.684051513671875,-0.006442467216402292,0.0,4004
46,21.83616828918457,0.08320212364196777,-11.601411819458008,-0.006530443672090769,0.0,4005
47,21.837339401245117,-0.08740425109863281,-11.602396011352539,-0.006628831382840872,0.0,4005
48,21.83850860595703,-0.3281056880950928,-11.57500171661377,-0.0066104731522500515,0.0,4005
49,21.837339401245117,-0.4510939121246338,-11.464360237121582,-0.006616830825805664,0.0,4005
50,21.853729248046875,-0.3390848636627197,-11.580840110778809,-0.0065937042236328125,0.0,4005
51,21.85958480834961,0.20990967750549316,-11.67258071899414,-0.006543556693941355,0.0,4005
52,21.84319305419922,0.18734335899353027,-11.669397354125977,-0.006528297904878855,0.0,4004
53,21.823286056518555,-0.21091103553771973,-11.564371109008789,-0.006575822830200195,0.0,4004
54,21.80923843383789,-0.9676873683929443,-11.470958709716797,-0.0066411495208740234,0.0,4004
55,21.861927032470703,-0.11066794395446777,-11.568090438842773,-0.006599982734769583,0.0,4004
56,21.858413696289062,0.3180384635925293,-11.683058738708496,-0.006518840789794922,0.0,4005
57,21.858413696289062,0.6423532962799072,-11.688834190368652,-0.006504376884549856,0.0,4005
58,21.827970504760742,0.20747780799865723,-11.638748168945312,-0.006527423858642578,0.0,4005
59,21.847875595092773,0.0582575798034668,-11.612113952636719,-0.0065723261795938015,0.0,4005
60,21.853729248046875,0.21196603775024414,-11.604595184326172,-0.006594499107450247,0.0,4005
61,21.832656860351562,0.0378727912902832,-11.603459358215332,-0.006552696228027344,0.0,4005
62,21.830312728881836,-0.13737380504608154,-11.573320388793945,-0.006566604133695364,0.0,4005
63,21.823286056518555,-0.529906153678894,-11.586454391479492,-0.0065862336196005344,0.0,4004
0,21.84670639038086,-0.6390094757080078,-11.520660400390625,-0.006659269332885742,0.0,4004
1,21.845535278320312,-0.597122311592102,-11.487266540527344,-0.006648858543485403,0.0,4004
2,21.874807357788086,0.2824723720550537,-11.630013465881348,-0.006525596138089895,0.0,4004
3,21.854900360107422,0.2682030200958252,-11.628046989440918,-0.0065592131577432156,0.0,4004
4,21.861927032470703,0.3436625003814697,-11.701271057128906,-0.00652766227722168,0.0,4004
5,21.830312728881836,0.22174715995788574,-11.63046932220459,-0.006565173622220755,0.0,4004
6,21.815092086791992,-0.43919384479522705,-11.535233497619629,-0.00657971715554595,0.0,4004
7,21.85256004333496,-0.14240741729736328,-11.536439895629883,-0.006597042083740234,0.0,4005
8,21.86075782775879,0.33733248710632324,-11.662879943847656,-0.0065709748305380344,0.0,4005
9,21.820945739746094,-0.2278536558151245,-11.585247039794922,-0.006589969154447317,0.0,4005
10,21.832656860351562,-0.6782233715057373,-11.556333541870117,-0.006579478736966848,0.0,4005
11,21.865440368652344,-0.1380622386932373,-11.558612823486328,-0.006590207573026419,0.0,4005
12,21.866609573364258,0.11394023895263672,-11.60701847076416,-0.0066034793853759766,0.0,4005
13,21.858413696289062,0.34121274948120117,-11.644810676574707,-0.006575822830200195,0.0,4004
14,21.830312728881836,0.07472634315490723,-11.596405029296875,-0.006542126182466745,0.0,4004
15,21.799869537353516,-0.890466570854187,-11.486283302307129,-0.00660395622253418,0.0,4004
16,21.851388931274414,-0.6336629390716553,-11.538496971130371,-0.00667436933144927,0.0,4004
17,21.888858795166016,0.8046269416809082,-11.716524124145508,-0.0065608820877969265,0.0,4004
18,21.831483840942383,0.5295932292938232,-11.689970016479492,-0.00649261474609375,0.0,4004
19,21.82562828063965,-0.13813376426696777,-11.586382865905762,-0.006551980972290039,0.0,4004
20,21.854900360107422,-0.044605135917663574,-11.641931533813477,-0.0065765380859375,0.0,4004
21,21.85958480834961,0.1941204071044922,-11.624702453613281,-0.006584803108125925,0.0,4005
22,21.842023849487305,0.05557537078857422,-11.558381080627441,-0.0065693059004843235,0.0,4005
23,21.830312728881836,-0.3413736820220947,-11.531665802001953,-0.0066030025482177734,0.0,4005
24,21.850217819213867,-0.377538800239563,-11.562252044677734,-0.0066316924057900906,0.0,4005
25,21.861927032470703,-0.185510516166687,-11.61780071258545,-0.0065882205963134766,0.0,4004
26,21.83968162536621,-0.2107679843902588,-11.496376991271973,-0.006627321243286133,0.0,4004
27,21.824459075927734,-0.5315780639648438,-11.553677558898926,-0.006596168037503958,0.0,4004
28,21.86895179748535,0.3345072269439697,-11.65764045715332,-0.006536404136568308,0.0,4004
29,21.826797485351562,-0.12402534484863281,-11.59335708618164,-0.006620804313570261,0.0,4004
30,21.837339401245117,-0.10869204998016357,-11.601180076599121,-0.006584008689969778,0.0,4005
31,21.84319305419922,0.04863739013671875,-11.583566665649414,-0.006568034645169973,0.0,4005
32,21.85724449157715,0.4838883876800537,-11.65764045715332,-0.0065363249741494656,0.0,4005
33,21.83499526977539,0.4020273685455322,-11.66675090789795,-0.006552855018526316,0.0,4005
34,21.811580657958984,-0.15819668769836426,-11.573025703430176,-0.006601253990083933,0.0,4004
35,21.815092086791992,-0.9661495685577393,-11.425432205200195,-0.006658077239990234,0.0,4004
36,21.864269256591797,-0.32131969928741455,-11.550942420959473,-0.006629785057157278,0.0,4004
37,21.850217819213867,0.2264857292175293,-11.638132095336914,-0.006582657340914011,0.0,4004
38,21.844364166259766,0.1666545867919922,-11.676084518432617,-0.00655364990234375,0.0,4004
39,21.829143524169922,0.059545040130615234,-11.63221263885498,-0.006536006927490234,0.0,4004
40,21.813920974731445,-0.4658907651901245,-11.516565322875977,-0.006610711570829153,0.0,4004
41,21.83616828918457,-0.4196584224700928,-11.544951438903809,-0.006655057426542044,0.0,4004
42,21.853729248046875,0.4116475582122803,-11.62523078918457,-0.00660395622253418,0.0,4004
43,21.819774627685547,0.12423992156982422,-11.607107162475586,-0.006557384971529245,0.0,4004
44,21.832656860351562,0.12477636337280273,-11.619168281555176,-0.0065349736250936985,0.0,4004
45,21.826797485351562,-0.20450949668884277,-11.596933364868164,-0.006587028503417969,0.0,4004
46,21.83850860595703,-0.5145728588104248,-11.51132583618164,-0.006655057426542044,0.0,4004
47,21.853729248046875,0.029325485229492188,-11.560731887817383,-0.00660713529214263,0.0,4004
48,21.86075782775879,0.30718445777893066,-11.634564399719238,-0.006555477622896433,0.0,4005
49,21.842023849487305,0.15987753868103027,-11.630237579345703,-0.006565412040799856,0.0,4005
50,21.823286056518555,-0.30925869941711426,-11.619463920593262,-0.006595929618924856,0.0,4006
51,21.83499526977539,-0.3175020217895508,-11.574393272399902,-0.006607850547879934,0.0,4005
52,21.840850830078125,-0.4936695098876953,-11.507758140563965,-0.006624539848417044,0.0,4006
53,21.85607147216797,-0.0027894973754882812,-11.584022521972656,-0.006580034736543894,0.0,4005
54,21.84670639038086,0.2678990364074707,-11.640644073486328,-0.006578683853149414,0.0,4005
55,21.85256004333496,0.34815073013305664,-11.643827438354492,-0.0065485634841024876,0.0,4005
56,21.824459075927734,-0.02963840961456299,-11.553901672363281,-0.006530046463012695,0.0,4005
57,21.837339401245117,-0.27813613414764404,-11.570218086242676,-0.006593465805053711,0.0,4005
58,21.85958480834961,0.23433566093444824,-11.662271499633789,-0.006594181060791016,0.0,4005
59,21.833826065063477,0.03336668014526367,-11.598748207092285,-0.006610393524169922,0.0,4006
60,21.820945739746094,-0.23036599159240723,-11.566946029663086,-0.006585836410522461,0.0,4005
61,21.820945739746094,-0.39456188678741455,-11.5432710647583,-0.006614128593355417,0.0,4006
62,21.832656860351562,-0.4044771194458008,-11.574777603149414,-0.006657441612333059,0.0,4005
63,21.85256004333496,-0.13897418975830078,-11.591693878173828,-0.006619850639253855,0.0,4005
0,21.847875595092773,-0.3185749053955078,-11.528635025024414,-0.006604433059692383,0.0,4005
1,21.864269256591797,0.2001643180847168,-11.647698402404785,-0.006531238555908203,0.0,4005
2,21.845535278320312,0.2676844596862793,-11.626598358154297,-0.0065873465500772,0.0,4005
3,21.820945739746094,-0.09693503379821777,-11.59943675994873,-0.006606896873563528,0.0,4005
4,21.833826065063477,0.08556246757507324,-11.61673641204834,-0.006569226738065481,0.0,4005
5,21.824459075927734,-0.2624988555908203,-11.549422264099121,-0.006599982734769583,0.0,4005
6,21.850217819213867,-0.23837685585021973,-11.601323127746582,-0.0066121420823037624,0.0,4005
7,21.853729248046875,0.05099773406982422,-11.625158309936523,-0.006617387291043997,0.0,4005
8,21.85256004333496,0.2807915210723877,-11.590486526489258,-0.006583293434232473,0.0,4005
9,21.842023849487305,0.12103915214538574,-11.599588394165039,-0.006560245994478464,0.0,4005
10,21.83616828918457,0.04062652587890625,-11.613160133361816,-0.0065921940840780735,0.0,4005
11,21.82562828063965,-0.008207559585571289,-11.619400978088379,-0.006598949432373047,0.0,4005
12,21.83499526977539,-0.09784698486328125,-11.582287788391113,-0.006596962455660105,0.0,4005
13,21.847875595092773,-0.322839617729187,-11.553749084472656,-0.006587505340576172,0.0,4005
14,21.850217819213867,-0.06435513496398926,-11.569082260131836,-0.0066187381744384766,0.0,4006
15,21.850217819213867,0.0319361686706543,-11.645418167114258,-0.006613254547119141,0.0,4005
16,21.837339401245117,0.0034689903259277344,-11.607170104980469,-0.0066006979905068874,0.0,4005
17,21.820945739746094,-0.5775153636932373,-11.517021179199219,-0.0066243805922567844,0.0,4005
18,21.845535278320312,-0.3913611173629761,-11.580464363098145,-0.0066013336181640625,0.0,4005
19,21.85256004333496,0.23599863052368164,-11.614233016967773,-0.006580829620361328,0.0,4005
20,21.844364166259766,0.11630058288574219,-11.606561660766602,-0.006597598548978567,0.0,4004
21,21.845535278320312,0.15445947647094727,-11.60428237915039,-0.0065816245041787624,0.0,4006
22,21.83616828918457,-0.14133453369140625,-11.609521865844727,-0.006583293434232473,0.0,4004
23,21.829143524169922,-0.23984313011169434,-11.584711074829102,-0.006638129707425833,0.0,4005
24,21.840850830078125,-0.020644068717956543,-11.601099014282227,-0.006607612129300833,0.0,4004
25,21.85724449157715,0.2850651741027832,-11.60915470123291,-0.006554762367159128,0.0,4005
26,21.83499526977539,0.04894137382507324,-11.606785774230957,-0.006570497993379831,0.0,4005
27,21.83616828918457,-0.1581251621246338,-11.599275588989258,-0.006616830825805664,0.0,4005
28,21.837339401245117,0.04420280456542969,-11.641547203063965,-0.0065568289719522,0.0,4005
29,21.823286056518555,-0.3895282745361328,-11.561643600463867,-0.006573279853910208,0.0,4005
30,21.840850830078125,-0.7979214191436768,-11.454033851623535,-0.006681919097900391,0.0,4005
31,21.87948989868164,-0.09267032146453857,-11.630693435668945,-0.006643692497164011,0.0,4005
32,21.86075782775879,0.15467405319213867,-11.6561918258667,-0.0066202483139932156,0.0,4005
33,21.853729248046875,0.1274406909942627,-11.586758613586426,-0.006632884498685598,0.0,4005
34,21.863096237182617,0.46917200088500977,-11.647698402404785,-0.0065828957594931126,0.0,4006
35,21.832656860351562,0.17482638359069824,-11.656728744506836,-0.006592750549316406,0.0,4005
36,21.831483840942383,-0.008127093315124512,-11.603763580322266,-0.006639242172241211,0.0,4006
37,21.824459075927734,-0.33245086669921875,-11.546158790588379,-0.006642500404268503,0.0,4005
38,21.845535278320312,-0.26440322399139404,-11.547303199768066,-0.006595055107027292,0.0,4005
39,21.850217819213867,-0.02262890338897705,-11.619311332702637,-0.0065943398512899876,0.0,4005
40,21.842023849487305,-0.1385897397994995,-11.60915470123291,-0.006609042640775442,0.0,4005
41,21.840850830078125,-0.1758277416229248,-11.581831932067871,-0.006625016685575247,0.0,4005
42,21.83616828918457,-0.19116103649139404,-11.527562141418457,-0.0066562495194375515,0.0,4005
43,21.84904670715332,-0.2765357494354248,-11.563163757324219,-0.006616512779146433,0.0,4005
44,21.858413696289062,0.16452670097351074,-11.694664001464844,-0.006555875297635794,0.0,4005
45,21.83616828918457,0.13766884803771973,-11.650273323059082,-0.006603717803955078,0.0,4005
46,21.83968162536621,-0.3901273012161255,-11.583271980285645,-0.0066197714768350124,0.0,4005
47,21.844364166259766,-0.4535257816314697,-11.50487995147705,-0.0066606998443603516,0.0,4005
48,21.845535278320312,-0.375249981880188,-11.551398277282715,-0.006682793144136667,0.0,4005
49,21.86895179748535,0.6325900554656982,-11.72168254852295,-0.0065568289719522,0.0,4005
50,21.83968162536621,0.06557106971740723,-11.657560348510742,-0.00655810022726655,0.0,4004
51,21.858413696289062,-0.04566013813018799,-11.591988563537598,-0.006602287292480469,0.0,4005
52,21.84670639038086,-0.20138919353485107,-11.564826965332031,-0.006665627006441355,0.0,4005
53,21.84904670715332,0.08731484413146973,-11.616119384765625,-0.00662366533651948,0.0,4005
54,21.844364166259766,0.17910003662109375,-11.637452125549316,-0.0065670013427734375,0.0,4005
55,21.83850860595703,-0.16071796417236328,-11.563530921936035,-0.006620645523071289,0.0,4006
56,21.85256004333496,-0.13341307640075684,-11.583039283752441,-0.0066608586348593235,0.0,4005
57,21.858413696289062,0.12103915214538574,-11.676308631896973,-0.006598631385713816,0.0,4005
58,21.789331436157227,-0.7925927639007568,-11.526578903198242,-0.006651004310697317,0.0,4005
59,21.829143524169922,-1.019713282585144,-11.402508735656738,-0.006708860397338867,0.0,4005
60,21.894710540771484,0.4500925540924072,-11.689129829406738,-0.006592591758817434,0.0,4005
61,21.851388931274414,0.6505072116851807,-11.749309539794922,-0.006508985999971628,0.0,4005
62,21.833826065063477,0.2665400505065918,-11.62015151977539,-0.0065210661850869656,0.0,4006
63,21.820945739746094,-0.2479255199432373,-11.529994010925293,-0.006633917335420847,0.0,4005
0,21.854900360107422,-0.187799334526062,-11.580840110778809,-0.006648858543485403,0.0,4006
1,21.86075782775879,0.07830262184143066,-11.619767189025879,-0.006644646171480417,0.0,4005
2,21.845535278320312,-0.23624897003173828,-11.565515518188477,-0.006655772682279348,0.0,4006
3,21.85256004333496,-0.15744566917419434,-11.568626403808594,-0.006598552223294973,0.0,4005
4,21.84319305419922,-0.12753009796142578,-11.54472827911377,-0.006641308311372995,0.0,4006
5,21.858413696289062,0.019347667694091797,-11.634787559509277,-0.006635586265474558,0.0,4005
6,21.845535278320312,0.3737926483154297,-11.681771278381348,-0.006571690086275339,0.0,4005
7,21.815092086791992,-0.34191906452178955,-11.567947387695312,-0.0066178641282022,0.0,4005
8,21.833826065063477,-0.4862576723098755,-11.528858184814453,-0.006659587379544973,0.0,4005
9,21.854900360107422,-0.16506314277648926,-11.560052871704102,-0.006676355842500925,0.0,4005
10,21.867782592773438,0.5926966667175293,-11.678731918334961,-0.006586392875760794,0.0,4005
11,21.829143524169922,0.0561833381652832,-11.598068237304688,-0.006571372505277395,0.0,4005
12,21.826797485351562,-0.4803121089935303,-11.519372940063477,-0.006646871566772461,0.0,4005
13,21.858413696289062,0.10272860527038574,-11.654001235961914,-0.006617069244384766,0.0,4005
14,21.832656860351562,0.19937753677368164,-11.640027046203613,-0.0065898895263671875,0.0,4005
15,21.820945739746094,-0.5996435880661011,-11.511031150817871,-0.006632884498685598,0.0,4005
16,21.842023849487305,-0.8296698331832886,-11.493346214294434,-0.006653388496488333,0.0,4005
17,21.867782592773438,-0.2490699291229248,-11.585775375366211,-0.006649971008300781,0.0,4005
18,21.866609573364258,0.4500925540924072,-11.665982246398926,-0.0066111087799072266,0.0,4004
19,21.80923843383789,-0.11020302772521973,-11.580008506774902,-0.006604035850614309,0.0,4004
20,21.83968162536621,-0.2656996250152588,-11.557388305664062,-0.0066142878495156765,0.0,4005
21,21.865440368652344,0.6217539310455322,-11.68837833404541,-0.00657971715554595,0.0,4005
22,21.83616828918457,0.5518555641174316,-11.65323257446289,-0.006609360221773386,0.0,4005
23,21.824459075927734,0.2127528190612793,-11.594491958618164,-0.00660077715292573,0.0,4005
24,21.817434310913086,-0.33702850341796875,-11.564898490905762,-0.006595293525606394,0.0,4005
25,21.853729248046875,-0.34169554710388184,-11.540928840637207,-0.006648460868746042,0.0,4004
26,21.864269256591797,-0.0053822994232177734,-11.570978164672852,-0.006640354637056589,0.0,4004
27,21.84904670715332,0.24349093437194824,-11.641931533813477,-0.006563425064086914,0.0,4004
28,21.837339401245117,-0.13737380504608154,-11.576825141906738,-0.006588061805814505,0.0,4004
29,21.83968162536621,-0.29209256172180176,-11.52491569519043,-0.00668470049276948,0.0,4005
30,21.866609573364258,-0.08914768695831299,-11.59321403503418,-0.006680647376924753,0.0,4005
31,21.850217819213867,0.1542985439300537,-11.599275588989258,-0.006623983383178711,0.0,4005
32,21.824459075927734,-0.347784161567688,-11.538040161132812,-0.00663622235879302,0.0,4005
33,21.851388931274414,-0.217321515083313,-11.553293228149414,-0.006644248962402344,0.0,4004
34,21.867782592773438,0.4035472869873047,-11.631149291992188,-0.006614049430936575,0.0,4005
35,21.83616828918457,0.0319361686706543,-11.597683906555176,-0.006600618362426758,0.0,4005
36,21.865440368652344,0.0744938850402832,-11.572864532470703,-0.006607612129300833,0.0,4005
37,21.85256004333496,0.09661316871643066,-11.576279640197754,-0.0066115059889853,0.0,4004
38,21.853729248046875,-0.07770359516143799,-11.579855918884277,-0.006651004310697317,0.0,4004
39,21.854900360107422,-0.033849477767944336,-11.60581111907959,-0.006638129707425833,0.0,4004
40,21.84670639038086,-0.13341307640075684,-11.533570289611816,-0.006618658546358347,0.0,4004
41,21.844364166259766,-0.416681170463562,-11.490681648254395,-0.006656964775174856,0.0,4004
42,21.8759765625,-0.14042258262634277,-11.545175552368164,-0.0066723027266561985,0.0,4005
43,21.867782592773438,0.15399456024169922,-11.61680793762207,-0.006611426826566458,0.0,4005
44,21.853729248046875,0.017881393432617188,-11.575233459472656,-0.006603240966796875,0.0,4005
45,21.83616828918457,-0.2969026565551758,-11.535394668579102,-0.006625175476074219,0.0,4004
46,21.845535278320312,-0.3311634063720703,-11.570066452026367,-0.006647825241088867,0.0,4004
47,21.85724449157715,-0.10555386543273926,-11.569082260131836,-0.006655613426119089,0.0,4004
48,21.867782592773438,0.37561655044555664,-11.605355262756348,-0.006593783851712942,0.0,4004
49,21.840850830078125,0.16819238662719727,-11.594197273254395,-0.0065511069260537624,0.0,4005
50,21.847875595092773,-0.031560659408569336,-11.579168319702148,-0.006566921714693308,0.0,4005
51,21.86075782775879,-0.11112391948699951,-11.60922622680664,-0.0066333613358438015,0.0,4005
52,21.865440368652344,0.006830692291259766,-11.536985397338867,-0.006659984588623047,0.0,4005
53,21.85256004333496,-0.3083467483520508,-11.524003982543945,-0.006640195846557617,0.0,4004
54,21.85958480834961,-0.13530850410461426,-11.60610580444336,-0.006613492965698242,0.0,4004
55,21.861927032470703,0.10700225830078125,-11.60246753692627,-0.006632646080106497,0.0,4004
56,21.858413696289062,-0.03597736358642578,-11.575690269470215,-0.006601890083402395,0.0,4004
57,21.867782592773438,0.13781189918518066,-11.570066452026367,-0.00655817985534668,0.0,4005
58,21.847875595092773,0.06954073905944824,-11.591845512390137,-0.006589412689208984,0.0,4005
59,21.853729248046875,-0.2327442169189453,-11.599588394165039,-0.006635268684476614,0.0,4005
60,21.83616828918457,-0.5352437496185303,-11.5201416015625,-0.006653308868408203,0.0,4005
61,21.85256004333496,-0.15621185302734375,-11.519596099853516,-0.0066265263594686985,0.0,4005
62,21.853729248046875,0.2252519130706787,-11.608314514160156,-0.0065769352950155735,0.0,4004
63,21.83850860595703,0.011336803436279297,-11.60755443572998,-0.006612857338041067,0.0,4004
0,21.85607147216797,0.23837685585021973,-11.615440368652344,-0.0065744719468057156,0.0,4004
1,21.83616828918457,0.17543435096740723,-11.586302757263184,-0.0065630278550088406,0.0,4004
2,21.840850830078125,-0.05230307579040527,-11.54586410522461,-0.006612459663301706,0.0,4005
3,21.84670639038086,-0.07824897766113281,-11.617344856262207,-0.0066165924072265625,0.0,4005
4,21.84670639038086,-0.4691809415817261,-11.550190925598145,-0.006650129798799753,0.0,4005
5,21.867782592773438,-0.20237267017364502,-11.518844604492188,-0.006621281150728464,0.0,4005
6,21.863096237182617,-0.03742575645446777,-11.585247039794922,-0.006586869712918997,0.0,4005
7,21.84670639038086,-0.405004620552063,-11.542903900146484,-0.006649017333984375,0.0,4005
8,21.847875595092773,-0.10342597961425781,-11.534320831298828,-0.006660143379122019,0.0,4005
9,21.847875595092773,0.0468134880065918,-11.573410034179688,-0.0066204071044921875,0.0,4005
10,21.851388931274414,0.1944422721862793,-11.613615989685059,-0.006521940231323242,0.0,4005
11,21.842023849487305,-0.01087188720703125,-11.621591567993164,-0.006519397255033255,0.0,4005
12,21.854900360107422,-0.0010281801223754883,-11.582967758178711,-0.006644169334322214,0.0,4005
13,21.850217819213867,0.15903711318969727,-11.58592700958252,-0.006602128501981497,0.0,4005
14,21.847875595092773,0.10067224502563477,-11.577049255371094,-0.006577332969754934,0.0,4005
15,21.85256004333496,0.0582575798034668,-11.597156524658203,-0.0065905251540243626,0.0,4005
16,21.86075782775879,0.13453960418701172,-11.617120742797852,-0.006594499107450247,0.0,4004
17,21.842023849487305,-0.1514911651611328,-11.561187744140625,-0.006600141525268555,0.0,4004
18,21.853729248046875,-0.12119114398956299,-11.537736892700195,-0.006592432502657175,0.0,4004
19,21.85607147216797,0.06930828094482422,-11.611953735351562,-0.006581226829439402,0.0,4004
20,21.84670639038086,-0.23984313011169434,-11.591532707214355,-0.00661603594198823,0.0,4004
21,21.83850860595703,-0.6136715412139893,-11.462992668151855,-0.006678501609712839,0.0,4005
22,21.881832122802734,0.06358623504638672,-11.570066452026367,-0.006593386176973581,0.0,4004
23,21.842023849487305,0.03184676170349121,-11.622726440429688,-0.006583213806152344,0.0,4004
24,21.832656860351562,-0.491979718208313,-11.545408248901367,-0.006647586822509766,0.0,4004
25,21.864269256591797,-0.274541974067688,-11.564826965332031,-0.0066028437577188015,0.0,4004
26,21.866609573364258,-0.11029243469238281,-11.565899848937988,-0.006580511573702097,0.0,4004
27,21.8759765625,0.44680237770080566,-11.651041984558105,-0.006545305252075195,0.0,4004
28,21.83616828918457,0.1486659049987793,-11.633357048034668,-0.00657971715554595,0.0,4004
29,21.864269256591797,0.1360774040222168,-11.625391006469727,-0.006558974739164114,0.0,4005
30,21.85607147216797,0.2777516841888428,-11.610746383666992,-0.006543874740600586,0.0,4005
31,21.826797485351562,-0.12059211730957031,-11.54957389831543,-0.0066227116622030735,0.0,4004
32,21.847875595092773,-0.27531981468200684,-11.550190925598145,-0.006618658546358347,0.0,4004
33,21.85958480834961,-0.16277432441711426,-11.59207820892334,-0.006600141525268555,0.0,4004
34,21.86895179748535,-0.02338886260986328,-11.570289611816406,-0.00659942626953125,0.0,4005
35,21.86075782775879,-0.3758668899536133,-11.47756576538086,-0.006643613334745169,0.0,4005
36,21.878318786621094,0.2518773078918457,-11.621671676635742,-0.00659314775839448,0.0,4004
37,21.844364166259766,0.3047525882720947,-11.670693397521973,-0.0065670013427734375,0.0,4004
38,21.829143524169922,-0.2095431089401245,-11.553221702575684,-0.0066026053391397,0.0,4005
39,21.832656860351562,-0.578811764717102,-11.440300941467285,-0.006655851844698191,0.0,4005
40,21.8759765625,0.25860071182250977,-11.612481117248535,-0.006590207573026419,0.0,4005
41,21.85607147216797,0.49411654472351074,-11.722371101379395,-0.006538549903780222,0.0,4005
42,21.84670639038086,0.018346309661865234,-11.627277374267578,-0.006559769157320261,0.0,4005
43,21.83850860595703,-0.341150164604187,-11.514589309692383,-0.0066070556640625,0.0,4005
44,21.86895179748535,-0.09777545928955078,-11.55579662322998,-0.006616910453885794,0.0,4005
45,21.858413696289062,0.1649022102355957,-11.639803886413574,-0.0065900483168661594,0.0,4005
46,21.844364166259766,-0.1354694366455078,-11.58880615234375,-0.0065973601303994656,0.0,4005
47,21.847875595092773,-0.22739768028259277,-11.503744125366211,-0.006611903663724661,0.0,4005
48,21.85256004333496,-0.07183849811553955,-11.574777603149414,-0.006592353340238333,0.0,4005
49,21.85256004333496,-0.005990266799926758,-11.60701847076416,-0.0065762996673583984,0.0,4005
50,21.837339401245117,-0.2158820629119873,-11.550485610961914,-0.006607850547879934,0.0,4005
51,21.85607147216797,-0.14705657958984375,-11.519596099853516,-0.006602684501558542,0.0,4005
52,21.87948989868164,0.3315389156341553,-11.608770370483398,-0.006571134086698294,0.0,4005
53,21.842023849487305,0.27170777320861816,-11.636245727539062,-0.0065805912017822266,0.0,4005
54,21.829143524169922,-0.06108283996582031,-11.61029052734375,-0.006587187293916941,0.0,4005
55,21.840850830078125,-0.11654198169708252,-11.542976379394531,-0.0065778098069131374,0.0,4005
56,21.844364166259766,-0.196954607963562,-11.533936500549316,-0.006596406456083059,0.0,4006
57,21.85958480834961,-0.09884834289550781,-11.590102195739746,-0.006592670921236277,0.0,4005
58,21.867782592773438,0.17711520195007324,-11.626982688903809,-0.0065439543686807156,0.0,4005
59,21.83499526977539,0.1864314079284668,-11.610067367553711,-0.006550868507474661,0.0,4005
60,21.823286056518555,-0.08557140827178955,-11.561643600463867,-0.00660252571105957,0.0,4005
61,21.826797485351562,-0.48893094062805176,-11.520364761352539,-0.006636857986450195,0.0,4005
62,21.84904670715332,-0.37145018577575684,-11.54593563079834,-0.006634553428739309,0.0,4005
63,21.871294021606445,0.2738535404205322,-11.593812942504883,-0.006574153900146484,0.0,4005
0,21.854900360107422,0.13895630836486816,-11.599132537841797,-0.00655817985534668,0.0,4005
1,21.85256004333496,-0.25753676891326904,-11.55656623840332,-0.006607691291719675,0.0,4005
2,21.87948989868164,0.1534581184387207,-11.626749992370605,-0.006610711570829153,0.0,4005
3,21.865440368652344,0.3966093063354492,-11.6343412399292,-0.006559610366821289,0.0,4004
4,21.832656860351562,-0.18795132637023926,-11.574617385864258,-0.006533702369779348,0.0,4005
5,21.83499526977539,-0.5557000637054443,-11.474061012268066,-0.006647189613431692,0.0,4004
6,21.853729248046875,-0.3545790910720825,-11.560731887817383,-0.00665593147277832,0.0,4004
7,21.881832122802734,0.4172801971435547,-11.647626876831055,-0.006550312042236328,0.0,4005
8,21.84319305419922,0.1895427703857422,-11.613615989685059,-0.0065358481369912624,0.0,4005
9,21.830312728881836,-0.31017959117889404,-11.535080909729004,-0.006590763572603464,0.0,4004
10,21.850217819213867,-0.366327166557312,-11.526811599731445,-0.006652990821748972,0.0,4004
11,21.871294021606445,0.2974390983581543,-11.613321304321289,-0.006593783851712942,0.0,4004
12,21.845535278320312,0.23142099380493164,-11.590710639953613,-0.006546894554048777,0.0,4005
13,21.85607147216797,-0.023317337036132812,-11.577424049377441,-0.0065638222731649876,0.0,4005
14,21.85958480834961,0.12956857681274414,-11.647993087768555,-0.006548801902681589,0.0,4004
15,21.837339401245117,-0.2155780792236328,-11.586159706115723,-0.0065943398512899876,0.0,4004
16,21.818603515625,-0.9374678134918213,-11.440685272216797,-0.006685177329927683,0.0,4005
17,21.863096237182617,-0.6358802318572998,-11.455482482910156,-0.006644884590059519,0.0,4004
18,21.899394989013672,0.6989657878875732,-11.723121643066406,-0.006518125534057617,0.0,4005
19,21.85607147216797,0.7348895072937012,-11.713949203491211,-0.006523450370877981,0.0,4005
20,21.831483840942383,0.06785988807678223,-11.586382865905762,-0.0065205893479287624,0.0,4005
21,21.832656860351562,-0.3238409757614136,-11.53872013092041,-0.00655817985534668,0.0,4005
22,21.861927032470703,0.030630826950073242,-11.57112979888916,-0.006627798080444336,0.0,4004
23,21.85958480834961,0.2101421356201172,-11.60421085357666,-0.006610870361328125,0.0,4004
24,21.832656860351562,-0.4109591245651245,-11.501768112182617,-0.0066243805922567844,0.0,4005
25,21.858413696289062,-0.3352850675582886,-11.539257049560547,-0.006580273155122995,0.0,4005
26,21.854900360107422,-0.041171908378601074,-11.670533180236816,-0.0065769352950155735,0.0,4004
27,21.844364166259766,-0.34015774726867676,-11.532434463500977,-0.006650845054537058,0.0,4004
28,21.842023849487305,-0.7176607847213745,-11.459809303283691,-0.006621122360229492,0.0,4005
29,21.89002799987793,0.42391419410705566,-11.626821517944336,-0.0065059661865234375,0.0,4005
30,21.85724449157715,0.6482183933258057,-11.718338966369629,-0.006503900047391653,0.0,4005
31,21.84319305419922,0.14255046844482422,-11.65596866607666,-0.0065943398512899876,0.0,4004
32,21.847875595092773,-0.21548867225646973,-11.535161972045898,-0.0065801143646240234,0.0,4004
33,21.85958480834961,-0.1726895570755005,-11.541902542114258,-0.0065724849700927734,0.0,4004
34,21.870121002197266,-0.21748244762420654,-11.589941024780273,-0.006596644874662161,0.0,4005
35,21.865440368652344,-0.06664395332336426,-11.5447998046875,-0.006630102638155222,0.0,4004
36,21.85607147216797,-0.07786452770233154,-11.568242073059082,-0.006608565803617239,0.0,4005
37,21.871294021606445,0.3488481044769287,-11.639571189880371,-0.006536801811307669,0.0,4005
38,21.83616828918457,0.03749728202819824,-11.586687088012695,-0.006573756691068411,0.0,4005
39,21.85256004333496,-0.09815990924835205,-11.580151557922363,-0.006611982826143503,0.0,4005
40,21.865440368652344,0.06260275840759277,-11.622360229492188,-0.00658106803894043,0.0,4005
41,21.844364166259766,-0.3229200839996338,-11.528402328491211,-0.006609519477933645,0.0,4005
42,21.87363624572754,0.10952353477478027,-11.571586608886719,-0.006573518272489309,0.0,4005
43,21.866609573364258,0.33962130546569824,-11.65316104888916,-0.006573756691068411,0.0,4004
44,21.85607147216797,0.14766454696655273,-11.63949966430664,-0.006599982734769583,0.0,4005
45,21.83499526977539,-0.2278536558151245,-11.53584098815918,-0.006631374359130859,0.0,4004
46,21.83499526977539,-0.8419454097747803,-11.390510559082031,-0.006669680122286081,0.0,4005
47,21.884174346923828,-0.27523040771484375,-11.54935073852539,-0.006636619567871094,0.0,4005
48,21.884174346923828,0.6138861179351807,-11.727153778076172,-0.006540378089994192,0.0,4005
49,21.832656860351562,0.08236169815063477,-11.592534065246582,-0.006567716598510742,0.0,4006
50,21.858413696289062,-0.144079327583313,-11.53872013092041,-0.0065862336196005344,0.0,4005
51,21.870121002197266,0.05893707275390625,-11.622807502746582,-0.006597995758056641,0.0,4005
52,21.83499526977539,-0.24311542510986328,-11.60610580444336,-0.00661023473367095,0.0,4005
53,21.850217819213867,-0.36687254905700684,-11.48521900177002,-0.006606181617826223,0.0,4005
54,21.87714958190918,-0.16682446002960205,-11.548823356628418,-0.0065570673905313015,0.0,4005
55,21.871294021606445,0.27490854263305664,-11.594804763793945,-0.006583293434232473,0.0,4005
56,21.85256004333496,0.2361595630645752,-11.59237289428711,-0.006609678268432617,0.0,4005
57,21.851388931274414,0.09387731552124023,-11.613472938537598,-0.0065790810622274876,0.0,4005
58,21.85256004333496,0.07869601249694824,-11.591988563537598,-0.006577730178833008,0.0,4005
59,21.83850860595703,-0.23379921913146973,-11.542135238647461,-0.006597916129976511,0.0,4005
60,21.853729248046875,-0.2608984708786011,-11.568546295166016,-0.0066072940826416016,0.0,4005
61,21.85958480834961,0.24629831314086914,-11.636996269226074,-0.0065816245041787624,0.0,4005
62,21.84670639038086,0.022619962692260742,-11.555877685546875,-0.006583611015230417,0.0,4005
63,21.845535278320312,-0.1912325620651245,-11.54586410522461,-0.00661333417519927,0.0,4005
0,21.870121002197266,-0.003477931022644043,-11.601180076599121,-0.0066129365004599094,0.0,4005
1,21.853729248046875,-0.11478066444396973,-11.592605590820312,-0.006580909248441458,0.0,4005
2,21.850217819213867,-0.434759259223938,-11.486739158630371,-0.0065882205963134766,0.0,4005
3,21.870121002197266,-0.04794895648956299,-11.555108070373535,-0.006606420036405325,0.0,4005
4,21.872465133666992,0.43855905532836914,-11.659831047058105,-0.006571690086275339,0.0,4005
5,21.847875595092773,0.4458904266357422,-11.645123481750488,-0.006575345993041992,0.0,4005
6,21.840850830078125,-0.09022057056427002,-11.560803413391113,-0.006579319480806589,0.0,4005
7,21.83616828918457,-0.4261493682861328,-11.542815208435059,-0.006573677062988281,0.0,4005
8,21.864269256591797,-0.14698505401611328,-11.574161529541016,-0.006585597991943359,0.0,4005
9,21.871294021606445,0.4718363285064697,-11.66675090789795,-0.0065112910233438015,0.0,4005
10,21.84319305419922,0.3571629524230957,-11.624550819396973,-0.006474018096923828,0.0,4005
11,21.844364166259766,0.010031461715698242,-11.535394668579102,-0.006585121154785156,0.0,4006
12,21.858413696289062,-0.03025531768798828,-11.587142944335938,-0.006615718360990286,0.0,4005
13,21.84319305419922,-0.4456758499145508,-11.550190925598145,-0.0066483817063272,0.0,4006
14,21.82562828063965,-0.7893025875091553,-11.426416397094727,-0.006678024772554636,0.0,4005
15,21.867782592773438,-0.20565390586853027,-11.523691177368164,-0.006601413246244192,0.0,4005
16,21.8759765625,0.5815386772155762,-11.70240592956543,-0.006525357719510794,0.0,4005
17,21.83616828918457,0.31558871269226074,-11.63221263885498,-0.006584962364286184,0.0,4006
18,21.829143524169922,-0.19390583038330078,-11.537897109985352,-0.006634235382080078,0.0,4005
19,21.863096237182617,0.06251335144042969,-11.581608772277832,-0.00656135892495513,0.0,4006
20,21.870121002197266,0.2663075923919678,-11.639276504516602,-0.0065371193923056126,0.0,4005
21,21.847875595092773,-0.05283951759338379,-11.61339282989502,-0.006582578178495169,0.0,4006
22,21.847875595092773,-0.05069375038146973,-11.570361137390137,-0.006578922271728516,0.0,4005
23,21.840850830078125,-0.08854866027832031,-11.537352561950684,-0.006575743202120066,0.0,4006
24,21.85256004333496,-0.005990266799926758,-11.574777603149414,-0.0065653324127197266,0.0,4005
25,21.84904670715332,0.16046762466430664,-11.606722831726074,-0.0065765380859375,0.0,4006
26,21.83499526977539,-0.1083076000213623,-11.581608772277832,-0.006595531944185495,0.0,4005
27,21.851388931274414,-0.23029446601867676,-11.530754089355469,-0.006594181060791016,0.0,4005
28,21.86075782775879,-0.22404491901397705,-11.544495582580566,-0.006604671478271484,0.0,4005
29,21.871294021606445,0.16543865203857422,-11.630550384521484,-0.00658408785238862,0.0,4005
30,21.853729248046875,0.4024028778076172,-11.649361610412598,-0.006525834556668997,0.0,4005
31,21.84670639038086,0.17314553260803223,-11.575823783874512,-0.006546497344970703,0.0,4005
32,21.84670639038086,-0.1801013946533203,-11.509805679321289,-0.006590922828763723,0.0,4004
33,21.858413696289062,-0.15217959880828857,-11.605122566223145,-0.006547530647367239,0.0,4005
34,21.851388931274414,-0.19521117210388184,-11.616280555725098,-0.006558656692504883,0.0,4004
35,21.853729248046875,-0.10022521018981934,-11.525604248046875,-0.0066106319427490234,0.0,4004
36,21.858413696289062,-0.09815990924835205,-11.551398277282715,-0.006581703666597605,0.0,4004
37,21.861927032470703,-0.13301968574523926,-11.585390090942383,-0.00659314775839448,0.0,4004
38,21.872465133666992,0.16413331031799316,-11.626526832580566,-0.006573756691068411,0.0,4004
39,21.842023849487305,0.2147197723388672,-11.611345291137695,-0.006546338554471731,0.0,4004
40,21.829143524169922,-0.3143012523651123,-11.505023002624512,-0.006627956870943308,0.0,4004
41,21.864269256591797,-0.32567381858825684,-11.55966854095459,-0.006613890174776316,0.0,4004
42,21.88066291809082,0.31528472900390625,-11.631462097167969,-0.006565968040376902,0.0,4004
43,21.85958480834961,0.2255558967590332,-11.609682083129883,-0.0065593719482421875,0.0,4004
44,21.84670639038086,-0.1360684633255005,-11.548277854919434,-0.006562232971191406,0.0,4004
45,21.867782592773438,0.06671547889709473,-11.59852409362793,-0.006556272506713867,0.0,4004
46,21.863096237182617,0.14995336532592773,-11.663335800170898,-0.006547212600708008,0.0,4004
47,21.847875595092773,-0.2510547637939453,-11.546087265014648,-0.006610552314668894,0.0,4004
48,21.837339401245117,-0.5201339721679688,-11.466407775878906,-0.006628513336181641,0.0,4004
49,21.86895179748535,0.32640695571899414,-11.624550819396973,-0.006552616599947214,0.0,4005
50,21.842023849487305,0.2850651741027832,-11.702791213989258,-0.006535609718412161,0.0,4004
51,21.83616828918457,-0.011944770812988281,-11.61484146118164,-0.006527980323880911,0.0,4005
52,21.844364166259766,-0.1477450132369995,-11.519140243530273,-0.006548722740262747,0.0,4005
53,21.863096237182617,0.13248324394226074,-11.58752727508545,-0.006573915481567383,0.0,4005
54,21.853729248046875,0.2882838249206543,-11.641091346740723,-0.006589015480130911,0.0,4005
55,21.845535278320312,0.14278292655944824,-11.619919776916504,-0.006604751106351614,0.0,4005
56,21.83499526977539,-0.24121105670928955,-11.515357971191406,-0.006587982177734375,0.0,4004
57,21.85958480834961,-0.21205544471740723,-11.545318603515625,-0.0065786042250692844,0.0,4004
58,21.867782592773438,0.2518773078918457,-11.658623695373535,-0.006522417068481445,0.0,4004
59,21.84904670715332,0.09546875953674316,-11.628958702087402,-0.006554523948580027,0.0,4005
60,21.84319305419922,-0.11120438575744629,-11.53106689453125,-0.006578525062650442,0.0,4005
61,21.86075782775879,0.04314780235290527,-11.577648162841797,-0.006561597343534231,0.0,4005
62,21.84319305419922,0.05747079849243164,-11.654600143432617,-0.006560166832059622,0.0,4005
63,21.82562828063965,-0.41432082653045654,-11.560884475708008,-0.006630102638155222,0.0,4005
0,21.833826065063477,-0.6914913654327393,-11.465496063232422,-0.006647586822509766,0.0,4005
1,21.8759765625,0.22999048233032227,-11.582287788391113,-0.006545066833496094,0.0,4005
2,21.872465133666992,0.5432546138763428,-11.688065528869629,-0.006527821067720652,0.0,4004
3,21.861927032470703,0.3177165985107422,-11.671150207519531,-0.0065462589263916016,0.0,4004
4,21.83850860595703,0.011175870895385742,-11.580840110778809,-0.006557941436767578,0.0,4004
5,21.85958480834961,0.08525848388671875,-11.574777603149414,-0.0065532526932656765,0.0,4004
6,21.842023849487305,-0.06726086139678955,-11.57280158996582,-0.006569703575223684,0.0,4004
7,21.833826065063477,-0.40371716022491455,-11.568474769592285,-0.006624698638916016,0.0,4004
8,21.861927032470703,-0.04353225231170654,-11.591845512390137,-0.006589809898287058,0.0,4004
9,21.847875595092773,-0.07748007774353027,-11.573320388793945,-0.006551822181791067,0.0,4005
10,21.845535278320312,-0.17461180686950684,-11.563762664794922,-0.006579240318387747,0.0,4005
11,21.861927032470703,0.41361451148986816,-11.667573928833008,-0.006561438087373972,0.0,4005
12,21.845535278320312,0.47435760498046875,-11.678364753723145,-0.006530443672090769,0.0,4005
13,21.813920974731445,-0.23143887519836426,-11.547821998596191,-0.006571292877197266,0.0,4005
14,21.84670639038086,-0.32910704612731934,-11.490610122680664,-0.0066006979905068874,0.0,4005
15,21.881832122802734,0.2464592456817627,-11.647018432617188,-0.006568590644747019,0.0,4005
16,21.845535278320312,0.3714323043823242,-11.65505599975586,-0.006548722740262747,0.0,4004
17,21.85256004333496,-0.05154311656951904,-11.536672592163086,-0.0065561928786337376,0.0,4004
18,21.867782592773438,-0.09074807167053223,-11.550870895385742,-0.0065809884108603,0.0,4004
19,21.85724449157715,0.05123019218444824,-11.641475677490234,-0.006578922271728516,0.0,4004
20,21.850217819213867,-0.06145834922790527,-11.586454391479492,-0.006583690643310547,0.0,4005
21,21.854900360107422,-0.26898086071014404,-11.538121223449707,-0.006595531944185495,0.0,4005
22,21.861927032470703,-0.13897418975830078,-11.563530921936035,-0.006583055015653372,0.0,4005
23,21.864269256591797,0.13636350631713867,-11.620992660522461,-0.006577491760253906,0.0,4005
24,21.85958480834961,0.3213822841644287,-11.631149291992188,-0.006561994552612305,0.0,4005
25,21.847875595092773,0.08311271667480469,-11.595860481262207,-0.006536165717989206,0.0,4005
26,21.851388931274414,-0.0012606382369995117,-11.564532279968262,-0.0065821013413369656,0.0,4005
27,21.853729248046875,-0.001806020736694336,-11.585247039794922,-0.006609837058931589,0.0,4004
28,21.864269256591797,0.0038444995880126953,-11.615530014038086,-0.006560405250638723,0.0,4004
29,21.871294021606445,0.1820683479309082,-11.583039283752441,-0.006554603576660156,0.0,4004
30,21.85958480834961,0.06090402603149414,-11.575529098510742,-0.006545305252075195,0.0,4005
31,21.858413696289062,0.11347532272338867,-11.614457130432129,-0.006561279296875,0.0,4005
32,21.844364166259766,-0.1469135284423828,-11.60755443572998,-0.006593227386474609,0.0,4005
33,21.84904670715332,-0.36916136741638184,-11.518844604492188,-0.006606101989746094,0.0,4005
34,21.864269256591797,-0.22725462913513184,-11.539488792419434,-0.006577491760253906,0.0,4005
35,21.864269256591797,-0.04314780235290527,-11.557093620300293,-0.00659187650308013,0.0,4005
36,21.871294021606445,0.2859950065612793,-11.609906196594238,-0.0065958499908447266,0.0,4004
37,21.861927032470703,0.4718363285064697,-11.678203582763672,-0.006499687675386667,0.0,4004
38,21.83499526977539,-0.0024050474166870117,-11.613929748535156,-0.006453911308199167,0.0,4004
39,21.83616828918457,-0.28843581676483154,-11.534777641296387,-0.006589333061128855,0.0,4005
40,21.861927032470703,-0.05504786968231201,-11.595788955688477,-0.006623188499361277,0.0,4005
41,21.867782592773438,0.38843750953674316,-11.655369758605957,-0.006523688789457083,0.0,4005
42,21.84319305419922,-0.009423494338989258,-11.588207244873047,-0.006521304603666067,0.0,4005
43,21.853729248046875,-0.20718276500701904,-11.519685745239258,-0.006602128501981497,0.0,4004
44,21.84904670715332,-0.47581493854522705,-11.5201416015625,-0.0066416263580322266,0.0,4004
45,21.881832122802734,0.2209782600402832,-11.647626876831055,-0.006582498550415039,0.0,4004
46,21.87714958190918,0.5053997039794922,-11.63608455657959,-0.0065190792083740234,0.0,4004
47,21.851388931274414,0.1051783561706543,-11.58767032623291,-0.0065326690673828125,0.0,4005
48,21.86075782775879,0.23851990699768066,-11.620536804199219,-0.006566683296114206,0.0,4005
49,21.850217819213867,0.25173425674438477,-11.666589736938477,-0.006541728973388672,0.0,4005
50,21.83499526977539,-0.3544270992279053,-11.562171936035156,-0.0065824189223349094,0.0,4004
51,21.824459075927734,-1.014062762260437,-11.376169204711914,-0.006666898727416992,0.0,4004
52,21.881832122802734,-0.35617947578430176,-11.51314926147461,-0.006635347846895456,0.0,4004
53,21.904077529907227,0.9715676307678223,-11.751812934875488,-0.006493250373750925,0.0,4004
54,21.847875595092773,0.4024028778076172,-11.667805671691895,-0.006494998931884766,0.0,4004
55,21.853729248046875,-0.07129311561584473,-11.545318603515625,-0.006559133529663086,0.0,4005
56,21.866609573364258,-0.09518265724182129,-11.576512336730957,-0.006574153900146484,0.0,4005
57,21.87714958190918,0.32359957695007324,-11.672508239746094,-0.00653704022988677,0.0,4004
58,21.840850830078125,-0.12783408164978027,-11.572345733642578,-0.0065610408782958984,0.0,4005
59,21.833826065063477,-0.37602782249450684,-11.474061012268066,-0.006580432411283255,0.0,4005
60,21.87948989868164,0.4153132438659668,-11.627205848693848,-0.0065495967864990234,0.0,4004
61,21.854900360107422,0.43888092041015625,-11.690881729125977,-0.00652448320761323,0.0,4004
62,21.82562828063965,-0.017827749252319336,-11.623496055603027,-0.006501754280179739,0.0,4004
63,21.832656860351562,-0.2988070249557495,-11.469742774963379,-0.0065973601303994656,0.0,4004
0,21.854900360107422,-0.12402534484863281,-11.547821998596191,-0.00661023473367095,0.0,4004
1,21.85256004333496,0.17132163047790527,-11.687153816223145,-0.006533384323120117,0.0,4004
2,21.840850830078125,-0.04703700542449951,-11.627277374267578,-0.006563583854585886,0.0,4004
3,21.83616828918457,-0.22235512733459473,-11.512693405151367,-0.006587425712496042,0.0,4004
4,21.863096237182617,0.08990764617919922,-11.56323528289795,-0.006566921714693308,0.0,4004
5,21.85724449157715,0.5326330661773682,-11.698240280151367,-0.006510337349027395,0.0,4005
6,21.830312728881836,0.29116272926330566,-11.665069580078125,-0.006519158836454153,0.0,4005
7,21.840850830078125,-0.08862018585205078,-11.541679382324219,-0.006585836410522461,0.0,4005
8,21.853729248046875,-0.14714598655700684,-11.585775375366211,-0.00655810022726655,0.0,4005
9,21.84670639038086,0.006365776062011719,-11.59943675994873,-0.006570339202880859,0.0,4005
10,21.83499526977539,-0.07450282573699951,-11.555492401123047,-0.006609201431274414,0.0,4005
11,21.844364166259766,-0.135156512260437,-11.553060531616211,-0.006590207573026419,0.0,4005
12,21.827970504760742,-0.5255520343780518,-11.4883394241333,-0.006594022270292044,0.0,4004
13,21.871294021606445,0.10889768600463867,-11.62879753112793,-0.006568590644747019,0.0,4004
14,21.872465133666992,0.7229268550872803,-11.698007583618164,-0.006544351577758789,0.0,4004
15,21.832656860351562,0.18482208251953125,-11.614072799682617,-0.0065180459059774876,0.0,4005
16,21.845535278320312,0.07227659225463867,-11.591238021850586,-0.006507237907499075,0.0,4005
17,21.85724449157715,0.03268718719482422,-11.623496055603027,-0.0065511069260537624,0.0,4005
18,21.840850830078125,-0.1704007387161255,-11.58752727508545,-0.006595134735107422,0.0,4005
19,21.85724449157715,0.12865662574768066,-11.60246753692627,-0.006533622741699219,0.0,4005
20,21.850217819213867,0.14467835426330566,-11.58599853515625,-0.006537517067044973,0.0,4005
21,21.842023849487305,0.07005929946899414,-11.617032051086426,-0.006510098930448294,0.0,4005
22,21.853729248046875,0.22830963134765625,-11.628046989440918,-0.0065371193923056126,0.0,4005
23,21.831483840942383,0.13820528984069824,-11.614760398864746,-0.006563583854585886,0.0,4005
24,21.83850860595703,-0.1354694366455078,-11.576208114624023,-0.006546179298311472,0.0,4005
25,21.844364166259766,-0.25036633014678955,-11.515724182128906,-0.0065960087813436985,0.0,4004
26,21.840850830078125,-0.5125075578689575,-11.514669418334961,-0.006632884498685598,0.0,4004
27,21.87948989868164,0.34494996070861816,-11.605355262756348,-0.0065685114823281765,0.0,4005
28,21.84904670715332,0.4959404468536377,-11.638069152832031,-0.00651860237121582,0.0,4004
29,21.82562828063965,0.029647350311279297,-11.612936973571777,-0.006515979766845703,0.0,4005
30,21.844364166259766,-0.1452237367630005,-11.628734588623047,-0.00653211260214448,0.0,4005
31,21.866609573364258,0.25264620780944824,-11.66044807434082,-0.0065256753005087376,0.0,4005
32,21.84319305419922,0.11760592460632324,-11.594125747680664,-0.006537755485624075,0.0,4004
33,21.847875595092773,0.029790401458740234,-11.576440811157227,-0.0065381526947021484,0.0,4005
34,21.85724449157715,0.1552104949951172,-11.638203620910645,-0.006557146552950144,0.0,4005
35,21.84670639038086,0.1500248908996582,-11.626749992370605,-0.0065807499922811985,0.0,4005
36,21.840850830078125,-0.10555386543273926,-11.56049919128418,-0.00657963752746582,0.0,4005
37,21.858413696289062,-0.08091330528259277,-11.587751388549805,-0.006531079765409231,0.0,4005
38,21.851388931274414,-0.06580352783203125,-11.611345291137695,-0.006564140319824219,0.0,4005
39,21.850217819213867,-0.19978880882263184,-11.570816993713379,-0.006612062454223633,0.0,4005
40,21.861927032470703,0.09677410125732422,-11.604059219360352,-0.006542682647705078,0.0,4005
41,21.84319305419922,-0.005239248275756836,-11.54586410522461,-0.006545861717313528,0.0,4004
42,21.83499526977539,-0.4631459712982178,-11.490225791931152,-0.0066297054290771484,0.0,4004
43,21.884174346923828,0.4985332489013672,-11.650496482849121,-0.006547689437866211,0.0,4004
44,21.85724449157715,0.7336735725402832,-11.721306800842285,-0.006444374565035105,0.0,4004
45,21.830312728881836,0.2404332160949707,-11.637228965759277,-0.006483872886747122,0.0,4005
46,21.84670639038086,0.15841126441955566,-11.628046989440918,-0.0065409340895712376,0.0,4005
47,21.854900360107422,0.03291964530944824,-11.639115333557129,-0.006561279296875,0.0,4005
48,21.847875595092773,0.005060434341430664,-11.590710639953613,-0.006558815483003855,0.0,4005
49,21.85256004333496,-0.029414892196655273,-11.566650390625,-0.006542126182466745,0.0,4005
50,21.867782592773438,0.00048279762268066406,-11.596700668334961,-0.006551265716552734,0.0,4004
51,21.85958480834961,0.13049840927124023,-11.62850284576416,-0.006566762924194336,0.0,4004
52,21.844364166259766,-0.14256834983825684,-11.616504669189453,-0.006550630088895559,0.0,4004
53,21.844364166259766,-0.2682924270629883,-11.533024787902832,-0.006550709251314402,0.0,4004
54,21.853729248046875,-0.33963024616241455,-11.519372940063477,-0.006592988967895508,0.0,4004
55,21.87948989868164,0.36211609840393066,-11.650809288024902,-0.006560722831636667,0.0,4005
56,21.86895179748535,0.43398141860961914,-11.654985427856445,-0.0065343379974365234,0.0,4005
57,21.83850860595703,-0.09450316429138184,-11.581831932067871,-0.0065379939042031765,0.0,4004
58,21.864269256591797,-0.014001131057739258,-11.566650390625,-0.006550312042236328,0.0,4005
59,21.871294021606445,0.4606962203979492,-11.641931533813477,-0.006552855018526316,0.0,4005
60,21.850217819213867,0.3386378288269043,-11.663863182067871,-0.006520827766507864,0.0,4005
61,21.842023849487305,0.01925826072692871,-11.594125747680664,-0.00654292106628418,0.0,4004
62,21.858413696289062,0.08860230445861816,-11.594358444213867,-0.006531556602567434,0.0,4004
63,21.85724449157715,0.33922791481018066,-11.654985427856445,-0.006518999580293894,0.0,4004
0,21.85724449157715,0.2289891242980957,-11.65960693359375,-0.006542682647705078,0.0,4005
1,21.85256004333496,-0.07808804512023926,-11.589574813842773,-0.006555875297635794,0.0,4005
2,21.847875595092773,-0.36106109619140625,-11.546847343444824,-0.006567319389432669,0.0,4004
3,21.847875595092773,-0.4730701446533203,-11.533409118652344,-0.006591955665498972,0.0,4005
4,21.854900360107422,-0.217321515083313,-11.609521865844727,-0.0065784454345703125,0.0,4004
5,21.853729248046875,0.22625327110290527,-11.622199058532715,-0.006535530090332031,0.0,4004
6,21.850217819213867,0.30902624130249023,-11.606785774230957,-0.0064983367919921875,0.0,4004
7,21.851388931274414,0.23966431617736816,-11.613615989685059,-0.006548722740262747,0.0,4005
8,21.863096237182617,0.2982616424560547,-11.661198616027832,-0.0065538883209228516,0.0,4005
9,21.83499526977539,-0.08518695831298828,-11.596772193908691,-0.006566762924194336,0.0,4005
10,21.858413696289062,-0.11203587055206299,-11.515045166015625,-0.006597042083740234,0.0,4005
11,21.870121002197266,0.2930760383605957,-11.623790740966797,-0.006521463394165039,0.0,4004
12,21.851388931274414,0.42475461959838867,-11.711141586303711,-0.00648633623495698,0.0,4004
13,21.853729248046875,0.37668943405151367,-11.65202522277832,-0.006524244789034128,0.0,4004
14,21.844364166259766,0.0834345817565918,-11.589118957519531,-0.006527900695800781,0.0,4005
15,21.847875595092773,0.03628134727478027,-11.597773551940918,-0.0065349736250936985,0.0,4005
16,21.858413696289062,0.05756020545959473,-11.616352081298828,-0.006561597343534231,0.0,4005
17,21.83499526977539,-0.3148287534713745,-11.529842376708984,-0.006598392967134714,0.0,4004
18,21.853729248046875,-0.3655672073364258,-11.542591094970703,-0.006575107574462891,0.0,4004
19,21.865440368652344,0.19358396530151367,-11.621814727783203,-0.006520112510770559,0.0,4004
20,21.844364166259766,0.18793344497680664,-11.650809288024902,-0.006537596229463816,0.0,4004
21,21.851388931274414,0.26804208755493164,-11.63374137878418,-0.006546497344970703,0.0,4004
22,21.85256004333496,0.2206742763519287,-11.599588394165039,-0.006516933441162109,0.0,4004
23,21.840850830078125,0.15712380409240723,-11.617263793945312,-0.00652305269613862,0.0,4005
24,21.83850860595703,-0.025445222854614258,-11.623719215393066,-0.006552855018526316,0.0,4004
25,21.842023849487305,-0.11455714702606201,-11.595564842224121,-0.006577332969754934,0.0,4004
26,21.85607147216797,0.04030466079711914,-11.578032493591309,-0.006531556602567434,0.0,4004
27,21.865440368652344,0.24400949478149414,-11.63374137878418,-0.006465911865234375,0.0,4004
28,21.83616828918457,-0.10273754596710205,-11.595860481262207,-0.0065720877610147,0.0,4005
29,21.853729248046875,-0.17673969268798828,-11.562395095825195,-0.006628751754760742,0.0,4005
30,21.87363624572754,0.3531217575073242,-11.637380599975586,-0.006526470184326172,0.0,4006
31,21.85724449157715,0.2653956413269043,-11.636316299438477,-0.006507714744657278,0.0,4005
32,21.847875595092773,0.14811158180236816,-11.622199058532715,-0.006547451019287109,0.0,4006
33,21.84319305419922,-0.12219250202178955,-11.602547645568848,-0.006594737526029348,0.0,4005
34,21.867782592773438,0.1849651336669922,-11.618560791015625,-0.006524960044771433,0.0,4006
35,21.864269256591797,0.4014909267425537,-11.630693435668945,-0.006493488792330027,0.0,4005
36,21.854900360107422,0.1738429069519043,-11.626142501831055,-0.006489992141723633,0.0,4005
37,21.85607147216797,0.16871094703674316,-11.64557933807373,-0.00654149055480957,0.0,4005
38,21.84670639038086,0.22609233856201172,-11.633196830749512,-0.006555239204317331,0.0,4005
39,21.844364166259766,0.1269221305847168,-11.596548080444336,-0.006535530090332031,0.0,4005
40,21.851388931274414,-0.04787743091583252,-11.591166496276855,-0.006557384971529245,0.0,4005
41,21.850217819213867,-0.3014802932739258,-11.56134033203125,-0.006607850547879934,0.0,4005
42,21.844364166259766,-0.4101276397705078,-11.543432235717773,-0.0066111087799072266,0.0,4005
43,21.88300132751465,0.20633339881896973,-11.610969543457031,-0.006526470184326172,0.0,4005
44,21.87714958190918,0.3681600093841553,-11.64981746673584,-0.006508747581392527,0.0,4005
45,21.85607147216797,0.5105137825012207,-11.703631401062012,-0.0065044560469686985,0.0,4005
46,21.840850830078125,0.1892387866973877,-11.616575241088867,-0.0065778098069131374,0.0,4006
47,21.84319305419922,-0.025150179862976074,-11.549806594848633,-0.0065638222731649876,0.0,4005
48,21.851388931274414,0.007510185241699219,-11.586159706115723,-0.006518125534057617,0.0,4006
49,21.854900360107422,0.02657175064086914,-11.62409496307373,-0.0065371193923056126,0.0,4005
50,21.86075782775879,0.06405115127563477,-11.598068237304688,-0.006555875297635794,0.0,4005
51,21.871294021606445,0.2867460250854492,-11.632516860961914,-0.0065038204193115234,0.0,4005
52,21.858413696289062,0.2830088138580322,-11.63829231262207,-0.00644373893737793,0.0,4006
53,21.850217819213867,0.0344395637512207,-11.641851425170898,-0.006501039024442434,0.0,4005
54,21.85724449157715,-0.03307163715362549,-11.605283737182617,-0.006591796875,0.0,4005
55,21.84904670715332,-0.06053745746612549,-11.55678939819336,-0.006604194641113281,0.0,4005
56,21.842023849487305,-0.009128451347351074,-11.594358444213867,-0.006543715950101614,0.0,4005
57,21.851388931274414,0.1417994499206543,-11.622807502746582,-0.00654594087973237,0.0,4005
58,21.844364166259766,0.10265707969665527,-11.6558256149292,-0.006561756134033203,0.0,4006
59,21.85607147216797,0.013303756713867188,-11.600571632385254,-0.006554285530000925,0.0,4005
60,21.872465133666992,0.23279786109924316,-11.607697486877441,-0.006528536323457956,0.0,4005
61,21.84904670715332,0.3951609134674072,-11.658472061157227,-0.0065134367905557156,0.0,4005
62,21.827970504760742,0.0994563102722168,-11.651793479919434,-0.0065311589278280735,0.0,4005
63,21.842023849487305,-0.09326934814453125,-11.569082260131836,-0.006556669715791941,0.0,4005
0,21.865440368652344,0.13568401336669922,-11.591693878173828,-0.0065290131606161594,0.0,4005
1,21.85724449157715,0.33847689628601074,-11.637300491333008,-0.006519794464111328,0.0,4005
2,21.851388931274414,0.1978754997253418,-11.626526832580566,-0.006559769157320261,0.0,4005
3,21.83616828918457,-0.22480487823486328,-11.591238021850586,-0.0065691471099853516,0.0,4005
4,21.864269256591797,0.011926889419555664,-11.589118957519531,-0.006520509719848633,0.0,4005
5,21.864269256591797,0.21425485610961914,-11.608081817626953,-0.006531397346407175,0.0,4005
6,21.858413696289062,0.09791851043701172,-11.644434928894043,-0.006548643112182617,0.0,4005
7,21.850217819213867,0.005614757537841797,-11.615601539611816,-0.006563743110746145,0.0,4005
8,21.85256004333496,0.27240514755249023,-11.617416381835938,-0.0065066018141806126,0.0,4005
9,21.85607147216797,0.14621615409851074,-11.616888999938965,-0.0065167746506631374,0.0,4005
10,21.851388931274414,0.11478066444396973,-11.671150207519531,-0.0065286955796182156,0.0,4005
11,21.861927032470703,0.06381869316101074,-11.634725570678711,-0.006545464042574167,0.0,4005
12,21.861927032470703,0.15079379081726074,-11.598819732666016,-0.0065267086029052734,0.0,4005
13,21.850217819213867,-0.02796649932861328,-11.579105377197266,-0.006546497344970703,0.0,4005
14,21.874807357788086,0.37012696266174316,-11.66051959991455,-0.0065402984619140625,0.0,4005
15,21.85256004333496,0.41141510009765625,-11.671150207519531,-0.006524324417114258,0.0,4006
16,21.840850830078125,0.0550389289855957,-11.60641860961914,-0.0064946808852255344,0.0,4005
17,21.85607147216797,-0.16682446002960205,-11.559891700744629,-0.006518999580293894,0.0,4005
18,21.871294021606445,0.11966228485107422,-11.640188217163086,-0.0065462589263916016,0.0,4005
19,21.858413696289062,0.0321507453918457,-11.647314071655273,-0.006565412040799856,0.0,4005
20,21.850217819213867,-0.24945437908172607,-11.537969589233398,-0.006601810455322266,0.0,4005
21,21.872465133666992,0.0779271125793457,-11.600732803344727,-0.006530443672090769,0.0,4005
22,21.87363624572754,0.5164682865142822,-11.651793479919434,-0.0065233707427978516,0.0,4005
23,21.853729248046875,0.4272043704986572,-11.673948287963867,-0.006551504135131836,0.0,4005
24,21.850217819213867,0.13781189918518066,-11.637613296508789,-0.006549040321260691,0.0,4005
25,21.844364166259766,0.08983612060546875,-11.62545394897461,-0.006514310836791992,0.0,4005
26,21.83499526977539,-0.38976073265075684,-11.588957786560059,-0.006554603576660156,0.0,4005
27,21.872465133666992,-0.12569725513458252,-11.595636367797852,-0.006577332969754934,0.0,4005
28,21.881832122802734,0.4052281379699707,-11.667573928833008,-0.006518443580716848,0.0,4005
29,21.861927032470703,0.4333019256591797,-11.645195007324219,-0.0064977011643350124,0.0,4005
30,21.854900360107422,0.30559301376342773,-11.643442153930664,-0.006499926093965769,0.0,4005
31,21.850217819213867,0.2103745937347412,-11.67418098449707,-0.006517489906400442,0.0,4005
32,21.84904670715332,0.10982751846313477,-11.62576675415039,-0.006542126182466745,0.0,4005
33,21.858413696289062,0.3007829189300537,-11.622583389282227,-0.0065263113938272,0.0,4005
34,21.85958480834961,0.20450949668884277,-11.627894401550293,-0.0065256753005087376,0.0,4005
35,21.842023849487305,0.10462403297424316,-11.647465705871582,-0.006537914276123047,0.0,4005
36,21.844364166259766,-0.012856721878051758,-11.641395568847656,-0.0065587363205850124,0.0,4005
37,21.840850830078125,-0.07122159004211426,-11.542135238647461,-0.0065824189223349094,0.0,4005
38,21.85256004333496,-0.1629352569580078,-11.540696144104004,-0.006560722831636667,0.0,4005
39,21.874807357788086,0.2924680709838867,-11.666438102722168,-0.00647870684042573,0.0,4005
40,21.858413696289062,0.46520233154296875,-11.705678939819336,-0.006513913627713919,0.0,4006
41,21.84670639038086,0.30031800270080566,-11.629030227661133,-0.006549278739839792,0.0,4005
42,21.84904670715332,0.2667546272277832,-11.619767189025879,-0.006510575767606497,0.0,4006
43,21.864269256591797,0.2044200897216797,-11.649674415588379,-0.006491184234619141,0.0,4005
44,21.85724449157715,0.0800013542175293,-11.658784866333008,-0.006517966743558645,0.0,4006
45,21.853729248046875,0.1546025276184082,-11.610817909240723,-0.00656445836648345,0.0,4005
46,21.84319305419922,-0.06687641143798828,-11.561867713928223,-0.00656119966879487,0.0,4005
47,21.850217819213867,-0.19459426403045654,-11.58570384979248,-0.0065708160400390625,0.0,4005
48,21.871294021606445,0.08418560028076172,-11.625838279724121,-0.006576856132596731,0.0,4005
49,21.866609573364258,0.3874540328979492,-11.669397354125977,-0.006520906928926706,0.0,4005
50,21.850217819213867,0.16161203384399414,-11.603459358215332,-0.00651558255776763,0.0,4005
51,21.861927032470703,0.2501964569091797,-11.614385604858398,-0.006517092231661081,0.0,4005
52,21.844364166259766,0.16039609909057617,-11.642074584960938,-0.006559848785400391,0.0,4005
53,21.85607147216797,-0.07756054401397705,-11.572345733642578,-0.006582339759916067,0.0,4005
54,21.878318786621094,0.14278292655944824,-11.613321304321289,-0.006517489906400442,0.0,4006
55,21.870121002197266,0.45458078384399414,-11.684578895568848,-0.006485700607299805,0.0,4005
56,21.84670639038086,0.25806427001953125,-11.679116249084473,-0.006530205253511667,0.0,4004
57,21.845535278320312,-0.14881789684295654,-11.576663970947266,-0.006589094642549753,0.0,4005
58,21.871294021606445,0.09471774101257324,-11.582359313964844,-0.006533702369779348,0.0,4005
59,21.870121002197266,0.5233347415924072,-11.666295051574707,-0.006426414009183645,0.0,4006
60,21.84670639038086,0.28499364852905273,-11.684417724609375,-0.006511370185762644,0.0,4005
61,21.833826065063477,-0.15774071216583252,-11.613615989685059,-0.006598711013793945,0.0,4005
62,21.84319305419922,-0.4093587398529053,-11.518916130065918,-0.006588459014892578,0.0,4005
63,21.86895179748535,0.02353191375732422,-11.573633193969727,-0.006532351020723581,0.0,4005
0,21.87363624572754,0.4567265510559082,-11.685419082641602,-0.006522099021822214,0.0,4005
1,21.83499526977539,0.33892393112182617,-11.658400535583496,-0.00654911994934082,0.0,4005
2,21.842023849487305,0.05573630332946777,-11.58592700958252,-0.0065480866469442844,0.0,4005
3,21.87363624572754,0.31124353408813477,-11.622807502746582,-0.006504217628389597,0.0,4005
4,21.866609573364258,0.47237277030944824,-11.683058738708496,-0.006491422653198242,0.0,4005
5,21.840850830078125,0.31101107597351074,-11.676907539367676,-0.0065135955810546875,0.0,4005
6,21.83499526977539,0.1932084560394287,-11.606034278869629,-0.006540854927152395,0.0,4005
7,21.85256004333496,0.1294255256652832,-11.593973159790039,-0.006532907485961914,0.0,4005
8,21.858413696289062,0.2138972282409668,-11.636924743652344,-0.0065265498124063015,0.0,4005
9,21.85958480834961,0.1921534538269043,-11.635333061218262,-0.0065387883223593235,0.0,4005
10,21.853729248046875,0.1967310905456543,-11.626222610473633,-0.006541887763887644,0.0,4005
11,21.83850860595703,0.10668039321899414,-11.615601539611816,-0.006510893348604441,0.0,4005
12,21.840850830078125,0.013536214828491211,-11.62015151977539,-0.006527265068143606,0.0,4005
13,21.84319305419922,-0.00782310962677002,-11.615985870361328,-0.006565014366060495,0.0,4005
14,21.853729248046875,0.19136667251586914,-11.637746810913086,-0.006528377532958984,0.0,4005
15,21.847875595092773,0.12561678886413574,-11.596405029296875,-0.006517489906400442,0.0,4005
16,21.850217819213867,0.2425074577331543,-11.633125305175781,-0.006526470184326172,0.0,4005
17,21.845535278320312,0.14995336532592773,-11.684650421142578,-0.0065286955796182156,0.0,4005
18,21.847875595092773,0.010192394256591797,-11.607107162475586,-0.006554523948580027,0.0,4006
19,21.84670639038086,-0.07786452770233154,-11.555197715759277,-0.006570895668119192,0.0,4005
20,21.865440368652344,0.38385987281799316,-11.636924743652344,-0.006515661720186472,0.0,4006
21,21.84670639038086,0.5413413047790527,-11.684730529785156,-0.006510575767606497,0.0,4005
22,21.83850860595703,0.3223836421966553,-11.67440414428711,-0.0065099396742880344,0.0,4004
23,21.83616828918457,0.0504612922668457,-11.607331275939941,-0.0065251984633505344,0.0,4005
24,21.842023849487305,-0.024461746215820312,-11.556109428405762,-0.006551027297973633,0.0,4005
25,21.850217819213867,0.14673471450805664,-11.602547645568848,-0.00653831148520112,0.0,4005
26,21.85958480834961,0.30688047409057617,-11.695352554321289,-0.006524801254272461,0.0,4005
27,21.84904670715332,0.3917276859283447,-11.662567138671875,-0.006480852607637644,0.0,4005
28,21.850217819213867,0.14238953590393066,-11.606195449829102,-0.006488720420747995,0.0,4005
29,21.84670639038086,0.23936033248901367,-11.632829666137695,-0.006537914276123047,0.0,4005
30,21.832656860351562,0.20343661308288574,-11.661359786987305,-0.006550630088895559,0.0,4005
31,21.84319305419922,0.11492371559143066,-11.616280555725098,-0.006553093437105417,0.0,4005
32,21.845535278320312,0.13995766639709473,-11.593132972717285,-0.006533543113619089,0.0,4005
33,21.854900360107422,0.2505183219909668,-11.659831047058105,-0.00652003288269043,0.0,4005
34,21.85256004333496,0.3142833709716797,-11.688217163085938,-0.0065213837660849094,0.0,4004
35,21.844364166259766,0.1589655876159668,-11.631828308105469,-0.006536404136568308,0.0,4004
36,21.84670639038086,0.11926889419555664,-11.59101390838623,-0.0065349736250936985,0.0,4004
37,21.84319305419922,0.13019442558288574,-11.608922958374023,-0.006555080413818359,0.0,4004
38,21.858413696289062,0.20595788955688477,-11.66037654876709,-0.0065265498124063015,0.0,4004
39,21.85256004333496,0.2232670783996582,-11.640027046203613,-0.0064946808852255344,0.0,4004
40,21.85256004333496,0.043451786041259766,-11.570978164672852,-0.006532589439302683,0.0,4004
41,21.85256004333496,0.22999048233032227,-11.618783950805664,-0.006530284881591797,0.0,4004
42,21.85607147216797,0.38614869117736816,-11.683138847351074,-0.006511131767183542,0.0,4005
43,21.85607147216797,0.1972496509552002,-11.630782127380371,-0.006531397346407175,0.0,4005
44,21.86895179748535,0.0708460807800293,-11.581376075744629,-0.006546974182128906,0.0,4005
45,21.870121002197266,0.25295019149780273,-11.615144729614258,-0.006522258277982473,0.0,4005
46,21.85607147216797,0.45772790908813477,-11.684802055358887,-0.0064960322342813015,0.0,4005
47,21.84670639038086,0.2973496913909912,-11.66415786743164,-0.006459236145019531,0.0,4005
48,21.842023849487305,0.15140175819396973,-11.612642288208008,-0.006523927208036184,0.0,4005
49,21.842023849487305,0.08731484413146973,-11.592828750610352,-0.006553093437105417,0.0,4005
50,21.844364166259766,0.10043978691101074,-11.610969543457031,-0.0065572261810302734,0.0,4005
51,21.854900360107422,0.14423131942749023,-11.645346641540527,-0.006535768508911133,0.0,4005
52,21.85724449157715,0.22569894790649414,-11.610889434814453,-0.006531079765409231,0.0,4005
53,21.847875595092773,0.17970800399780273,-11.589646339416504,-0.006542523857206106,0.0,4004
54,21.84670639038086,0.16871094703674316,-11.640411376953125,-0.006513039115816355,0.0,4004
55,21.847875595092773,0.3583073616027832,-11.693000793457031,-0.006474018096923828,0.0,4005
56,21.827970504760742,0.20967721939086914,-11.612338066101074,-0.006513675209134817,0.0,4005
57,21.83850860595703,-0.11875927448272705,-11.548206329345703,-0.0065616765059530735,0.0,4005
58,21.8759765625,0.11386871337890625,-11.616352081298828,-0.006543874740600586,0.0,4005
59,21.871294021606445,0.5543768405914307,-11.67508316040039,-0.006516297813504934,0.0,4005
60,21.845535278320312,0.2730131149291992,-11.615896224975586,-0.006521940231323242,0.0,4005
61,21.844364166259766,-0.028949975967407227,-11.56020450592041,-0.006528615951538086,0.0,4005
62,21.863096237182617,0.11172294616699219,-11.606266975402832,-0.006518761161714792,0.0,4005
63,21.8759765625,0.38958191871643066,-11.668941497802734,-0.006521463394165039,0.0,4005
0,21.858413696289062,0.42339563369750977,-11.661654472351074,-0.00647743558511138,0.0,4005
1,21.850217819213867,0.19222497940063477,-11.602011680603027,-0.006493409629911184,0.0,4005
2,21.867782592773438,0.1074671745300293,-11.588573455810547,-0.0065195560455322266,0.0,4005
3,21.858413696289062,0.2581357955932617,-11.615297317504883,-0.0065348148345947266,0.0,4005
4,21.85607147216797,0.22448301315307617,-11.626070976257324,-0.006511688232421875,0.0,4005
5,21.853729248046875,0.19176006317138672,-11.594724655151367,-0.006489833351224661,0.0,4005
6,21.86075782775879,0.22602081298828125,-11.609521865844727,-0.006483316421508789,0.0,4005
7,21.87363624572754,0.22830963134765625,-11.635244369506836,-0.0064960322342813015,0.0,4005
8,21.858413696289062,0.1177668571472168,-11.61029052734375,-0.0065227351151406765,0.0,4005
9,21.864269256591797,0.11882185935974121,-11.581903457641602,-0.006542205810546875,0.0,4005
10,21.87948989868164,0.2227306365966797,-11.589717864990234,-0.0065197148360311985,0.0,4005
11,21.885345458984375,0.3955364227294922,-11.643299102783203,-0.006522417068481445,0.0,4005
12,21.87948989868164,0.4155278205871582,-11.637380599975586,-0.006520112510770559,0.0,4004
13,21.863096237182617,0.11737346649169922,-11.561939239501953,-0.006513913627713919,0.0,4004
14,21.858413696289062,-0.18536746501922607,-11.508893966674805,-0.006535053253173828,0.0,4004
15,21.874807357788086,0.017201900482177734,-11.563619613647461,-0.006540378089994192,0.0,4004
16,21.881832122802734,0.42339563369750977,-11.640482902526855,-0.006483872886747122,0.0,4005
17,21.87714958190918,0.42911767959594727,-11.572569847106934,-0.006458838935941458,0.0,4005
18,21.881832122802734,0.1266002655029297,-11.509349822998047,-0.006491581443697214,0.0,4005
19,21.894710540771484,0.15170574188232422,-11.565810203552246,-0.006476720329374075,0.0,4005
20,21.904077529907227,0.20281076431274414,-11.599052429199219,-0.006501436233520508,0.0,4005
21,21.915788650512695,0.22396445274353027,-11.564826965332031,-0.006490230560302734,0.0,4005
22,21.916959762573242,0.1440882682800293,-11.529994010925293,-0.006481488700956106,0.0,4005
23,21.9134464263916,0.14796853065490723,-11.533409118652344,-0.006491422653198242,0.0,4005
24,21.932178497314453,0.34807920455932617,-11.597317695617676,-0.0064908661879599094,0.0,4005
25,21.92632293701172,0.3242075443267822,-11.570816993713379,-0.006489276885986328,0.0,4005
26,21.929838180541992,0.20259618759155273,-11.520364761352539,-0.006489594932645559,0.0,4005
27,21.929838180541992,0.13386011123657227,-11.540168762207031,-0.0064938864670693874,0.0,4005
28,21.94740104675293,0.21137595176696777,-11.57848834991455,-0.006494919303804636,0.0,4005
29,21.94740104675293,0.2693474292755127,-11.563467979431152,-0.006466388702392578,0.0,4005
30,21.94037628173828,0.16018152236938477,-11.525443077087402,-0.006464084144681692,0.0,4005
31,21.94506072998047,0.22569894790649414,-11.547454833984375,-0.006475130561739206,0.0,4005
32,21.946231842041016,0.3269612789154053,-11.594125747680664,-0.0064908661879599094,0.0,4006
33,21.95442771911621,0.28781890869140625,-11.585158348083496,-0.006451527122408152,0.0,4005
34,21.967304229736328,0.22249817848205566,-11.545702934265137,-0.006421566009521484,0.0,4005
35,21.967304229736328,0.23800134658813477,-11.543360710144043,-0.006425777915865183,0.0,4005
36,21.967304229736328,0.31932592391967773,-11.578721046447754,-0.006445010658353567,0.0,4005
37,21.973161697387695,0.29064416885375977,-11.5647554397583,-0.006479581352323294,0.0,4005
38,21.96145248413086,0.0822901725769043,-11.485451698303223,-0.006470441818237305,0.0,4005
39,21.967304229736328,-0.10082423686981201,-11.463591575622559,-0.006468931678682566,0.0,4006
40,21.976675033569336,0.17527341842651367,-11.508893966674805,-0.006482362747192383,0.0,4005
41,21.97784423828125,0.3981471061706543,-11.539032936096191,-0.0064450898207724094,0.0,4006
42,21.976675033569336,0.23662447929382324,-11.502679824829102,-0.006433168891817331,0.0,4005
43,21.98135757446289,0.20533204078674316,-11.472013473510742,-0.006405671592801809,0.0,4005
44,21.99072265625,0.1543879508972168,-11.480819702148438,-0.006427685264497995,0.0,4006
45,22.009458541870117,0.10952353477478027,-11.479157447814941,-0.006479819770902395,0.0,4005
46,22.016483306884766,0.2469956874847412,-11.455938339233398,-0.00643467903137207,0.0,4005
47,22.03521728515625,0.3441274166107178,-11.443099021911621,-0.006384611129760742,0.0,4005
48,22.057464599609375,0.3638148307800293,-11.480819702148438,-0.0064014592207968235,0.0,4006
49,22.07268524169922,0.35845041275024414,-11.50343132019043,-0.0064107575453817844,0.0,4005
50,22.0738582611084,0.14941692352294922,-11.455848693847656,-0.006406068801879883,0.0,4006
51,22.076196670532227,-0.08649230003356934,-11.383679389953613,-0.006394068244844675,0.0,4005
52,22.111326217651367,0.09464621543884277,-11.404260635375977,-0.006369908805936575,0.0,4005
53,22.128887176513672,0.49724578857421875,-11.5201416015625,-0.0063323974609375,0.0,4005
54,22.11366844177246,0.4026353359222412,-11.505335807800293,-0.006325960159301758,0.0,4005
55,22.120691299438477,0.21854639053344727,-11.431351661682129,-0.006341695785522461,0.0,4005
56,22.134742736816406,0.19000768661499023,-11.442509651184082,-0.00634010648354888,0.0,4005
57,22.145282745361328,0.2842247486114502,-11.498880386352539,-0.006333271507173777,0.0,4005
58,22.139427185058594,0.2644658088684082,-11.495232582092285,-0.0064006648026406765,0.0,4005
59,22.146451950073242,0.14696717262268066,-11.457904815673828,-0.006399551872164011,0.0,4005
60,22.164012908935547,0.11966228485107422,-11.454257011413574,-0.006383816245943308,0.0,4005
61,22.164012908935547,0.35930871963500977,-11.503592491149902,-0.006428638938814402,0.0,4005
62,22.154647827148438,0.32984018325805664,-11.515885353088379,-0.006445805076509714,0.0,4005
63,22.145282745361328,0.22112131118774414,-11.468598365783691,-0.006447871681302786,0.0,4005
0,22.140596389770508,0.09586215019226074,-11.44970703125,-0.006471395492553711,0.0,4005
1,22.140596389770508,0.0594019889831543,-11.47497272491455,-0.006533702369779348,0.0,4005
2,22.145282745361328,-0.038427114486694336,-11.444100379943848,-0.0065991878509521484,0.0,4005
3,22.151134490966797,0.1712322235107422,-11.427703857421875,-0.006611665245145559,0.0,4005
4,22.145282745361328,0.4432260990142822,-11.43968391418457,-0.0066432952880859375,0.0,4005
5,22.151134490966797,0.35616159439086914,-11.459192276000977,-0.0066998801194131374,0.0,4005
6,22.168697357177734,0.3451824188232422,-11.481204986572266,-0.006716648582369089,0.0,4005
7,22.192115783691406,0.28263330459594727,-11.421855926513672,-0.006733099464327097,0.0,4005
8,22.20733642578125,0.20862221717834473,-11.379817008972168,-0.006738265510648489,0.0,4005
9,22.236610412597656,0.19708871841430664,-11.412227630615234,-0.006780704017728567,0.0,4005
10,22.269393920898438,0.21808147430419922,-11.434078216552734,-0.00682385778054595,0.0,4005
11,22.276418685913086,0.13820528984069824,-11.383089065551758,-0.006821314338594675,0.0,4005
12,22.3092041015625,0.2413630485534668,-11.369499206542969,-0.0067845978774130344,0.0,4005
13,22.345502853393555,0.37876367568969727,-11.392718315124512,-0.0068109831772744656,0.0,4005
14,22.35955047607422,0.42659640312194824,-11.425575256347656,-0.006821712013334036,0.0,4005
15,22.360721588134766,0.2936124801635742,-11.404788970947266,-0.006796678062528372,0.0,4005
16,22.37009048461914,0.11592507362365723,-11.3601655960083,-0.006759484764188528,0.0,4005
17,22.38648223876953,0.031381845474243164,-11.365779876708984,-0.006739377975463867,0.0,4005
18,22.400531768798828,0.0847935676574707,-11.422017097473145,-0.0067713260650634766,0.0,4004
19,22.406387329101562,0.29574036598205566,-11.448338508605957,-0.006743351463228464,0.0,4004
20,22.40989875793457,0.31061768531799316,-11.43818187713623,-0.006725311279296875,0.0,4004
21,22.41458511352539,0.2994060516357422,-11.460721969604492,-0.006713072303682566,0.0,4004
22,22.419267654418945,0.3519773483276367,-11.540544509887695,-0.006693124771118164,0.0,4005
23,22.402873992919922,0.31215548515319824,-11.54957389831543,-0.006695747375488281,0.0,4005
24,22.402873992919922,0.1623988151550293,-11.497601509094238,-0.006691455841064453,0.0,4005
25,22.4040470123291,0.11249184608459473,-11.480069160461426,-0.006691773887723684,0.0,4005
26,22.415754318237305,0.18421411514282227,-11.534393310546875,-0.006750345230102539,0.0,4005
27,22.401704788208008,0.19764304161071777,-11.551782608032227,-0.0067882537841796875,0.0,4005
28,22.365406036376953,0.13568401336669922,-11.50229549407959,-0.006823301315307617,0.0,4005
29,22.35603904724121,0.12538433074951172,-11.492050170898438,-0.006835619453340769,0.0,4005
30,22.33964729309082,0.14652013778686523,-11.50320816040039,-0.006905555725097656,0.0,4005
31,22.330280303955078,0.27782320976257324,-11.512764930725098,-0.0069584050215780735,0.0,4005
32,22.318571090698242,0.1383662223815918,-11.469671249389648,-0.006950219627469778,0.0,4005
33,22.32325553894043,-0.03407299518585205,-11.428078651428223,-0.006950855255126953,0.0,4005
34,22.35018539428711,0.1715540885925293,-11.442276954650879,-0.006992181297391653,0.0,4005
35,22.377117156982422,0.45062899589538574,-11.492818832397461,-0.006999810691922903,0.0,4005
36,22.39702033996582,0.4638254642486572,-11.45191478729248,-0.0069751739501953125,0.0,4005
37,22.420438766479492,0.28095245361328125,-11.396133422851562,-0.0069559416733682156,0.0,4005
38,22.440343856811523,0.3059685230255127,-11.406603813171387,-0.006951332092285156,0.0,4005
39,22.47195816040039,0.3345072269439697,-11.448651313781738,-0.006931384559720755,0.0,4005
40,22.48600959777832,0.24372339248657227,-11.417153358459473,-0.006909370422363281,0.0,4005
41,22.511768341064453,0.1266002655029297,-11.355087280273438,-0.006890932563692331,0.0,4005
42,22.538700103759766,0.17534494400024414,-11.364716529846191,-0.006867329124361277,0.0,4005
43,22.55274772644043,0.3361165523529053,-11.38809585571289,-0.006885846611112356,0.0,4005
44,22.572656631469727,0.28812289237976074,-11.369195938110352,-0.006831645965576172,0.0,4005
45,22.58670425415039,0.16413331031799316,-11.344000816345215,-0.0067668757401406765,0.0,4005
46,22.59724235534668,0.13064146041870117,-11.353487014770508,-0.006796201225370169,0.0,4005
47,22.618318557739258,0.26752352714538574,-11.405173301696777,-0.006795565132051706,0.0,4005
48,22.623003005981445,0.26003122329711914,-11.420112609863281,-0.006751378532499075,0.0,4005
49,22.632369995117188,0.13208985328674316,-11.397340774536133,-0.006688594818115234,0.0,4005
50,22.64876365661621,0.11377930641174316,-11.40175724029541,-0.006666978355497122,0.0,4005
51,22.66164207458496,0.20549297332763672,-11.443644523620605,-0.006659904960542917,0.0,4005
52,22.66515350341797,0.2232670783996582,-11.484307289123535,-0.006654819007962942,0.0,4005
53,22.659297943115234,0.1408696174621582,-11.464654922485352,-0.00666673993691802,0.0,4005
54,22.669836044311523,0.15154480934143066,-11.479157447814941,-0.006676276680082083,0.0,4005
55,22.683889389038086,0.23059844970703125,-11.515885353088379,-0.0067028203047811985,0.0,4005
56,22.67569351196289,0.1529216766357422,-11.519229888916016,-0.006731112953275442,0.0,4005
57,22.652273178100586,0.022619962692260742,-11.46731948852539,-0.006738742347806692,0.0,4005
58,22.66164207458496,0.12613534927368164,-11.454346656799316,-0.006734291557222605,0.0,4005
59,22.66515350341797,0.24096965789794922,-11.484620094299316,-0.006761153694242239,0.0,4005
60,22.633541107177734,0.17337799072265625,-11.495688438415527,-0.006777763366699219,0.0,4005
61,22.623003005981445,0.04062652587890625,-11.447659492492676,-0.006783644203096628,0.0,4006
62,22.649932861328125,0.004380941390991211,-11.36874008178711,-0.006782372947782278,0.0,4005
63,22.68154525756836,0.18786191940307617,-11.381032943725586,-0.0068051815032958984,0.0,4006
0,22.708477020263672,0.4510045051574707,-11.442195892333984,-0.0067919096909463406,0.0,4005
1,22.72252655029297,0.33434629440307617,-11.39848518371582,-0.0067690215073525906,0.0,4005
2,22.74009132385254,0.23714303970336914,-11.333459854125977,-0.00673810625448823,0.0,4005
3,22.77053451538086,0.20418763160705566,-11.301586151123047,-0.006796598434448242,0.0,4005
4,22.793949127197266,0.2870500087738037,-11.319565773010254,-0.0068012080155313015,0.0,4005
5,22.805660247802734,0.21075010299682617,-11.25771427154541,-0.006754954811185598,0.0,4005
6,22.818540573120117,0.07281303405761719,-11.173707008361816,-0.006716648582369089,0.0,4005
7,22.84195899963379,0.0905156135559082,-11.147233963012695,-0.006719192024320364,0.0,4005
8,22.858348846435547,0.22426843643188477,-11.16786003112793,-0.006712357047945261,0.0,4005
9,22.86888885498047,0.21334290504455566,-11.16301441192627,-0.006661176681518555,0.0,4005
10,22.877084732055664,0.06662607192993164,-11.092659950256348,-0.006637732032686472,0.0,4004
11,22.878253936767578,0.06442666053771973,-11.11012077331543,-0.006616195198148489,0.0,4004
12,22.879426956176758,0.21196603775024414,-11.175987243652344,-0.006605943199247122,0.0,4004
13,22.87122917175293,0.23227930068969727,-11.206108093261719,-0.006611665245145559,0.0,4005
14,22.865373611450195,0.1086115837097168,-11.18600082397461,-0.0066178641282022,0.0,4005
15,22.860692977905273,0.07098913192749023,-11.206725120544434,-0.006658156868070364,0.0,4005
16,22.870059967041016,0.1955866813659668,-11.2884521484375,-0.006705363746732473,0.0,4004
17,22.87122917175293,0.25225281715393066,-11.343473434448242,-0.006740013603121042,0.0,4005
18,22.86888885498047,0.11982321739196777,-11.32790756225586,-0.006731986999511719,0.0,4005
19,22.859519958496094,0.009119510650634766,-11.3131103515625,-0.006760835647583008,0.0,4005
20,22.861862182617188,0.03114938735961914,-11.345824241638184,-0.006815513130277395,0.0,4005
21,22.857179641723633,0.16018152236938477,-11.361917495727539,-0.006857792381197214,0.0,4005
22,22.836103439331055,0.14964938163757324,-11.314407348632812,-0.006854216102510691,0.0,4005
23,22.84781265258789,0.10905861854553223,-11.288290977478027,-0.006856838706880808,0.0,4004
24,22.85015296936035,0.1017451286315918,-11.307647705078125,-0.0069063506089150906,0.0,4005
25,22.852495193481445,0.08075237274169922,-11.270624160766602,-0.006970643997192383,0.0,4005
26,22.867717742919922,0.18169283866882324,-11.213252067565918,-0.00699305534362793,0.0,4005
27,22.898160934448242,0.4127025604248047,-11.191472053527832,-0.006968259811401367,0.0,4005
28,22.902843475341797,0.43535828590393066,-11.160511016845703,-0.006998857017606497,0.0,4004
29,22.93445587158203,0.4638254642486572,-11.132347106933594,-0.007063786033540964,0.0,4004
30,22.95553207397461,0.33670663833618164,-11.037039756774902,-0.007075786590576172,0.0,4004
31,22.98363494873047,0.18078088760375977,-10.90363597869873,-0.007089932914823294,0.0,4004
32,23.03046989440918,0.19855499267578125,-10.837305068969727,-0.007115364074707031,0.0,4004
33,23.058570861816406,0.3177165985107422,-10.797911643981934,-0.007141908165067434,0.0,4004
34,23.070280075073242,0.2856731414794922,-10.717320442199707,-0.007139682769775391,0.0,4005
35,23.089014053344727,0.15910863876342773,-10.617157936096191,-0.007139682769775391,0.0,4004
36,23.104236602783203,0.15857219696044922,-10.579750061035156,-0.007090330123901367,0.0,4004
37,23.113603591918945,0.2699732780456543,-10.608137130737305,-0.00701149320229888,0.0,4004
38,23.105405807495117,0.29582977294921875,-10.64273738861084,-0.006904760841280222,0.0,4004
39,23.09018325805664,0.1601099967956543,-10.6647310256958,-0.0068257651291787624,0.0,4004
40,23.09486961364746,0.1300334930419922,-10.745323181152344,-0.006779273506253958,0.0,4004
41,23.10189437866211,0.25287866592407227,-10.889204978942871,-0.006756146904081106,0.0,4004
42,23.100723266601562,0.2925395965576172,-10.990897178649902,-0.006809314247220755,0.0,4004
43,23.076135635375977,0.17688274383544922,-11.041823387145996,-0.006823698524385691,0.0,4004
44,23.071449279785156,0.11073946952819824,-11.103362083435059,-0.006853818893432617,0.0,4004
45,23.081989288330078,0.2395927906036377,-11.192536354064941,-0.006910721305757761,0.0,4004
46,23.079647064208984,0.29842257499694824,-11.236846923828125,-0.006948073860257864,0.0,4004
47,23.05974006652832,0.11562108993530273,-11.198526382446289,-0.006989399436861277,0.0,4004
48,23.055057525634766,0.011408329010009766,-11.175691604614258,-0.007018327713012695,0.0,4005
49,23.063251495361328,0.1154780387878418,-11.208084106445312,-0.007079124450683594,0.0,4005
50,23.05974006652832,0.2484440803527832,-11.23843765258789,-0.0071643986739218235,0.0,4005
51,23.04452133178711,0.3109395503997803,-11.20300579071045,-0.007186015602201223,0.0,4005
52,23.042179107666016,0.3269612789154053,-11.155655860900879,-0.00711814546957612,0.0,4005
53,23.065597534179688,0.3601491451263428,-11.138427734375,-0.007171948906034231,0.0,4005
54,23.070280075073242,0.41903257369995117,-11.0982027053833,-0.007204452995210886,0.0,4005
55,23.079647064208984,0.19428133964538574,-10.976940155029297,-0.0071561336517333984,0.0,4005
56,23.081989288330078,-0.04963874816894531,-10.792154312133789,-0.007102409843355417,0.0,4005
57,23.12765121459961,0.11669397354125977,-10.628396034240723,-0.0070415339432656765,0.0,4005
58,23.160438537597656,0.48319101333618164,-10.470011711120605,-0.006964445114135742,0.0,4005
59,23.159265518188477,0.5187571048736572,-10.393452644348145,-0.006854057312011719,0.0,4005
60,23.1698055267334,0.3094017505645752,-10.442850112915039,-0.006744225975126028,0.0,4005
61,23.180343627929688,0.27399659156799316,-10.503861427307129,-0.006674289703369141,0.0,4005
62,23.207273483276367,0.3960728645324707,-10.592571258544922,-0.006622155662626028,0.0,4004
63,23.210786819458008,0.3775477409362793,-10.629308700561523,-0.006555477622896433,0.0,4004
0,23.220151901245117,0.23800134658813477,-10.598641395568848,-0.006479183677583933,0.0,4004
1,23.235374450683594,0.22235512733459473,-10.63104248046875,-0.006437063217163086,0.0,4004
2,23.242399215698242,0.34151673316955566,-10.69592571258545,-0.006494442466646433,0.0,4004
3,23.22600746154785,0.36594271659851074,-10.727727890014648,-0.006519635673612356,0.0,4004
4,23.2131290435791,0.23800134658813477,-10.72203254699707,-0.006534258369356394,0.0,4004
5,23.215469360351562,0.1740574836730957,-10.738724708557129,-0.006556590553373098,0.0,4005
6,23.23420524597168,0.28658509254455566,-10.79450511932373,-0.0066106319427490234,0.0,4005
7,23.22249412536621,0.35907626152038574,-10.86728286743164,-0.006650686264038086,0.0,4005
8,23.206104278564453,0.2573847770690918,-10.901659965515137,-0.006676355842500925,0.0,4004
9,23.208444595336914,0.18557310104370117,-10.964879035949707,-0.006656726356595755,0.0,4004
10,23.211956024169922,0.2936124801635742,-11.087957382202148,-0.00671378755941987,0.0,4004
11,23.201419830322266,0.32245516777038574,-11.199662208557129,-0.006787538528442383,0.0,4005
12,23.188539505004883,0.07967948913574219,-11.180922508239746,-0.0068300566636025906,0.0,4005
13,23.17917251586914,-0.019043684005737305,-11.145936965942383,-0.0068499245680868626,0.0,4005
14,23.187368392944336,0.22968649864196777,-11.232447624206543,-0.006848255638033152,0.0,4005
15,23.181514739990234,0.5376040935516357,-11.288067817687988,-0.00686637545004487,0.0,4004
16,23.16512107849121,0.3995060920715332,-11.21644401550293,-0.006872972007840872,0.0,4004
17,23.17917251586914,0.23027658462524414,-11.100250244140625,-0.006858190055936575,0.0,4004
18,23.193222045898438,0.3351151943206787,-11.029833793640137,-0.0068620047532022,0.0,4004
19,23.19907569885254,0.41223764419555664,-10.935965538024902,-0.006865421775728464,0.0,4005
20,23.20258903503418,0.24608373641967773,-10.823866844177246,-0.00685111666098237,0.0,4005
21,23.207273483276367,0.1171410083770752,-10.83085823059082,-0.006793498992919922,0.0,4005
22,23.229520797729492,0.2482295036315918,-10.893532752990723,-0.006733258720487356,0.0,4005
23,23.247085571289062,0.4574239253997803,-10.98354721069336,-0.006659587379544973,0.0,4005
24,23.25293731689453,0.4530787467956543,-10.997504234313965,-0.0065844058990478516,0.0,4005
25,23.262306213378906,0.31558871269226074,-10.97048568725586,-0.0064890384674072266,0.0,4004
26,23.275182723999023,0.2750694751739502,-10.987025260925293,-0.006428877357393503,0.0,4004
27,23.26698875427246,0.3745615482330322,-11.029905319213867,-0.006427764892578125,0.0,4004
28,23.276355743408203,0.39249658584594727,-11.0488862991333,-0.0064264931716024876,0.0,4004
29,23.278697967529297,0.2699732780456543,-11.02573013305664,-0.006401220802217722,0.0,4004
30,23.29391860961914,0.2590477466583252,-11.02481746673584,-0.006378173828125,0.0,4004
31,23.291576385498047,0.3818929195404053,-11.069146156311035,-0.006394545082002878,0.0,4005
32,23.284549713134766,0.4441380500793457,-11.094027519226074,-0.006403923034667969,0.0,4005
33,23.276355743408203,0.3328263759613037,-11.06852912902832,-0.006363073829561472,0.0,4005
34,23.27050018310547,0.24914145469665527,-11.048948287963867,-0.00636609410867095,0.0,4005
35,23.282211303710938,0.3531932830810547,-11.077335357666016,-0.006430467125028372,0.0,4005
36,23.27401351928711,0.45000314712524414,-11.113679885864258,-0.006448984146118164,0.0,4005
37,23.262306213378906,0.35151243209838867,-11.09289264678955,-0.00644238805398345,0.0,4005
38,23.25293731689453,0.2507328987121582,-11.07042407989502,-0.006419658660888672,0.0,4005
39,23.269330978393555,0.35220980644226074,-11.087044715881348,-0.006452163215726614,0.0,4005
40,23.268157958984375,0.44376254081726074,-11.12840461730957,-0.006468614097684622,0.0,4005
41,23.247085571289062,0.33161044120788574,-11.095467567443848,-0.006465593818575144,0.0,4005
42,23.24474334716797,0.21464824676513672,-11.051300048828125,-0.006450573448091745,0.0,4005
43,23.25644874572754,0.2766072750091553,-11.08226203918457,-0.006458441261202097,0.0,4005
44,23.251768112182617,0.4729807376861572,-11.142977714538574,-0.006461938377469778,0.0,4005
45,23.237716674804688,0.4941880702972412,-11.139562606811523,-0.0064347586594522,0.0,4005
46,23.23654556274414,0.3359556198120117,-11.102226257324219,-0.006390571594238281,0.0,4005
47,23.24474334716797,0.3348112106323242,-11.113992691040039,-0.006361246109008789,0.0,4006
48,23.26347541809082,0.45291781425476074,-11.15686321258545,-0.006344954017549753,0.0,4005
49,23.264646530151367,0.43941736221313477,-11.158159255981445,-0.0063031516037881374,0.0,4006
50,23.248254776000977,0.3096342086791992,-11.128020286560059,-0.006232897285372019,0.0,4005
51,23.24942398071289,0.3047525882720947,-11.137899398803711,-0.006186246871948242,0.0,4006
52,23.281038284301758,0.43276548385620117,-11.190176010131836,-0.006168365478515625,0.0,4005
53,23.27401351928711,0.4561185836791992,-11.20300579071045,-0.006140232086181641,0.0,4005
54,23.265817642211914,0.3362596035003662,-11.174690246582031,-0.006095012184232473,0.0,4005
55,23.282211303710938,0.30260682106018066,-11.17454719543457,-0.006069342140108347,0.0,4006
56,23.284549713134766,0.42597055435180664,-11.219626426696777,-0.006063858512789011,0.0,4005
57,23.29391860961914,0.47923922538757324,-11.235559463500977,-0.006070693489164114,0.0,4005
58,23.275182723999023,0.3700554370880127,-11.200573921203613,-0.006081183906644583,0.0,4005
59,23.27401351928711,0.3131389617919922,-11.193063735961914,-0.0060726008377969265,0.0,4005
60,23.28338050842285,0.4255235195159912,-11.227136611938477,-0.006086111068725586,0.0,4005
61,23.290407180786133,0.5089223384857178,-11.253690719604492,-0.006114800926297903,0.0,4005
62,23.285722732543945,0.4149198532104492,-11.2319917678833,-0.006115754600614309,0.0,4004
63,23.275182723999023,0.3336668014526367,-11.210515975952148,-0.006132841110229492,0.0,4005
0,23.278697967529297,0.41828155517578125,-11.240118980407715,-0.0061895051039755344,0.0,4005
1,23.282211303710938,0.5198121070861816,-11.28222942352295,-0.006220897193998098,0.0,4005
2,23.26347541809082,0.45062899589538574,-11.26834487915039,-0.006169795989990234,0.0,4005
3,23.25762176513672,0.34471750259399414,-11.241710662841797,-0.006073951721191406,0.0,4005
4,23.258790969848633,0.40485262870788574,-11.26105785369873,-0.0060098967514932156,0.0,4006
5,23.264646530151367,0.5191326141357422,-11.295282363891602,-0.005995512008666992,0.0,4005
6,23.25762176513672,0.4764139652252197,-11.28230094909668,-0.005982478614896536,0.0,4005
7,23.25996208190918,0.3611326217651367,-11.252554893493652,-0.005968650337308645,0.0,4004
8,23.264646530151367,0.38820505142211914,-11.267664909362793,-0.005973497871309519,0.0,4005
9,23.261133193969727,0.5116581916809082,-11.309918403625488,-0.005975246429443359,0.0,4004
10,23.261133193969727,0.4985332489013672,-11.306208610534668,-0.005957126617431641,0.0,4005
11,23.271671295166016,0.37241578102111816,-11.274040222167969,-0.005909124854952097,0.0,4005
12,23.268157958984375,0.37304162979125977,-11.283740043640137,-0.005874951835721731,0.0,4005
13,23.272844314575195,0.49899816513061523,-11.327227592468262,-0.005871137138456106,0.0,4005
14,23.26347541809082,0.5105137825012207,-11.333147048950195,-0.005855878349393606,0.0,4005
15,23.26347541809082,0.38677453994750977,-11.301424980163574,-0.0057970681227743626,0.0,4005
16,23.276355743408203,0.3539621829986572,-11.297554016113281,-0.005756060127168894,0.0,4005
17,23.288063049316406,0.47083497047424316,-11.337098121643066,-0.00575566291809082,0.0,4005
18,23.285722732543945,0.5160212516784668,-11.34939193725586,-0.005743821617215872,0.0,4005
19,23.265817642211914,0.40370821952819824,-11.31538200378418,-0.005722919944673777,0.0,4005
20,23.290407180786133,0.34305453300476074,-11.301657676696777,-0.005713462829589844,0.0,4004
21,23.311481475830078,0.4462122917175293,-11.333147048950195,-0.005725701805204153,0.0,4004
22,23.311481475830078,0.5173087120056152,-11.353558540344238,-0.005725383758544922,0.0,4005
23,23.312650680541992,0.4226267337799072,-11.323052406311035,-0.00569144869223237,0.0,4005
24,23.316164016723633,0.3396928310394287,-11.301729202270508,-0.00568079948425293,0.0,4005
25,23.32787322998047,0.42682886123657227,-11.328747749328613,-0.005711078643798828,0.0,4005
26,23.331384658813477,0.5215823650360107,-11.352422714233398,-0.0057407221756875515,0.0,4006
27,23.325532913208008,0.44971704483032227,-11.326172828674316,-0.0057491459883749485,0.0,4005
28,23.33372688293457,0.3502964973449707,-11.297857284545898,-0.005744218826293945,0.0,4006
29,23.352462768554688,0.4143834114074707,-11.320021629333496,-0.0057659149169921875,0.0,4005
30,23.357147216796875,0.5259275436401367,-11.35280704498291,-0.005801995750516653,0.0,4005
31,23.35480499267578,0.4807591438293457,-11.337393760681152,-0.005810896400362253,0.0,4005
32,23.34543800354004,0.3688395023345947,-11.30695915222168,-0.005801200866699219,0.0,4005
33,23.368852615356445,0.4046916961669922,-11.323356628417969,-0.005820194724947214,0.0,4005
34,23.382905960083008,0.5234777927398682,-11.359861373901367,-0.005860408302396536,0.0,4005
35,23.37588119506836,0.5021274089813232,-11.353174209594727,-0.005882898811250925,0.0,4005
36,23.37588119506836,0.3829479217529297,-11.319798469543457,-0.005886951927095652,0.0,4004
37,23.38641929626465,0.3903508186340332,-11.326244354248047,-0.005913972854614258,0.0,4005
38,23.384075164794922,0.5114436149597168,-11.363652229309082,-0.005966504570096731,0.0,4005
39,23.381736755371094,0.5195975303649902,-11.365243911743164,-0.005998531822115183,0.0,4005
40,23.37588119506836,0.39913058280944824,-11.329132080078125,-0.0059947967529296875,0.0,4005
41,23.387588500976562,0.3752589225769043,-11.324125289916992,-0.006004015449434519,0.0,4005
42,23.38875961303711,0.49068331718444824,-11.35864543914795,-0.006046295166015625,0.0,4005
43,23.384075164794922,0.5281448364257812,-11.366995811462402,-0.006076256278902292,0.0,4005
44,23.38875961303711,0.4169762134552002,-11.333459854125977,-0.0060765743255615234,0.0,4005
45,23.403982162475586,0.3660142421722412,-11.32093334197998,-0.0060895285569131374,0.0,4005
46,23.413349151611328,0.4676342010498047,-11.353174209594727,-0.0061284699477255344,0.0,4005
47,23.40983772277832,0.5349218845367432,-11.372459411621094,-0.006151676177978516,0.0,4006
48,23.411006927490234,0.4367351531982422,-11.343160629272461,-0.006160577293485403,0.0,4005
49,23.427398681640625,0.3615260124206543,-11.324125289916992,-0.006172815803438425,0.0,4005
50,23.42505645751953,0.4493236541748047,-11.353487014770508,-0.006211519241333008,0.0,4005
51,23.420373916625977,0.5345463752746582,-11.377626419067383,-0.006251176353543997,0.0,4004
52,23.413349151611328,0.4578709602355957,-11.355677604675293,-0.006262143608182669,0.0,4004
53,23.40866470336914,0.36326050758361816,-11.332618713378906,-0.0062601566314697266,0.0,4004
54,23.433252334594727,0.42911767959594727,-11.35864543914795,-0.006278514862060547,0.0,4004
55,23.433252334594727,0.5332589149475098,-11.387711524963379,-0.00631086016073823,0.0,4005
56,23.420373916625977,0.48183202743530273,-11.364036560058594,-0.006324052810668945,0.0,4005
57,23.415691375732422,0.37699341773986816,-11.340200424194336,-0.0063273110426962376,0.0,4005
58,23.41686248779297,0.41767358779907227,-11.356222152709961,-0.0063565573655068874,0.0,4005
59,23.42505645751953,0.5321145057678223,-11.388463020324707,-0.006388267036527395,0.0,4004
60,23.421545028686523,0.5145549774169922,-11.378216743469238,-0.006383021827787161,0.0,4004
61,23.401639938354492,0.3983616828918457,-11.339217185974121,-0.006386518478393555,0.0,4004
62,23.41217613220215,0.40737390518188477,-11.341568946838379,-0.00640877103433013,0.0,4004
63,23.418031692504883,0.5243182182312012,-11.3779935836792,-0.006433884147554636,0.0,4004
0,23.411006927490234,0.5321145057678223,-11.37867259979248,-0.006440321449190378,0.0,4005
1,23.401639938354492,0.4158318042755127,-11.343473434448242,-0.00642530107870698,0.0,4005
2,23.40983772277832,0.3977537155151367,-11.341568946838379,-0.006425539497286081,0.0,4005
3,23.38641929626465,0.5148768424987793,-11.378833770751953,-0.006449699401855469,0.0,4005
4,23.378223419189453,0.5492091178894043,-11.386871337890625,-0.0064618587493896484,0.0,4004
5,23.373538970947266,0.44147372245788574,-11.353102684020996,-0.006448825355619192,0.0,4004
6,23.382905960083008,0.39196014404296875,-11.344385147094727,-0.006427446845918894,0.0,4004
7,23.395784378051758,0.4962444305419922,-11.379673957824707,-0.006433010101318359,0.0,4004
8,23.387588500976562,0.5572199821472168,-11.396661758422852,-0.006431261543184519,0.0,4005
9,23.382905960083008,0.4633784294128418,-11.370867729187012,-0.006386915687471628,0.0,4005
10,23.38641929626465,0.3958582878112793,-11.350303649902344,-0.006379763130098581,0.0,4005
11,23.378223419189453,0.4839777946472168,-11.378449440002441,-0.006398280616849661,0.0,4005
12,23.37939453125,0.5644440650939941,-11.404627799987793,-0.006392717361450195,0.0,4005
13,23.387588500976562,0.48776865005493164,-11.382177352905273,-0.006360133644193411,0.0,4005
14,23.382905960083008,0.40172338485717773,-11.361148834228516,-0.006326198577880859,0.0,4004
15,23.3852481842041,0.47267675399780273,-11.388775825500488,-0.006320635322481394,0.0,4004
16,23.3852481842041,0.5705595016479492,-11.422088623046875,-0.0063192048110067844,0.0,4004
17,23.373538970947266,0.5162358283996582,-11.409178733825684,-0.006277322769165039,0.0,4004
18,23.384075164794922,0.4132390022277832,-11.379441261291504,-0.006250143051147461,0.0,4005
19,23.381736755371094,0.4549741744995117,-11.397725105285645,-0.0062535605393350124,0.0,4004
20,23.381736755371094,0.5688071250915527,-11.438405990600586,-0.006254911422729492,0.0,4005
21,23.381736755371094,0.5377650260925293,-11.433469772338867,-0.006217479705810547,0.0,4004
22,23.364171981811523,0.42276978492736816,-11.393174171447754,-0.006203015800565481,0.0,4005
23,23.368852615356445,0.44056177139282227,-11.39962100982666,-0.0062099299393594265,0.0,4005
24,23.3852481842041,0.5606532096862793,-11.440908432006836,-0.006205955985933542,0.0,4005
25,23.365341186523438,0.5585789680480957,-11.440300941467285,-0.006187757011502981,0.0,4005
26,23.361827850341797,0.44513940811157227,-11.406764030456543,-0.006163517478853464,0.0,4004
27,23.364171981811523,0.4359126091003418,-11.40744400024414,-0.006140073295682669,0.0,4004
28,23.366514205932617,0.5556821823120117,-11.445540428161621,-0.006133317947387695,0.0,4005
29,23.35831642150879,0.5849003791809082,-11.452290534973145,-0.0061128935776650906,0.0,4005
30,23.35831642150879,0.47260522842407227,-11.420568466186523,-0.006069262977689505,0.0,4004
31,23.355974197387695,0.43512582778930664,-11.413362503051758,-0.00603032112121582,0.0,4004
32,23.360658645629883,0.5487442016601562,-11.450162887573242,-0.00601188326254487,0.0,4005
33,23.364171981811523,0.6061077117919922,-11.467167854309082,-0.005974769592285156,0.0,4004
34,23.351293563842773,0.5086898803710938,-11.440452575683594,-0.005911111831665039,0.0,4004
35,23.360658645629883,0.44460296630859375,-11.420425415039062,-0.0058596134185791016,0.0,4004
36,23.368852615356445,0.5437016487121582,-11.44857120513916,-0.0058933100663125515,0.0,4005
37,23.355974197387695,0.6171762943267822,-11.473381042480469,-0.005920092109590769,0.0,4005
38,23.351293563842773,0.5369067192077637,-11.45327377319336,-0.0059153237380087376,0.0,4004
39,23.360658645629883,0.4504680633544922,-11.432862281799316,-0.005910953041166067,0.0,4004
40,23.373538970947266,0.5230307579040527,-11.458128929138184,-0.0059320926666259766,0.0,4005
41,23.368852615356445,0.6192326545715332,-11.487356185913086,-0.0059581599198281765,0.0,4005
42,23.351293563842773,0.5617976188659668,-11.469894409179688,-0.005957762245088816,0.0,4004
43,23.35831642150879,0.45978426933288574,-11.443716049194336,-0.005943139549344778,0.0,4004
44,23.366514205932617,0.5096018314361572,-11.46284008026123,-0.005962371826171875,0.0,4005
45,23.35948944091797,0.6192326545715332,-11.497217178344727,-0.0059924921952188015,0.0,4005
46,23.352462768554688,0.5852758884429932,-11.485147476196289,-0.005989710334688425,0.0,4004
47,23.357147216796875,0.47426819801330566,-11.453202247619629,-0.005972703453153372,0.0,4004
48,23.363000869750977,0.4962444305419922,-11.464360237121582,-0.0059814453125,0.0,4004
49,23.36768341064453,0.6122946739196777,-11.498808860778809,-0.006005445960909128,0.0,4005
50,23.35948944091797,0.6051957607269287,-11.496233940124512,-0.006009499076753855,0.0,4005
51,23.357147216796875,0.4881620407104492,-11.462608337402344,-0.00599535321816802,0.0,4004
52,23.374711990356445,0.4824399948120117,-11.464431762695312,-0.0059967041015625,0.0,4004
53,23.364171981811523,0.6020665168762207,-11.501606941223145,-0.006020545959472656,0.0,4004
54,23.353633880615234,0.6248831748962402,-11.505335807800293,-0.00603040074929595,0.0,4005
55,23.351293563842773,0.5129456520080566,-11.472397804260254,-0.006016731262207031,0.0,4005
56,23.348949432373047,0.4812955856323242,-11.466407775878906,-0.006014903541654348,0.0,4005
57,23.35480499267578,0.5945205688476562,-11.502679824829102,-0.006037235260009766,0.0,4005
58,23.355974197387695,0.6438016891479492,-11.51413345336914,-0.006050745490938425,0.0,4004
59,23.348949432373047,0.5401968955993652,-11.481660842895508,-0.0060365996323525906,0.0,4004
60,23.366514205932617,0.48061609268188477,-11.468688011169434,-0.006028095725923777,0.0,4004
61,23.372365951538086,0.5841314792633057,-11.502519607543945,-0.006045341491699219,0.0,4005
62,23.36768341064453,0.6579279899597168,-11.520203590393066,-0.006066401954740286,0.0,4005
63,23.360658645629883,0.5655884742736816,-11.48976993560791,-0.006047169212251902,0.0,4005
0,23.365341186523438,0.48519372940063477,-11.464727401733398,-0.006046453956514597,0.0,4005
1,23.366514205932617,0.5650699138641357,-11.48969841003418,-0.0060750641860067844,0.0,4005
2,23.361827850341797,0.6598234176635742,-11.51709270477295,-0.006092866417020559,0.0,4005
3,23.347780227661133,0.5955755710601807,-11.49471378326416,-0.006083885673433542,0.0,4004
4,23.352462768554688,0.4977107048034668,-11.468231201171875,-0.006066004280000925,0.0,4004
5,23.37588119506836,0.5527853965759277,-11.488106727600098,-0.0060785613022744656,0.0,4004
6,23.378223419189453,0.6618082523345947,-11.520660400390625,-0.0061017670668661594,0.0,4004
7,23.35831642150879,0.6210744380950928,-11.504798889160156,-0.006100495811551809,0.0,4004
8,23.357147216796875,0.5099058151245117,-11.471790313720703,-0.006082931999117136,0.0,4005
9,23.366514205932617,0.5398929119110107,-11.485075950622559,-0.00608817720785737,0.0,4005
10,23.368852615356445,0.6576955318450928,-11.5201416015625,-0.0061124167405068874,0.0,4005
11,23.363000869750977,0.6449460983276367,-11.513837814331055,-0.006115993019193411,0.0,4004
12,23.357147216796875,0.5267679691314697,-11.480069160461426,-0.006095409393310547,0.0,4004
13,23.36768341064453,0.5290567874908447,-11.484307289123535,-0.006096521858125925,0.0,4004
14,23.37588119506836,0.6469309329986572,-11.522555351257324,-0.0061153569258749485,0.0,4004
15,23.370025634765625,0.6619513034820557,-11.523467063903809,-0.006128629203885794,0.0,4005
16,23.363000869750977,0.5497992038726807,-11.490386962890625,-0.006117741111665964,0.0,4005
17,23.365341186523438,0.5200445652008057,-11.486810684204102,-0.006108125206083059,0.0,4005
18,23.364171981811523,0.6343424320220947,-11.522260665893555,-0.0061298212967813015,0.0,4005
19,23.35948944091797,0.6783664226531982,-11.530977249145508,-0.006144603248685598,0.0,4004
20,23.363000869750977,0.5726873874664307,-11.498647689819336,-0.006123701576143503,0.0,4004
21,23.374711990356445,0.5196690559387207,-11.487123489379883,-0.0061183772049844265,0.0,4004
22,23.368852615356445,0.6205201148986816,-11.51930046081543,-0.0061376094818115234,0.0,4005
23,23.372365951538086,0.6901860237121582,-11.536216735839844,-0.006154298782348633,0.0,4005
24,23.366514205932617,0.6001532077789307,-11.507230758666992,-0.006143967155367136,0.0,4005
25,23.366514205932617,0.5240321159362793,-11.486515045166016,-0.006132205482572317,0.0,4005
26,23.363000869750977,0.6088614463806152,-11.514740943908691,-0.00614619255065918,0.0,4004
27,23.363000869750977,0.6987333297729492,-11.540240287780762,-0.006164709571748972,0.0,4004
28,23.35948944091797,0.6283879280090332,-11.516493797302246,-0.006157239433377981,0.0,4004
29,23.365341186523438,0.5328655242919922,-11.489931106567383,-0.0061419010162353516,0.0,4004
30,23.365341186523438,0.5936086177825928,-11.511942863464355,-0.006152550224214792,0.0,4005
31,23.351293563842773,0.7015585899353027,-11.5432710647583,-0.006175915244966745,0.0,4005
32,23.351293563842773,0.6575345993041992,-11.527874946594238,-0.006172498222440481,0.0,4005
33,23.364171981811523,0.5475997924804688,-11.496305465698242,-0.006156285759061575,0.0,4004
34,23.372365951538086,0.5820751190185547,-11.51011848449707,-0.006163358688354492,0.0,4004
35,23.372365951538086,0.7002711296081543,-11.546087265014648,-0.0061861672438681126,0.0,4004
36,23.365341186523438,0.6831049919128418,-11.538871765136719,-0.0061870417557656765,0.0,4005
37,23.35831642150879,0.5657494068145752,-11.502832412719727,-0.006169557571411133,0.0,4005
38,23.363000869750977,0.5700945854187012,-11.508599281311035,-0.006172975059598684,0.0,4005
39,23.371196746826172,0.6902575492858887,-11.545022964477539,-0.006194353103637695,0.0,4004
40,23.374711990356445,0.7034718990325928,-11.546087265014648,-0.006208181381225586,0.0,4004
41,23.355974197387695,0.5898535251617432,-11.51595687866211,-0.006184101104736328,0.0,4004
42,23.360658645629883,0.5631566047668457,-11.511710166931152,-0.006180763244628906,0.0,4004
43,23.380563735961914,0.6788849830627441,-11.544567108154297,-0.006216446403414011,0.0,4005
44,23.374711990356445,0.7165789604187012,-11.550262451171875,-0.006232182029634714,0.0,4005
45,23.372365951538086,0.6098628044128418,-11.517315864562988,-0.006230274681001902,0.0,4005
46,23.380563735961914,0.5614042282104492,-11.50556755065918,-0.006227254867553711,0.0,4004
47,23.389930725097656,0.6652414798736572,-11.53894329071045,-0.0062488713301718235,0.0,4004
48,23.380563735961914,0.7329046726226807,-11.556709289550781,-0.006265719886869192,0.0,4004
49,23.353633880615234,0.6385445594787598,-11.52505874633789,-0.006253083702176809,0.0,4004
50,23.351293563842773,0.5645334720611572,-11.505478858947754,-0.006240288261324167,0.0,4005
51,23.372365951538086,0.6518125534057617,-11.534320831298828,-0.0062541961669921875,0.0,4005
52,23.373538970947266,0.7384836673736572,-11.558228492736816,-0.006266514305025339,0.0,4005
53,23.364171981811523,0.6644010543823242,-11.533570289611816,-0.006253878120332956,0.0,4004
54,23.364171981811523,0.5730092525482178,-11.508670806884766,-0.006236871238797903,0.0,4004
55,23.368852615356445,0.6370961666107178,-11.532121658325195,-0.006242513656616211,0.0,4004
56,23.37588119506836,0.7413089275360107,-11.561716079711914,-0.006257534027099609,0.0,4005
57,23.37588119506836,0.6927073001861572,-11.545022964477539,-0.006249030586332083,0.0,4005
58,23.371196746826172,0.5845248699188232,-11.51428508758545,-0.006228526588529348,0.0,4005
59,23.36768341064453,0.6230413913726807,-11.53136157989502,-0.006232420448213816,0.0,4004
60,23.372365951538086,0.7393956184387207,-11.564603805541992,-0.006252845283597708,0.0,4004
61,23.366514205932617,0.7165789604187012,-11.554061889648438,-0.006252209190279245,0.0,4004
62,23.361827850341797,0.6009221076965332,-11.521276473999023,-0.006235202308744192,0.0,4004
63,23.37588119506836,0.6112217903137207,-11.527338981628418,-0.006239255424588919,0.0,4005
0,23.377050399780273,0.7298648357391357,-11.561867713928223,-0.0062634944915771484,0.0,4005
1,23.366514205932617,0.7344424724578857,-11.562779426574707,-0.006267229560762644,0.0,4005
2,23.35831642150879,0.6200015544891357,-11.528402328491211,-0.006250063423067331,0.0,4005
3,23.364171981811523,0.6015300750732422,-11.527874946594238,-0.0062503814697265625,0.0,4005
4,23.368852615356445,0.7180273532867432,-11.562707901000977,-0.0062749385833740234,0.0,4004
5,23.366514205932617,0.7535040378570557,-11.569225311279297,-0.006288290023803711,0.0,4004
6,23.361827850341797,0.6470739841461182,-11.536296844482422,-0.006276130676269531,0.0,4004
7,23.35831642150879,0.6012976169586182,-11.52619457244873,-0.006271203514188528,0.0,4004
8,23.364171981811523,0.7083535194396973,-11.55966854095459,-0.006293217185884714,0.0,4004
9,23.371196746826172,0.7647156715393066,-11.570816993713379,-0.006317138671875,0.0,4004
10,23.372365951538086,0.6695866584777832,-11.540857315063477,-0.006304502487182617,0.0,4005
11,23.36768341064453,0.6014585494995117,-11.525970458984375,-0.006294409278780222,0.0,4005
12,23.370025634765625,0.6917953491210938,-11.554813385009766,-0.006311893463134766,0.0,4004
13,23.364171981811523,0.7770895957946777,-11.575690269470215,-0.006328582763671875,0.0,4004
14,23.35948944091797,0.6978213787078857,-11.551469802856445,-0.006318648811429739,0.0,4004
15,23.368852615356445,0.6065011024475098,-11.526811599731445,-0.0063059329986572266,0.0,4005
16,23.378223419189453,0.6773829460144043,-11.549422264099121,-0.006317695137113333,0.0,4005
17,23.380563735961914,0.7794499397277832,-11.577880859375,-0.006339470390230417,0.0,4005
18,23.368852615356445,0.7245898246765137,-11.560956001281738,-0.006331840995699167,0.0,4005
19,23.374711990356445,0.6201624870300293,-11.53136157989502,-0.00631578778848052,0.0,4005
20,23.37939453125,0.6630957126617432,-11.545408248901367,-0.006329377647489309,0.0,4005
21,23.380563735961914,0.7757127285003662,-11.580240249633789,-0.006349643226712942,0.0,4005
22,23.363000869750977,0.7467985153198242,-11.570066452026367,-0.006345430854707956,0.0,4004
23,23.364171981811523,0.6318926811218262,-11.535465240478516,-0.0063311257399618626,0.0,4004
24,23.365341186523438,0.6490588188171387,-11.543503761291504,-0.00633557653054595,0.0,4004
25,23.372365951538086,0.7683813571929932,-11.579695701599121,-0.006352821830660105,0.0,4004
26,23.370025634765625,0.7671654224395752,-11.5769681930542,-0.006354173179715872,0.0,4005
27,23.36768341064453,0.6519734859466553,-11.539257049560547,-0.00634765625,0.0,4005
28,23.370025634765625,0.6406009197235107,-11.53744125366211,-0.006341457366943359,0.0,4005
29,23.381736755371094,0.7615149021148682,-11.577576637268066,-0.00634900713339448,0.0,4004
30,23.372365951538086,0.7893025875091553,-11.580840110778809,-0.006365060806274414,0.0,4004
31,23.373538970947266,0.6783664226531982,-11.545318603515625,-0.0063494048081338406,0.0,4004
32,23.382905960083008,0.6376862525939941,-11.53835391998291,-0.006339868064969778,0.0,4004
33,23.380563735961914,0.7480144500732422,-11.574777603149414,-0.006352424621582031,0.0,4005
34,23.366514205932617,0.7996737957000732,-11.583200454711914,-0.006370226386934519,0.0,4005
35,23.35831642150879,0.6998777389526367,-11.551165580749512,-0.00635520601645112,0.0,4005
36,23.35831642150879,0.6335020065307617,-11.536825180053711,-0.006344398017972708,0.0,4004
37,23.380563735961914,0.7294714450836182,-11.565131187438965,-0.006360769271850586,0.0,4004
38,23.380563735961914,0.8065402507781982,-11.586159706115723,-0.006379365921020508,0.0,4004
39,23.381736755371094,0.7261991500854492,-11.560731887817383,-0.006368239875882864,0.0,4005
40,23.378223419189453,0.6417453289031982,-11.538192749023438,-0.006354570388793945,0.0,4005
41,23.370025634765625,0.7145941257476807,-11.56301212310791,-0.006365696433931589,0.0,4005
42,23.372365951538086,0.8151590824127197,-11.59244441986084,-0.006376028060913086,0.0,4005
43,23.363000869750977,0.7570981979370117,-11.570218086242676,-0.006368239875882864,0.0,4005
44,23.35948944091797,0.6526529788970947,-11.540624618530273,-0.006350994110107422,0.0,4004
45,23.364171981811523,0.7018625736236572,-11.557772636413574,-0.006352583412081003,0.0,4004
46,23.37588119506836,0.8136391639709473,-11.588573455810547,-0.00637046480551362,0.0,4004
47,23.368852615356445,0.7805228233337402,-11.577192306518555,-0.006367683410644531,0.0,4005
48,23.372365951538086,0.6657063961029053,-11.544951438903809,-0.006350517272949219,0.0,4005
49,23.378223419189453,0.6870567798614502,-11.555564880371094,-0.0063555240631103516,0.0,4005
50,23.38875961303711,0.8056998252868652,-11.590253829956055,-0.0063784122467041016,0.0,4004
51,23.368852615356445,0.8014261722564697,-11.585158348083496,-0.006383975502103567,0.0,4004
52,23.366514205932617,0.6859838962554932,-11.550718307495117,-0.006365537643432617,0.0,4004
53,23.368852615356445,0.6795108318328857,-11.55238151550293,-0.006364742759615183,0.0,4005
54,23.368852615356445,0.7982254028320312,-11.588886260986328,-0.006383498664945364,0.0,4005
55,23.37588119506836,0.8221685886383057,-11.592301368713379,-0.006388664245605469,0.0,4005
56,23.368852615356445,0.7097125053405762,-11.558156967163086,-0.006371180061250925,0.0,4004
57,23.35948944091797,0.6741642951965332,-11.54927921295166,-0.006365696433931589,0.0,4004
58,23.374711990356445,0.7849574089050293,-11.583879470825195,-0.006383180618286133,0.0,4004
59,23.372365951538086,0.8349180221557617,-11.597317695617676,-0.00639208173379302,0.0,4004
60,23.357147216796875,0.7332980632781982,-11.563915252685547,-0.006380160804837942,0.0,4005
61,23.364171981811523,0.6718754768371582,-11.549806594848633,-0.00637062406167388,0.0,4005
62,23.381736755371094,0.7695257663726807,-11.58144760131836,-0.006384929176419973,0.0,4005
63,23.372365951538086,0.8451461791992188,-11.600115776062012,-0.00639971112832427,0.0,4005
0,23.363000869750977,0.7592260837554932,-11.572274208068848,-0.006386677268892527,0.0,4004
1,23.363000869750977,0.6778299808502197,-11.550262451171875,-0.0063709416426718235,0.0,4004
2,23.370025634765625,0.7563471794128418,-11.575761795043945,-0.006383339408785105,0.0,4004
3,23.370025634765625,0.8505463600158691,-11.601707458496094,-0.006399393081665039,0.0,4004
4,23.370025634765625,0.7875323295593262,-11.57955265045166,-0.00638890266418457,0.0,4005
5,23.35831642150879,0.6856799125671387,-11.551237106323242,-0.006370226386934519,0.0,4005
6,23.370025634765625,0.7381796836853027,-11.568859100341797,-0.006377538200467825,0.0,4005
7,23.378223419189453,0.8494913578033447,-11.602851867675781,-0.006388187408447266,0.0,4005
8,23.363000869750977,0.8114933967590332,-11.587983131408691,-0.006383339408785105,0.0,4004
9,23.360658645629883,0.7001817226409912,-11.555421829223633,-0.006362756248563528,0.0,4004
10,23.360658645629883,0.7262706756591797,-11.566194534301758,-0.0063654580153524876,0.0,4004
11,23.360658645629883,0.8445382118225098,-11.600348472595215,-0.006384293083101511,0.0,4005
12,23.363000869750977,0.8329331874847412,-11.593741416931152,-0.0063826241530478,0.0,4005
13,23.35948944091797,0.7172763347625732,-11.55959701538086,-0.006363073829561472,0.0,4005
14,23.355974197387695,0.7158279418945312,-11.56308364868164,-0.006360530853271484,0.0,4005
15,23.368852615356445,0.8333802223205566,-11.598819732666016,-0.006375789642333984,0.0,4006
16,23.366514205932617,0.8520841598510742,-11.60079574584961,-0.00637825345620513,0.0,4005
17,23.355974197387695,0.7397711277008057,-11.565810203552246,-0.006369431968778372,0.0,4005
18,23.357147216796875,0.7097840309143066,-11.562707901000977,-0.006361484527587891,0.0,4005
19,23.374711990356445,0.8227229118347168,-11.597156524658203,-0.0063785710372030735,0.0,4005
20,23.370025634765625,0.8679449558258057,-11.60573959350586,-0.006387790199369192,0.0,4005
21,23.361827850341797,0.7619082927703857,-11.5750732421875,-0.006367524620145559,0.0,4006
22,23.371196746826172,0.7076561450958252,-11.561483383178711,-0.00635520601645112,0.0,4005
23,23.363000869750977,0.8066117763519287,-11.590173721313477,-0.006373802665621042,0.0,4005
24,23.366514205932617,0.8746683597564697,-11.608770370483398,-0.006388664245605469,0.0,4005
25,23.363000869750977,0.7861018180847168,-11.580991744995117,-0.00637364387512207,0.0,4005
26,23.357147216796875,0.7073521614074707,-11.560347557067871,-0.006365934852510691,0.0,4005
27,23.370025634765625,0.7893741130828857,-11.58759880065918,-0.006383419036865234,0.0,4005
28,23.368852615356445,0.8793890476226807,-11.613472938537598,-0.006402492523193359,0.0,4005
29,23.357147216796875,0.8107244968414307,-11.589869499206543,-0.006397724151611328,0.0,4005
30,23.35480499267578,0.7145941257476807,-11.563163757324219,-0.0063854060135781765,0.0,4006
31,23.361827850341797,0.7749438285827637,-11.583879470825195,-0.006398836616426706,0.0,4005
32,23.374711990356445,0.8814454078674316,-11.612712860107422,-0.006428877357393503,0.0,4005
33,23.370025634765625,0.8374392986297607,-11.595403671264648,-0.006433963775634766,0.0,4005
34,23.368852615356445,0.7285594940185547,-11.563986778259277,-0.006424903869628906,0.0,4005
35,23.380563735961914,0.7616758346557617,-11.57728099822998,-0.00643912935629487,0.0,4005
36,23.373538970947266,0.8774220943450928,-11.61058521270752,-0.00646964693441987,0.0,4004
37,23.366514205932617,0.8591830730438232,-11.603236198425293,-0.0064777531661093235,0.0,4004
38,23.374711990356445,0.7449030876159668,-11.5694580078125,-0.0064646401442587376,0.0,4004
39,23.35480499267578,0.7485508918762207,-11.575690269470215,-0.00647282600402832,0.0,4005
40,23.361827850341797,0.8672654628753662,-11.608386039733887,-0.006510575767606497,0.0,4005
41,23.366514205932617,0.8790135383605957,-11.608314514160156,-0.0065235295332968235,0.0,4005
42,23.360658645629883,0.7632851600646973,-11.573248863220215,-0.0065112910233438015,0.0,4004
43,23.35831642150879,0.7402360439300537,-11.568313598632812,-0.00651868199929595,0.0,4004
44,23.360658645629883,0.8557498455047607,-11.60314655303955,-0.006557544227689505,0.0,4005
45,23.363000869750977,0.8964836597442627,-11.611425399780273,-0.006588777061551809,0.0,4005
46,23.351293563842773,0.7880687713623047,-11.57841682434082,-0.006585041526705027,0.0,4005
47,23.368852615356445,0.7374107837677002,-11.565667152404785,-0.006584485527127981,0.0,4005
48,23.381736755371094,0.8398890495300293,-11.597773551940918,-0.006607929710298777,0.0,4005
49,23.374711990356445,0.9047985076904297,-11.614161491394043,-0.0066281952895224094,0.0,4005
50,23.371196746826172,0.8116364479064941,-11.583799362182617,-0.006618579383939505,0.0,4005
51,23.366514205932617,0.7393956184387207,-11.56308364868164,-0.006605545524507761,0.0,4004
52,23.37588119506836,0.8251547813415527,-11.5922212600708,-0.0066164336167275906,0.0,4004
53,23.380563735961914,0.9111285209655762,-11.61673641204834,-0.006630659103393555,0.0,4004
54,23.370025634765625,0.8380472660064697,-11.592989921569824,-0.006618022918701172,0.0,4004
55,23.368852615356445,0.7459580898284912,-11.566266059875488,-0.006603717803955078,0.0,4005
56,23.373538970947266,0.8105814456939697,-11.588117599487305,-0.006618181709200144,0.0,4005
57,23.368852615356445,0.9115934371948242,-11.617719650268555,-0.006642898079007864,0.0,4005
58,23.371196746826172,0.8634567260742188,-11.600115776062012,-0.006641864776611328,0.0,4005
59,23.373538970947266,0.7548093795776367,-11.571434020996094,-0.0066258907318115234,0.0,4005
60,23.378223419189453,0.7932543754577637,-11.586687088012695,-0.006634315010160208,0.0,4005
61,23.363000869750977,0.9065508842468262,-11.617192268371582,-0.006658077239990234,0.0,4005
62,23.348949432373047,0.8853435516357422,-11.607331275939941,-0.0066562495194375515,0.0,4004
63,23.361827850341797,0.7706701755523682,-11.573481559753418,-0.0066388449631631374,0.0,4004
0,23.374711990356445,0.7780015468597412,-11.579168319702148,-0.0066393218003213406,0.0,4004
1,23.378223419189453,0.8951783180236816,-11.615144729614258,-0.006660779472440481,0.0,4005
2,23.372365951538086,0.9006857872009277,-11.613929748535156,-0.0066660246811807156,0.0,4005
3,23.389930725097656,0.7868528366088867,-11.578872680664062,-0.006644407752901316,0.0,4005
4,23.387588500976562,0.7701516151428223,-11.575376510620117,-0.006637255195528269,0.0,4005
5,23.381736755371094,0.8861839771270752,-11.609066009521484,-0.006657759193331003,0.0,4005
6,23.38875961303711,0.9173154830932617,-11.61764907836914,-0.006658951286226511,0.0,4005
7,23.378223419189453,0.8086681365966797,-11.58425521850586,-0.00663304328918457,0.0,4005
8,23.381736755371094,0.7657170295715332,-11.572345733642578,-0.0066210427321493626,0.0,4005
9,23.389930725097656,0.8694827556610107,-11.6068754196167,-0.006638288497924805,0.0,4005
10,23.387588500976562,0.9287595748901367,-11.621448516845703,-0.006650686264038086,0.0,4004
11,23.380563735961914,0.8333802223205566,-11.591238021850586,-0.006633678916841745,0.0,4004
12,23.380563735961914,0.7648050785064697,-11.572274208068848,-0.006619056221097708,0.0,4004
13,23.378223419189453,0.8555889129638672,-11.600419998168945,-0.006635427474975586,0.0,4004
14,23.365341186523438,0.9347856044769287,-11.624175071716309,-0.006653150077909231,0.0,4004
15,23.380563735961914,0.8556783199310303,-11.598068237304688,-0.006640911102294922,0.0,4004
16,23.378223419189453,0.7678627967834473,-11.572569847106934,-0.006623983383178711,0.0,4004
17,23.371196746826172,0.8376002311706543,-11.596772193908691,-0.006635904312133789,0.0,4005
18,23.384075164794922,0.9381473064422607,-11.626222610473633,-0.006654342170804739,0.0,4005
19,23.389930725097656,0.8843600749969482,-11.607107162475586,-0.006648460868746042,0.0,4005
20,23.380563735961914,0.7796823978424072,-11.576056480407715,-0.006634871009737253,0.0,4005
21,23.380563735961914,0.8229374885559082,-11.592301368713379,-0.006637732032686472,0.0,4004
22,23.38641929626465,0.9333372116088867,-11.623790740966797,-0.006656328681856394,0.0,4004
23,23.387588500976562,0.9050309658050537,-11.611568450927734,-0.00665291165933013,0.0,4004
24,23.37588119506836,0.7918238639831543,-11.57841682434082,-0.00663002347573638,0.0,4004
25,23.382905960083008,0.8087575435638428,-11.586687088012695,-0.006628910545259714,0.0,4004
26,23.403982162475586,0.9250223636627197,-11.622807502746582,-0.006648063659667969,0.0,4005
27,23.387588500976562,0.9240210056304932,-11.621448516845703,-0.006647428032010794,0.0,4005
28,23.372365951538086,0.8085966110229492,-11.585846900939941,-0.006622791290283203,0.0,4005
29,23.384075164794922,0.7969915866851807,-11.585247039794922,-0.006616512779146433,0.0,4005
30,23.38641929626465,0.9133458137512207,-11.619919776916504,-0.006634950637817383,0.0,4005
31,23.38875961303711,0.9424209594726562,-11.626911163330078,-0.006638685707002878,0.0,4004
32,23.37588119506836,0.8313238620758057,-11.594197273254395,-0.006613811012357473,0.0,4004
33,23.35948944091797,0.7921099662780762,-11.584478378295898,-0.006602048873901367,0.0,4004
34,23.372365951538086,0.9003818035125732,-11.61794376373291,-0.0066182613372802734,0.0,4005
35,23.368852615356445,0.9573698043823242,-11.631462097167969,-0.006627162452787161,0.0,4005
36,23.364171981811523,0.8580386638641357,-11.601323127746582,-0.0066013336181640625,0.0,4005
37,23.380563735961914,0.7939517498016357,-11.583343505859375,-0.006588061805814505,0.0,4004
38,23.395784378051758,0.8864879608154297,-11.612569808959961,-0.0066104731522500515,0.0,4004
39,23.395784378051758,0.9624123573303223,-11.632445335388184,-0.006623983383178711,0.0,4004
40,23.394615173339844,0.8823037147521973,-11.60588264465332,-0.006610870361328125,0.0,4004
41,23.387588500976562,0.7966160774230957,-11.582511901855469,-0.006594181060791016,0.0,4005
42,23.391101837158203,0.8703947067260742,-11.608537673950195,-0.006607214454561472,0.0,4004
43,23.393442153930664,0.9667575359344482,-11.634564399719238,-0.006627559661865234,0.0,4005
44,23.381736755371094,0.9079992771148682,-11.615217208862305,-0.006620645523071289,0.0,4004
45,23.373538970947266,0.8064687252044678,-11.585471153259277,-0.006601095199584961,0.0,4004
46,23.37939453125,0.8551239967346191,-11.602690696716309,-0.0066070556640625,0.0,4004
47,23.38641929626465,0.9643077850341797,-11.63465404510498,-0.006626447197049856,0.0,4004
48,23.387588500976562,0.9317994117736816,-11.62060832977295,-0.00662096356973052,0.0,4005
49,23.384075164794922,0.8193612098693848,-11.587821960449219,-0.006598790641874075,0.0,4005
50,23.389930725097656,0.8411049842834473,-11.597683906555176,-0.006598949432373047,0.0,4005
51,23.381736755371094,0.9573698043823242,-11.63221263885498,-0.006621360778808594,0.0,4004
52,23.37939453125,0.9486079216003418,-11.628046989440918,-0.006623188499361277,0.0,4005
53,23.378223419189453,0.8346855640411377,-11.59321403503418,-0.006600936409085989,0.0,4005
54,23.380563735961914,0.8284449577331543,-11.594491958618164,-0.0065968832932412624,0.0,4005
55,23.391101837158203,0.9473025798797607,-11.62886905670166,-0.006618579383939505,0.0,4005
56,23.37939453125,0.9697973728179932,-11.632445335388184,-0.006623744964599609,0.0,4005
57,23.368852615356445,0.8571267127990723,-11.59852409362793,-0.006600936409085989,0.0,4004
58,23.380563735961914,0.8219361305236816,-11.592989921569824,-0.006594101432710886,0.0,4004
59,23.37939453125,0.9319603443145752,-11.62736701965332,-0.006619453430175781,0.0,4004
60,23.378223419189453,0.9826183319091797,-11.638587951660156,-0.006633678916841745,0.0,4004
61,23.364171981811523,0.8795499801635742,-11.606034278869629,-0.006618181709200144,0.0,4005
62,23.381736755371094,0.8188962936401367,-11.589941024780273,-0.0066066584549844265,0.0,4005
63,23.380563735961914,0.9131312370300293,-11.619767189025879,-0.006624937057495117,0.0,4005
0,23.384075164794922,0.9865880012512207,-11.640938758850098,-0.006640513893216848,0.0,4005
1,23.372365951538086,0.9014546871185303,-11.6137056350708,-0.006625811103731394,0.0,4005
2,23.36768341064453,0.8202016353607178,-11.58880615234375,-0.006621201988309622,0.0,4005
3,23.374711990356445,0.8960366249084473,-11.615530014038086,-0.006642421241849661,0.0,4005
4,23.382905960083008,0.9905576705932617,-11.643147468566895,-0.006664276123046875,0.0,4004
5,23.366514205932617,0.9273827075958252,-11.621135711669922,-0.006657123565673828,0.0,4004
6,23.35831642150879,0.8280515670776367,-11.5922212600708,-0.006640195846557617,0.0,4004
7,23.372365951538086,0.8822321891784668,-11.611729621887207,-0.006649812217801809,0.0,4005
8,23.387588500976562,0.9894847869873047,-11.643299102783203,-0.006671985145658255,0.0,4005
9,23.380563735961914,0.9511828422546387,-11.628350257873535,-0.006669124122709036,0.0,4004
10,23.377050399780273,0.8418560028076172,-11.595108985900879,-0.006648222450166941,0.0,4004
11,23.374711990356445,0.8673548698425293,-11.607107162475586,-0.006650845054537058,0.0,4004
12,23.371196746826172,0.9848356246948242,-11.64230728149414,-0.006670236587524414,0.0,4005
13,23.365341186523438,0.9745359420776367,-11.63615608215332,-0.006667534355074167,0.0,4004
14,23.368852615356445,0.8590221405029297,-11.601940155029297,-0.0066449642181396484,0.0,4005
15,23.374711990356445,0.8570551872253418,-11.603826522827148,-0.006642738822847605,0.0,4004
16,23.378223419189453,0.9736955165863037,-11.639660835266113,-0.0066655478440225124,0.0,4004
17,23.378223419189453,0.9920954704284668,-11.64245891571045,-0.006668647285550833,0.0,4004
18,23.38641929626465,0.8800864219665527,-11.607331275939941,-0.0066454410552978516,0.0,4004
19,23.381736755371094,0.8503317832946777,-11.601554870605469,-0.006637016776949167,0.0,4004
20,23.381736755371094,0.9623408317565918,-11.63608455657959,-0.006656964775174856,0.0,4004
21,23.384075164794922,1.0055065155029297,-11.647465705871582,-0.0066678524017333984,0.0,4004
22,23.371196746826172,0.9009003639221191,-11.614072799682617,-0.006648937705904245,0.0,4005
23,23.374711990356445,0.8458256721496582,-11.599964141845703,-0.006637414451688528,0.0,4004
24,23.387588500976562,0.9459972381591797,-11.631917953491211,-0.006657680030912161,0.0,4004
25,23.378223419189453,1.0139107704162598,-11.651266098022461,-0.006674051284790039,0.0,4004
26,23.378223419189453,0.9254872798919678,-11.622360229492188,-0.006658633705228567,0.0,4004
27,23.368852615356445,0.8478999137878418,-11.601251602172852,-0.006642898079007864,0.0,4005
28,23.373538970947266,0.9300649166107178,-11.627510070800781,-0.0066583952866494656,0.0,4005
29,23.374711990356445,1.0198473930358887,-11.653688430786133,-0.0066776275634765625,0.0,4005
30,23.368852615356445,0.9521126747131348,-11.631462097167969,-0.00666817044839263,0.0,4005
31,23.374711990356445,0.8558213710784912,-11.605122566223145,-0.00664965296164155,0.0,4005
32,23.384075164794922,0.9118258953094482,-11.626222610473633,-0.0066591897048056126,0.0,4004
33,23.37588119506836,1.0173439979553223,-11.657256126403809,-0.00668017053976655,0.0,4004
34,23.372365951538086,0.9746074676513672,-11.638659477233887,-0.0066736540757119656,0.0,4004
35,23.366514205932617,0.8652091026306152,-11.60694694519043,-0.006649335380643606,0.0,4005
36,23.368852615356445,0.8973240852355957,-11.619168281555176,-0.0066507658921182156,0.0,4005
37,23.389930725097656,1.0113894939422607,-11.651041984558105,-0.0066706337966024876,0.0,4005
38,23.37588119506836,0.9957432746887207,-11.643603324890137,-0.006669203285127878,0.0,4005
39,23.37588119506836,0.8816778659820557,-11.61065673828125,-0.006647666450589895,0.0,4005
40,23.378223419189453,0.8868098258972168,-11.615530014038086,-0.0066464743576943874,0.0,4005
41,23.387588500976562,1.0030746459960938,-11.651640892028809,-0.006671428680419922,0.0,4005
42,23.378223419189453,1.0136783123016357,-11.651409149169922,-0.006679852958768606,0.0,4005
43,23.37939453125,0.9004533290863037,-11.614912986755371,-0.006661335472017527,0.0,4005
44,23.389930725097656,0.8784055709838867,-11.610969543457031,-0.0066553750075399876,0.0,4005
45,23.38875961303711,0.9904861450195312,-11.644577980041504,-0.006676673889160156,0.0,4005
46,23.39227294921875,1.0279297828674316,-11.65316104888916,-0.0066854157485067844,0.0,4005
47,23.377050399780273,0.9238779544830322,-11.619919776916504,-0.006666263099759817,0.0,4004
48,23.37939453125,0.8716106414794922,-11.608386039733887,-0.006656964775174856,0.0,4004
49,23.382905960083008,0.9700298309326172,-11.639276504516602,-0.00667707109823823,0.0,4005
50,23.382905960083008,1.0340452194213867,-11.655208587646484,-0.006695588584989309,0.0,4005
51,23.370025634765625,0.9424924850463867,-11.625999450683594,-0.006683906074613333,0.0,4004
52,23.381736755371094,0.8697867393493652,-11.605962753295898,-0.006670077797025442,0.0,4004
53,23.377050399780273,0.9536325931549072,-11.634421348571777,-0.0066846213303506374,0.0,4004
54,23.368852615356445,1.0397672653198242,-11.658695220947266,-0.006704250816255808,0.0,4004
55,23.370025634765625,0.9667575359344482,-11.634564399719238,-0.006690104957669973,0.0,4004
56,23.378223419189453,0.8740603923797607,-11.608993530273438,-0.0066715083085000515,0.0,4005
57,23.394615173339844,0.9383082389831543,-11.630165100097656,-0.0066816010512411594,0.0,4005
58,23.389930725097656,1.0413765907287598,-11.65953540802002,-0.0067005157470703125,0.0,4005
59,23.378223419189453,0.9919345378875732,-11.643075942993164,-0.00669105863198638,0.0,4005
60,23.380563735961914,0.8864879608154297,-11.611882209777832,-0.006667137145996094,0.0,4005
61,23.382905960083008,0.9232699871063232,-11.626222610473633,-0.006672223564237356,0.0,4004
62,23.380563735961914,1.0352611541748047,-11.658784866333008,-0.006694316864013672,0.0,4004
63,23.374711990356445,1.0125339031219482,-11.650273323059082,-0.006689548492431641,0.0,4004
0,23.370025634765625,0.9003818035125732,-11.617719650268555,-0.006665786262601614,0.0,4004
1,23.372365951538086,0.9115934371948242,-11.623183250427246,-0.006664355751127005,0.0,4005
2,23.38641929626465,1.0265707969665527,-11.65764045715332,-0.006684541702270508,0.0,4005
3,23.378223419189453,1.0324358940124512,-11.65650463104248,-0.006688356399536133,0.0,4005
4,23.372365951538086,0.9206771850585938,-11.621671676635742,-0.006666978355497122,0.0,4005
5,23.374711990356445,0.9022057056427002,-11.620304107666016,-0.006659507751464844,0.0,4005
6,23.382905960083008,1.0139822959899902,-11.655664443969727,-0.006677150726318359,0.0,4005
7,23.381736755371094,1.0488510131835938,-11.661127090454102,-0.006682793144136667,0.0,4005
8,23.384075164794922,0.9409546852111816,-11.627134323120117,-0.006659507751464844,0.0,4005
9,23.371196746826172,0.8948206901550293,-11.617032051086426,-0.0066449642181396484,0.0,4004
10,23.378223419189453,0.9985685348510742,-11.649906158447266,-0.006661494728177786,0.0,4004
11,23.3852481842041,1.0574698448181152,-11.664846420288086,-0.006673415657132864,0.0,4004
12,23.377050399780273,0.9628593921661377,-11.634037017822266,-0.006652990821748972,0.0,4004
13,23.380563735961914,0.8936762809753418,-11.61452865600586,-0.006636063102632761,0.0,4004
14,23.382905960083008,0.9809374809265137,-11.642843246459961,-0.006652196403592825,0.0,4004
15,23.381736755371094,1.0646402835845947,-11.66561508178711,-0.006671110633760691,0.0,4004
16,23.374711990356445,0.9886622428894043,-11.64102840423584,-0.006656805519014597,0.0,4004
17,23.368852615356445,0.8986115455627441,-11.617032051086426,-0.006637096405029297,0.0,4005
18,23.378223419189453,0.9656131267547607,-11.639955520629883,-0.006647666450589895,0.0,4005
19,23.380563735961914,1.0647118091583252,-11.668485641479492,-0.006667216774076223,0.0,4005
20,23.360658645629883,1.0110855102539062,-11.649450302124023,-0.006658633705228567,0.0,4005
21,23.35831642150879,0.9079992771148682,-11.619767189025879,-0.0066373348236083984,0.0,4005
22,23.378223419189453,0.9479105472564697,-11.63494873046875,-0.0066426596604287624,0.0,4005
23,23.378223419189453,1.0567009449005127,-11.666295051574707,-0.006665071006864309,0.0,4004
24,23.37588119506836,1.0287165641784668,-11.65596866607666,-0.006660938262939453,0.0,4004
25,23.37588119506836,0.9177803993225098,-11.622807502746582,-0.0066373348236083984,0.0,4005
26,23.381736755371094,0.9332656860351562,-11.629637718200684,-0.006638447288423777,0.0,4005
27,23.374711990356445,1.0486900806427002,-11.663863182067871,-0.006660779472440481,0.0,4005
28,23.373538970947266,1.0489225387573242,-11.66074275970459,-0.006661971565335989,0.0,4005
29,23.364171981811523,0.9341776371002197,-11.626821517944336,-0.006638765335083008,0.0,4005
30,23.364171981811523,0.9226441383361816,-11.62576675415039,-0.006634871009737253,0.0,4004
31,23.378223419189453,1.0379433631896973,-11.66067123413086,-0.0066568851470947266,0.0,4005
32,23.377050399780273,1.0671615600585938,-11.664846420288086,-0.006662925239652395,0.0,4004
33,23.363000869750977,0.9575307369232178,-11.631694793701172,-0.0066431364975869656,0.0,4004
34,23.373538970947266,0.9179234504699707,-11.622199058532715,-0.0066341557539999485,0.0,4004
35,23.378223419189453,1.0223686695098877,-11.655441284179688,-0.006652196403592825,0.0,4004
36,23.36768341064453,1.0754764080047607,-11.668342590332031,-0.0066625275649130344,0.0,4005
37,23.351293563842773,0.9795784950256348,-11.637380599975586,-0.006640354637056589,0.0,4005
38,23.357147216796875,0.9132027626037598,-11.621448516845703,-0.006621122360229492,0.0,4005
39,23.365341186523438,1.0041296482086182,-11.649521827697754,-0.006636539939790964,0.0,4005
40,23.361827850341797,1.0806620121002197,-11.669093132019043,-0.00665291165933013,0.0,4005
41,23.35831642150879,0.9997844696044922,-11.64230728149414,-0.006636937614530325,0.0,4005
42,23.363000869750977,0.9178519248962402,-11.618560791015625,-0.006616989616304636,0.0,4005
43,23.3852481842041,0.9885013103485107,-11.640644073486328,-0.006627639289945364,0.0,4005
44,23.368852615356445,1.0829508304595947,-11.669164657592773,-0.0066455998457968235,0.0,4005
45,23.366514205932617,1.0244965553283691,-11.649521827697754,-0.006632804870605469,0.0,4005
46,23.35948944091797,0.9235024452209473,-11.620304107666016,-0.006609042640775442,0.0,4004
47,23.368852615356445,0.9715676307678223,-11.637300491333008,-0.0066150822676718235,0.0,4004
48,23.366514205932617,1.0795891284942627,-11.668869972229004,-0.006638368126004934,0.0,4004
49,23.35480499267578,1.0480821132659912,-11.656728744506836,-0.006632089614868164,0.0,4005
50,23.352462768554688,0.9377539157867432,-11.625391006469727,-0.006607770919799805,0.0,4005
51,23.352462768554688,0.9585857391357422,-11.63374137878418,-0.006608088966459036,0.0,4005
52,23.364171981811523,1.0734200477600098,-11.66689395904541,-0.0066295466385781765,0.0,4005
53,23.357147216796875,1.0677695274353027,-11.66379165649414,-0.006629228591918945,0.0,4004
54,23.352462768554688,0.9551525115966797,-11.631149291992188,-0.006605863571166992,0.0,4004
55,23.361827850341797,0.9486079216003418,-11.631694793701172,-0.0066011748276650906,0.0,4005
56,23.372365951538086,1.0600626468658447,-11.667278289794922,-0.006624301429837942,0.0,4005
57,23.374711990356445,1.0832548141479492,-11.670917510986328,-0.0066318511962890625,0.0,4005
58,23.347780227661133,0.9739995002746582,-11.637380599975586,-0.0066111087799072266,0.0,4004
59,23.34661102294922,0.9385943412780762,-11.629414558410645,-0.006602287292480469,0.0,4004
60,23.366514205932617,1.0452568531036377,-11.662567138671875,-0.00662239408120513,0.0,4004
61,23.360658645629883,1.0954499244689941,-11.673948287963867,-0.006634712219238281,0.0,4004
62,23.35948944091797,0.9958863258361816,-11.64253044128418,-0.006616274360567331,0.0,4004
63,23.347780227661133,0.9351611137390137,-11.62743854522705,-0.006602366920560598,0.0,4004
0,23.34661102294922,1.0279297828674316,-11.656120300292969,-0.006620804313570261,0.0,4005
1,23.361827850341797,1.1007249355316162,-11.675924301147461,-0.0066378116607666016,0.0,4005
2,23.360658645629883,1.0180234909057617,-11.649218559265137,-0.006621757987886667,0.0,4004
3,23.364171981811523,0.9360909461975098,-11.626982688903809,-0.006602207664400339,0.0,4004
4,23.35480499267578,1.0091006755828857,-11.65195369720459,-0.006613890174776316,0.0,4004
5,23.36768341064453,1.1024773120880127,-11.677363395690918,-0.006632804870605469,0.0,4004
6,23.352462768554688,1.0401606559753418,-11.656048774719238,-0.006621996406465769,0.0,4005
7,23.34543800354004,0.9414196014404297,-11.629181861877441,-0.006599744316190481,0.0,4005
8,23.35831642150879,0.9941518306732178,-11.647993087768555,-0.006606340408325195,0.0,4004
9,23.35831642150879,1.1005818843841553,-11.676907539367676,-0.006626129150390625,0.0,4004
10,23.361827850341797,1.0635673999786377,-11.661431312561035,-0.0066197714768350124,0.0,4004
11,23.35831642150879,0.9534001350402832,-11.630693435668945,-0.0065962471999228,0.0,4005
12,23.360658645629883,0.9785771369934082,-11.64102840423584,-0.006598711013793945,0.0,4005
13,23.360658645629883,1.0930180549621582,-11.673948287963867,-0.006619294639676809,0.0,4005
14,23.357147216796875,1.0850787162780762,-11.667886734008789,-0.006618499755859375,0.0,4004
15,23.355974197387695,0.9731590747833252,-11.632972717285156,-0.006594737526029348,0.0,4004
16,23.35831642150879,0.9707093238830566,-11.637380599975586,-0.006592353340238333,0.0,4005
17,23.348949432373047,1.0837197303771973,-11.67137336730957,-0.006615559104830027,0.0,4005
18,23.343095779418945,1.1004209518432617,-11.671829223632812,-0.006622155662626028,0.0,4005
19,23.34426498413086,0.9895741939544678,-11.637523651123047,-0.006599585060030222,0.0,4005
20,23.34661102294922,0.9594976902008057,-11.63221263885498,-0.006588300224393606,0.0,4005
21,23.355974197387695,1.0689139366149902,-11.666438102722168,-0.006607850547879934,0.0,4005
22,23.352462768554688,1.1122584342956543,-11.675995826721191,-0.006619850639253855,0.0,4004
23,23.351293563842773,1.0098516941070557,-11.645123481750488,-0.006600141525268555,0.0,4004
24,23.350122451782227,0.9546875953674316,-11.63039779663086,-0.0065862336196005344,0.0,4005
25,23.348949432373047,1.0521948337554932,-11.66037654876709,-0.006603161338716745,0.0,4005
26,23.35831642150879,1.1165142059326172,-11.679044723510742,-0.0066181025467813015,0.0,4004
27,23.347780227661133,1.0306119918823242,-11.652320861816406,-0.006599744316190481,0.0,4004
28,23.34075164794922,0.9550094604492188,-11.631309509277344,-0.006582578178495169,0.0,4004
29,23.35831642150879,1.0344386100769043,-11.657487869262695,-0.0065952143631875515,0.0,4004
30,23.364171981811523,1.1232376098632812,-11.683058738708496,-0.00661468505859375,0.0,4005
31,23.35480499267578,1.0580778121948242,-11.66037654876709,-0.006602922920137644,0.0,4005
32,23.34426498413086,0.9629309177398682,-11.633652687072754,-0.006581306457519531,0.0,4004
33,23.348949432373047,1.0207772254943848,-11.654681205749512,-0.0065913996659219265,0.0,4004
34,23.35831642150879,1.1242926120758057,-11.68397045135498,-0.0066104731522500515,0.0,4004
35,23.352462768554688,1.0814309120178223,-11.666518211364746,-0.006602922920137644,0.0,4005
36,23.34661102294922,0.9748399257659912,-11.633581161499023,-0.0065821013413369656,0.0,4005
37,23.366514205932617,1.0058999061584473,-11.64580249786377,-0.006586869712918997,0.0,4004
38,23.373538970947266,1.1173546314239502,-11.680251121520996,-0.006610393524169922,0.0,4004
39,23.35948944091797,1.1024057865142822,-11.672508239746094,-0.006609281059354544,0.0,4004
40,23.35480499267578,0.9901642799377441,-11.637523651123047,-0.00658726692199707,0.0,4005
41,23.364171981811523,0.9925425052642822,-11.64230728149414,-0.00658424710854888,0.0,4005
42,23.366514205932617,1.1088252067565918,-11.676764488220215,-0.006606101989746094,0.0,4005
43,23.357147216796875,1.1194825172424316,-11.67888355255127,-0.006610949989408255,0.0,4004
44,23.35831642150879,1.0074913501739502,-11.646035194396973,-0.006587187293916941,0.0,4004
45,23.352462768554688,0.9840846061706543,-11.641395568847656,-0.006577332969754934,0.0,4004
46,23.355974197387695,1.0953068733215332,-11.67585277557373,-0.006598711013793945,0.0,4005
47,23.352462768554688,1.1361300945281982,-11.68397045135498,-0.00660697603598237,0.0,4005
48,23.352462768554688,1.0327398777008057,-11.650657653808594,-0.006583531852811575,0.0,4005
49,23.357147216796875,0.9791851043701172,-11.639660835266113,-0.0065701804123818874,0.0,4004
50,23.37588119506836,1.0772287845611572,-11.669853210449219,-0.006587664131075144,0.0,4004
51,23.36768341064453,1.1419236660003662,-11.685874938964844,-0.006601572036743164,0.0,4004
52,23.350122451782227,1.0514438152313232,-11.6558256149292,-0.006584644317626953,0.0,4005
53,23.357147216796875,0.9766638278961182,-11.636245727539062,-0.006569067481905222,0.0,4004
54,23.377050399780273,1.0589182376861572,-11.664319038391113,-0.006585677620023489,0.0,4004
55,23.37588119506836,1.1445164680480957,-11.689361572265625,-0.006604353431612253,0.0,4004
56,23.360658645629883,1.0733485221862793,-11.664846420288086,-0.0065913996659219265,0.0,4005
57,23.364171981811523,0.9800255298614502,-11.639732360839844,-0.0065723261795938015,0.0,4005
58,23.364171981811523,1.0416626930236816,-11.659463882446289,-0.0065821013413369656,0.0,4005
59,23.360658645629883,1.1430680751800537,-11.688602447509766,-0.006603161338716745,0.0,4005
60,23.363000869750977,1.0956823825836182,-11.671534538269043,-0.006593386176973581,0.0,4004
61,23.357147216796875,0.9891092777252197,-11.640715599060059,-0.006571292877197266,0.0,4004
62,23.364171981811523,1.0257303714752197,-11.654824256896973,-0.0065761408768594265,0.0,4004
63,23.370025634765625,1.1358976364135742,-11.686330795288086,-0.006599108222872019,0.0,4004
0,23.363000869750977,1.1160492897033691,-11.676084518432617,-0.006596168037503958,0.0,4005
1,23.363000869750977,1.0035395622253418,-11.642691612243652,-0.006574312690645456,0.0,4005
2,23.368852615356445,1.0111570358276367,-11.64974594116211,-0.006573756691068411,0.0,4005
3,23.368852615356445,1.1265814304351807,-11.683371543884277,-0.006597200874239206,0.0,4006
4,23.363000869750977,1.1321604251861572,-11.681011199951172,-0.006598552223294973,0.0,4005
5,23.372365951538086,1.0180950164794922,-11.64708137512207,-0.006575027946382761,0.0,4005
6,23.370025634765625,0.9991765022277832,-11.645346641540527,-0.0065668425522744656,0.0,4005
7,23.365341186523438,1.1127054691314697,-11.679339408874512,-0.006589174270629883,0.0,4005
8,23.35948944091797,1.1456608772277832,-11.687466621398926,-0.006596803665161133,0.0,4005
9,23.363000869750977,1.0394632816314697,-11.653393745422363,-0.006575743202120066,0.0,4005
10,23.357147216796875,0.9926140308380127,-11.643987655639648,-0.006562789436429739,0.0,4005
11,23.35831642150879,1.0958433151245117,-11.676684379577637,-0.006580432411283255,0.0,4005
12,23.368852615356445,1.1571764945983887,-11.690953254699707,-0.006591955665498972,0.0,4005
13,23.363000869750977,1.0631918907165527,-11.660286903381348,-0.006572564598172903,0.0,4004
14,23.364171981811523,0.9952962398529053,-11.64132308959961,-0.00655674934387207,0.0,4004
15,23.378223419189453,1.0827898979187012,-11.669031143188477,-0.006574233528226614,0.0,4005
16,23.377050399780273,1.1637568473815918,-11.691024780273438,-0.006592273712158203,0.0,4004
17,23.360658645629883,1.0866165161132812,-11.666974067687988,-0.006576856132596731,0.0,4004
18,23.348949432373047,0.9971916675567627,-11.641851425170898,-0.006556113716214895,0.0,4004
19,23.360658645629883,1.0628163814544678,-11.66415786743164,-0.006566127296537161,0.0,4004
20,23.368852615356445,1.1613070964813232,-11.6929292678833,-0.006586154457181692,0.0,4004
21,23.35480499267578,1.1091113090515137,-11.673876762390137,-0.006576061248779297,0.0,4005
22,23.352462768554688,1.0061144828796387,-11.64230728149414,-0.006553808692842722,0.0,4004
23,23.365341186523438,1.0485291481018066,-11.656871795654297,-0.006559610366821289,0.0,4004
24,23.366514205932617,1.1586248874664307,-11.690345764160156,-0.006580909248441458,0.0,4005
25,23.364171981811523,1.1298716068267822,-11.680099487304688,-0.006577253341674805,0.0,4005
26,23.368852615356445,1.0177910327911377,-11.646035194396973,-0.006555795669555664,0.0,4004
27,23.378223419189453,1.0318279266357422,-11.653393745422363,-0.006556272506713867,0.0,4005
28,23.363000869750977,1.1468052864074707,-11.688217163085938,-0.006579875946044922,0.0,4004
29,23.357147216796875,1.1478066444396973,-11.685713768005371,-0.00658281659707427,0.0,4004
30,23.35948944091797,1.0327398777008057,-11.652776718139648,-0.006560245994478464,0.0,4004
31,23.370025634765625,1.0202407836914062,-11.65042495727539,-0.006553491111844778,0.0,4005
32,23.36768341064453,1.1328577995300293,-11.684051513671875,-0.0065731205977499485,0.0,4004
33,23.363000869750977,1.1619865894317627,-11.690113067626953,-0.006580034736543894,0.0,4004
34,23.348949432373047,1.0543406009674072,-11.655441284179688,-0.0065578618086874485,0.0,4004
35,23.351293563842773,1.0148227214813232,-11.645195007324219,-0.006547451019287109,0.0,4004
36,23.370025634765625,1.1197149753570557,-11.676907539367676,-0.006567955017089844,0.0,4005
37,23.36768341064453,1.1745035648345947,-11.691104888916016,-0.0065822601318359375,0.0,4005
38,23.35480499267578,1.0772287845611572,-11.661055564880371,-0.006564219947904348,0.0,4004
39,23.34426498413086,1.0096192359924316,-11.643898010253906,-0.006548722740262747,0.0,4004
40,23.357147216796875,1.0990440845489502,-11.672965049743652,-0.0065653324127197266,0.0,4004
41,23.36768341064453,1.1784017086029053,-11.695048332214355,-0.006581226829439402,0.0,4004
42,23.352462768554688,1.0995090007781982,-11.667573928833008,-0.006566762924194336,0.0,4004
43,23.351293563842773,1.0136067867279053,-11.647465705871582,-0.0065485634841024876,0.0,4004
44,23.350122451782227,1.0840058326721191,-11.675396919250488,-0.006562391761690378,0.0,4005
45,23.35831642150879,1.1796176433563232,-11.698007583618164,-0.006584008689969778,0.0,4004
46,23.348949432373047,1.1222362518310547,-11.676308631896973,-0.006574948783963919,0.0,4004
47,23.35480499267578,1.0210633277893066,-11.647018432617188,-0.0065549216233193874,0.0,4004
48,23.35831642150879,1.0663211345672607,-11.664846420288086,-0.006562074180692434,0.0,4005
49,23.365341186523438,1.1741280555725098,-11.694664001464844,-0.006583452224731445,0.0,4004
50,23.352462768554688,1.1410117149353027,-11.68200397491455,-0.00657963752746582,0.0,4004
51,23.351293563842773,1.0293066501617432,-11.649290084838867,-0.006557464599609375,0.0,4005
52,23.360658645629883,1.0497629642486572,-11.657560348510742,-0.006558497902005911,0.0,4004
53,23.368852615356445,1.1649012565612793,-11.69261646270752,-0.006580511573702097,0.0,4004
54,23.366514205932617,1.1615395545959473,-11.688834190368652,-0.006579478736966848,0.0,4004
55,23.35948944091797,1.0464012622833252,-11.654072761535645,-0.00655364990234375,0.0,4005
56,23.363000869750977,1.0374784469604492,-11.654600143432617,-0.0065485634841024876,0.0,4005
57,23.372365951538086,1.1532962322235107,-11.68867301940918,-0.006570100784301758,0.0,4005
58,23.360658645629883,1.1750400066375732,-11.692249298095703,-0.006578127387911081,0.0,4005
59,23.360658645629883,1.0648727416992188,-11.658400535583496,-0.006556034088134766,0.0,4005
60,23.372365951538086,1.0281622409820557,-11.650809288024902,-0.006545702461153269,0.0,4004
61,23.370025634765625,1.1361300945281982,-11.683281898498535,-0.006564617156982422,0.0,4005
62,23.368852615356445,1.1854112148284912,-11.695281028747559,-0.006574551109224558,0.0,4005
63,23.350122451782227,1.0850071907043457,-11.66408634185791,-0.006554285530000925,0.0,4005
0,23.352462768554688,1.0237455368041992,-11.649137496948242,-0.006539583206176758,0.0,4005
1,23.360658645629883,1.1184275150299072,-11.678364753723145,-0.006556034088134766,0.0,4005
2,23.370025634765625,1.1929571628570557,-11.696344375610352,-0.006573677062988281,0.0,4004
3,23.348949432373047,1.1084318161010742,-11.669031143188477,-0.006558815483003855,0.0,4005
4,23.34543800354004,1.0266423225402832,-11.64708137512207,-0.0065415701828897,0.0,4005
5,23.351293563842773,1.1010289192199707,-11.672285079956055,-0.0065538883209228516,0.0,4005
6,23.35480499267578,1.1946558952331543,-11.697328567504883,-0.006572882179170847,0.0,4005
7,23.34543800354004,1.1313199996948242,-11.675468444824219,-0.006561597343534231,0.0,4005
8,23.35480499267578,1.0322213172912598,-11.647698402404785,-0.006539344787597656,0.0,4005
9,23.365341186523438,1.0840952396392822,-11.665302276611328,-0.006546815391629934,0.0,4005
10,23.371196746826172,1.1895239353179932,-11.694208145141602,-0.00656755780801177,0.0,4005
11,23.35831642150879,1.1525273323059082,-11.679643630981445,-0.006560643669217825,0.0,4005
12,23.34543800354004,1.0427355766296387,-11.647769927978516,-0.006536165717989206,0.0,4005
13,23.348949432373047,1.0655522346496582,-11.658472061157227,-0.0065371193923056126,0.0,4004
14,23.363000869750977,1.1775612831115723,-11.693000793457031,-0.0065600075758993626,0.0,4004
15,23.360658645629883,1.1684060096740723,-11.686697959899902,-0.0065593719482421875,0.0,4005
16,23.35480499267578,1.0528206825256348,-11.652705192565918,-0.006534417625516653,0.0,4005
17,23.357147216796875,1.0496735572814941,-11.65596866607666,-0.00653084134683013,0.0,4005
18,23.366514205932617,1.1664927005767822,-11.690113067626953,-0.006548881530761719,0.0,4004
19,23.348949432373047,1.1848747730255127,-11.69261646270752,-0.006550947669893503,0.0,4004
20,23.347780227661133,1.0747790336608887,-11.658856391906738,-0.006525278091430664,0.0,4004
21,23.350122451782227,1.0437369346618652,-11.65202522277832,-0.0065129599533975124,0.0,4005
22,23.361827850341797,1.1536717414855957,-11.685713768005371,-0.006532589439302683,0.0,4005
23,23.347780227661133,1.1986792087554932,-11.69702434539795,-0.006540854927152395,0.0,4005
24,23.351293563842773,1.0953068733215332,-11.664613723754883,-0.00652003288269043,0.0,4005
25,23.357147216796875,1.0392308235168457,-11.651266098022461,-0.0065066018141806126,0.0,4004
26,23.373538970947266,1.1361300945281982,-11.682531356811523,-0.006521304603666067,0.0,4004
27,23.366514205932617,1.2054026126861572,-11.69869613647461,-0.00653394078835845,0.0,4004
28,23.351293563842773,1.1163711547851562,-11.669853210449219,-0.006516297813504934,0.0,4005
29,23.351293563842773,1.0386943817138672,-11.649290084838867,-0.0064966678619384766,0.0,4005
30,23.35831642150879,1.1182665824890137,-11.67440414428711,-0.006510098930448294,0.0,4004
31,23.357147216796875,1.2069225311279297,-11.698624610900879,-0.006528536323457956,0.0,4004
32,23.350122451782227,1.1407077312469482,-11.675771713256836,-0.006515344139188528,0.0,4005
33,23.339582443237305,1.0437369346618652,-11.647921562194824,-0.006493250373750925,0.0,4005
34,23.347780227661133,1.0998129844665527,-11.66675090789795,-0.006499210838228464,0.0,4005
35,23.348949432373047,1.2042582035064697,-11.696121215820312,-0.006519158836454153,0.0,4005
36,23.350122451782227,1.1613070964813232,-11.683210372924805,-0.0065112910233438015,0.0,4005
37,23.352462768554688,1.0529637336730957,-11.65195369720459,-0.006484667304903269,0.0,4005
38,23.351293563842773,1.0847926139831543,-11.663934707641602,-0.006483157631009817,0.0,4005
39,23.353633880615234,1.1983036994934082,-11.695575714111328,-0.006500562187284231,0.0,4005
40,23.355974197387695,1.1832833290100098,-11.687609672546387,-0.006494840141385794,0.0,4005
41,23.35831642150879,1.0703623294830322,-11.655592918395996,-0.006470203399658203,0.0,4005
42,23.364171981811523,1.0719716548919678,-11.65960693359375,-0.0064671835862100124,0.0,4004
43,23.363000869750977,1.1870026588439941,-11.692249298095703,-0.006487846374511719,0.0,4005
44,23.35480499267578,1.2003779411315918,-11.693528175354004,-0.006491819862276316,0.0,4005
45,23.348949432373047,1.0883688926696777,-11.660975456237793,-0.00646837567910552,0.0,4005
46,23.360658645629883,1.0630488395690918,-11.656281471252441,-0.006459871772676706,0.0,4005
47,23.360658645629883,1.1729121208190918,-11.690720558166504,-0.0064798989333212376,0.0,4005
48,23.357147216796875,1.2114286422729492,-11.699223518371582,-0.0064867339096963406,0.0,4005
49,23.350122451782227,1.1062145233154297,-11.666661262512207,-0.006464878562837839,0.0,4005
50,23.361827850341797,1.0560214519500732,-11.655208587646484,-0.006451527122408152,0.0,4005
51,23.36768341064453,1.1548161506652832,-11.685562133789062,-0.006469249725341797,0.0,4005
52,23.364171981811523,1.2183666229248047,-11.702335357666016,-0.006483554840087891,0.0,4005
53,23.34661102294922,1.1282801628112793,-11.673805236816406,-0.006467501167207956,0.0,4005
54,23.34661102294922,1.0528922080993652,-11.652776718139648,-0.006452083587646484,0.0,4005
55,23.368852615356445,1.1345922946929932,-11.680099487304688,-0.00646837567910552,0.0,4005
56,23.364171981811523,1.2198328971862793,-11.703470230102539,-0.006486415863037109,0.0,4005
57,23.34661102294922,1.1488795280456543,-11.679116249084473,-0.0064737796783447266,0.0,4005
58,23.35831642150879,1.0565400123596191,-11.653688430786133,-0.00645311689004302,0.0,4005
59,23.368852615356445,1.1175870895385742,-11.67418098449707,-0.006462971214205027,0.0,4004
60,23.365341186523438,1.2181341648101807,-11.7051420211792,-0.006482680793851614,0.0,4005
61,23.366514205932617,1.1699974536895752,-11.687376976013184,-0.006473382469266653,0.0,4005
62,23.35480499267578,1.0619759559631348,-11.655280113220215,-0.006451765540987253,0.0,4006
63,23.348949432373047,1.0978281497955322,-11.668485641479492,-0.0064595541916787624,0.0,4005
0,23.35831642150879,1.2077629566192627,-11.70051097869873,-0.0064845881424844265,0.0,4005
1,23.361827850341797,1.1863231658935547,-11.691704750061035,-0.006483952049165964,0.0,4005
2,23.350122451782227,1.0747075080871582,-11.659919738769531,-0.006460905075073242,0.0,4005
3,23.352462768554688,1.0837912559509277,-11.665910720825195,-0.006460587028414011,0.0,4005
4,23.357147216796875,1.2001454830169678,-11.699760437011719,-0.006483157631009817,0.0,4005
5,23.34661102294922,1.2053132057189941,-11.698007583618164,-0.006486415863037109,0.0,4005
6,23.34426498413086,1.0914981365203857,-11.663702011108398,-0.006465355399996042,0.0,4005
7,23.34543800354004,1.0732591152191162,-11.660215377807617,-0.006462415214627981,0.0,4005
8,23.357147216796875,1.1854112148284912,-11.695119857788086,-0.006485780235379934,0.0,4005
9,23.35831642150879,1.2199044227600098,-11.700815200805664,-0.0064966678619384766,0.0,4005
10,23.350122451782227,1.1136174201965332,-11.667501449584961,-0.006478309631347656,0.0,4005
11,23.347780227661133,1.0667681694030762,-11.657560348510742,-0.006469170097261667,0.0,4005
12,23.35480499267578,1.1684775352478027,-11.690497398376465,-0.006489118095487356,0.0,4005
13,23.357147216796875,1.2267708778381348,-11.70545482635498,-0.0065023102797567844,0.0,4005
14,23.348949432373047,1.1330008506774902,-11.676997184753418,-0.0064847469329833984,0.0,4005
15,23.348949432373047,1.0652482509613037,-11.658239364624023,-0.00646837567910552,0.0,4004
16,23.360658645629883,1.1519908905029297,-11.684507369995117,-0.006484349723905325,0.0,4004
17,23.351293563842773,1.2326359748840332,-11.708253860473633,-0.006502389907836914,0.0,4004
18,23.33724021911621,1.1578738689422607,-11.683281898498535,-0.006489833351224661,0.0,4004
19,23.34075164794922,1.0666251182556152,-11.658623695373535,-0.006472110748291016,0.0,4005
20,23.353633880615234,1.1302471160888672,-11.680027961730957,-0.00648363446816802,0.0,4004
21,23.351293563842773,1.2281298637390137,-11.706134796142578,-0.006504217628389597,0.0,4004
22,23.343095779418945,1.1741280555725098,-11.68844985961914,-0.006496349815279245,0.0,4004
23,23.34661102294922,1.0697543621063232,-11.65953540802002,-0.006475528236478567,0.0,4005
24,23.352462768554688,1.1111140251159668,-11.673652648925781,-0.006481091026216745,0.0,4005
25,23.350122451782227,1.2205123901367188,-11.705678939819336,-0.006503263954073191,0.0,4004
26,23.351293563842773,1.1947274208068848,-11.694296836853027,-0.0064989724196493626,0.0,4004
27,23.348949432373047,1.0821104049682617,-11.661359786987305,-0.006476561073213816,0.0,4004
28,23.348949432373047,1.0939478874206543,-11.669477462768555,-0.0064771175384521484,0.0,4005
29,23.35480499267578,1.2076020240783691,-11.704381942749023,-0.0065006413497030735,0.0,4005
30,23.355974197387695,1.2092113494873047,-11.699760437011719,-0.006503263954073191,0.0,4004
31,23.357147216796875,1.0953068733215332,-11.664846420288086,-0.006482362747192383,0.0,4004
32,23.364171981811523,1.0823428630828857,-11.664470672607422,-0.006477514747530222,0.0,4004
33,23.35480499267578,1.1962473392486572,-11.701038360595703,-0.0064998469315469265,0.0,4004
34,23.34075164794922,1.2233376502990723,-11.705821990966797,-0.006507317069917917,0.0,4004
35,23.34661102294922,1.1138498783111572,-11.671829223632812,-0.006484270095825195,0.0,4004
36,23.35480499267578,1.0722041130065918,-11.661887168884277,-0.0064733028411865234,0.0,4004
37,23.34543800354004,1.1773288249969482,-11.69375228881836,-0.006491899490356445,0.0,4005
38,23.350122451782227,1.2325644493103027,-11.70772647857666,-0.006504138465970755,0.0,4005
39,23.33372688293457,1.1367380619049072,-11.67752456665039,-0.006487687584012747,0.0,4004
40,23.3419246673584,1.0699868202209473,-11.659079551696777,-0.006475130561739206,0.0,4004
41,23.347780227661133,1.1604666709899902,-11.686241149902344,-0.006493409629911184,0.0,4004
42,23.355974197387695,1.2363016605377197,-11.708486557006836,-0.006510893348604441,0.0,4005
43,23.343095779418945,1.1576414108276367,-11.68389892578125,-0.00649706507101655,0.0,4005
44,23.331384658813477,1.0725617408752441,-11.660286903381348,-0.0064792633056640625,0.0,4005
45,23.343095779418945,1.1425316333770752,-11.682826042175293,-0.006491819862276316,0.0,4005
46,23.34661102294922,1.2379109859466553,-11.710229873657227,-0.006511767860502005,0.0,4004
47,23.33372688293457,1.1796891689300537,-11.691024780273438,-0.00650159502401948,0.0,4004
48,23.352462768554688,1.0773718357086182,-11.662271499633789,-0.0064830780029296875,0.0,4005
49,23.363000869750977,1.1229157447814941,-11.677596092224121,-0.006492137908935547,0.0,4005
50,23.353633880615234,1.2314915657043457,-11.70681381225586,-0.006516218185424805,0.0,4004
51,23.34543800354004,1.1985361576080322,-11.69406509399414,-0.006515184883028269,0.0,4004
52,23.34543800354004,1.0875284671783447,-11.663174629211426,-0.006495078559964895,0.0,4005
53,23.348949432373047,1.1067509651184082,-11.672893524169922,-0.006497462745755911,0.0,4005
54,23.34426498413086,1.2214243412017822,-11.706206321716309,-0.006520509719848633,0.0,4005
55,23.34543800354004,1.2168467044830322,-11.702262878417969,-0.006522973533719778,0.0,4004
56,23.331384658813477,1.1036932468414307,-11.668342590332031,-0.00650032376870513,0.0,4004
57,23.33372688293457,1.0940909385681152,-11.670076370239258,-0.0064961910247802734,0.0,4004
58,23.34543800354004,1.2068510055541992,-11.703631401062012,-0.006517648696899414,0.0,4005
59,23.352462768554688,1.2305796146392822,-11.706206321716309,-0.006523847579956055,0.0,4005
60,23.34661102294922,1.1203408241271973,-11.672052383422852,-0.00650334358215332,0.0,4005
61,23.34543800354004,1.0857045650482178,-11.664703369140625,-0.006495078559964895,0.0,4005
62,23.34426498413086,1.1918127536773682,-11.698919296264648,-0.0065157413482666016,0.0,4004
63,23.348949432373047,1.2400388717651367,-11.71082878112793,-0.006528377532958984,0.0,4004
0,23.339582443237305,1.1413156986236572,-11.678955078125,-0.006510496139526367,0.0,4004
1,23.331384658813477,1.0823428630828857,-11.661967277526855,-0.0064968266524374485,0.0,4005
2,23.33841323852539,1.1752724647521973,-11.692777633666992,-0.0065129599533975124,0.0,4005
3,23.34661102294922,1.2472987174987793,-11.712733268737793,-0.0065290131606161594,0.0,4005
4,23.34543800354004,1.1636674404144287,-11.685419082641602,-0.0065151057206094265,0.0,4005
5,23.33724021911621,1.0805726051330566,-11.663407325744629,-0.006497621536254883,0.0,4005
6,23.34661102294922,1.1546015739440918,-11.686858177185059,-0.00651097297668457,0.0,4005
7,23.35480499267578,1.2467443943023682,-11.712348937988281,-0.006531795021146536,0.0,4005
8,23.352462768554688,1.1842668056488037,-11.690274238586426,-0.006521145347505808,0.0,4005
9,23.34661102294922,1.0850071907043457,-11.662790298461914,-0.00650016451254487,0.0,4005
10,23.348949432373047,1.1350572109222412,-11.680412292480469,-0.006507714744657278,0.0,4005
11,23.34543800354004,1.2413442134857178,-11.710988998413086,-0.006529649253934622,0.0,4005
12,23.353633880615234,1.2050271034240723,-11.696943283081055,-0.0065248808823525906,0.0,4005
13,23.3419246673584,1.0937869548797607,-11.665454864501953,-0.00650342321023345,0.0,4005
14,23.34426498413086,1.1183381080627441,-11.675315856933594,-0.0065059661865234375,0.0,4004
15,23.355974197387695,1.2325644493103027,-11.709094047546387,-0.006528457161039114,0.0,4004
16,23.34543800354004,1.2214243412017822,-11.702567100524902,-0.006529649253934622,0.0,4004
17,23.33489990234375,1.1072874069213867,-11.669397354125977,-0.006507396697998047,0.0,4005
18,23.34543800354004,1.1036217212677002,-11.673036575317383,-0.006504932884126902,0.0,4005
19,23.34543800354004,1.2173831462860107,-11.707412719726562,-0.006527503486722708,0.0,4005
20,23.343095779418945,1.2350678443908691,-11.709237098693848,-0.006532271858304739,0.0,4006
21,23.343095779418945,1.1237740516662598,-11.676227569580078,-0.006507714744657278,0.0,4005
22,23.353633880615234,1.0930180549621582,-11.670533180236816,-0.006498575210571289,0.0,4005
23,23.348949432373047,1.2018799781799316,-11.703014373779297,-0.006518125534057617,0.0,4006
24,23.33724021911621,1.2466013431549072,-11.713644981384277,-0.006527900695800781,0.0,4005
25,23.330215454101562,1.1432290077209473,-11.680706977844238,-0.0065082707442343235,0.0,4005
26,23.33724021911621,1.0884404182434082,-11.667886734008789,-0.006495555397123098,0.0,4005
27,23.343095779418945,1.1832118034362793,-11.699446678161621,-0.006513277534395456,0.0,4005
28,23.347780227661133,1.2506425380706787,-11.717292785644531,-0.0065282187424600124,0.0,4005
29,23.34661102294922,1.1645078659057617,-11.687609672546387,-0.0065129599533975124,0.0,4005
30,23.352462768554688,1.0859370231628418,-11.666205406188965,-0.006494601722806692,0.0,4006
31,23.35831642150879,1.1638283729553223,-11.692089080810547,-0.00650652265176177,0.0,4005
32,23.351293563842773,1.2520909309387207,-11.718794822692871,-0.00652313232421875,0.0,4005
33,23.350122451782227,1.1838018894195557,-11.696711540222168,-0.006512721534818411,0.0,4005
34,23.348949432373047,1.0886728763580322,-11.669781684875488,-0.00649253511801362,0.0,4006
35,23.352462768554688,1.1443734169006348,-11.689889907836914,-0.006502548698335886,0.0,4005
36,23.370025634765625,1.2494266033172607,-11.718955993652344,-0.0065248808823525906,0.0,4005
37,23.368852615356445,1.2052416801452637,-11.702791213989258,-0.006517728324979544,0.0,4006
38,23.35831642150879,1.0967552661895752,-11.67258071899414,-0.006496111396700144,0.0,4006
39,23.34661102294922,1.1282801628112793,-11.683666229248047,-0.00650159502401948,0.0,4005
40,23.352462768554688,1.2411832809448242,-11.715012550354004,-0.006525516510009766,0.0,4006
41,23.34426498413086,1.2250006198883057,-11.705911636352539,-0.006524006370455027,0.0,4005
42,23.351293563842773,1.1100411415100098,-11.671900749206543,-0.006499449256807566,0.0,4005
43,23.351293563842773,1.1130809783935547,-11.676907539367676,-0.006498098373413086,0.0,4005
44,23.34661102294922,1.2277543544769287,-11.711445808410645,-0.006519476417452097,0.0,4006
45,23.34661102294922,1.2383580207824707,-11.712348937988281,-0.006524244789034128,0.0,4005
46,23.355974197387695,1.1259913444519043,-11.678955078125,-0.006502548698335886,0.0,4005
47,23.35480499267578,1.1012613773345947,-11.674788475036621,-0.006496429443359375,0.0,4006
48,23.35480499267578,1.2136459350585938,-11.70779800415039,-0.006518284324556589,0.0,4005
49,23.352462768554688,1.2501776218414307,-11.71697998046875,-0.006526628974825144,0.0,4005
50,23.351293563842773,1.1446595191955566,-11.68564224243164,-0.006507158279418945,0.0,4005
51,23.34075164794922,1.0956823825836182,-11.673036575317383,-0.006495396140962839,0.0,4006
52,23.353633880615234,1.1948704719543457,-11.704910278320312,-0.00651558255776763,0.0,4005
53,23.350122451782227,1.2585818767547607,-11.719563484191895,-0.006532987114042044,0.0,4005
54,23.33372688293457,1.1668682098388672,-11.691177368164062,-0.0065159001387655735,0.0,4006
55,23.325532913208008,1.0937154293060303,-11.672285079956055,-0.006501197814941406,0.0,4005
56,23.343095779418945,1.1764883995056152,-11.699446678161621,-0.006518443580716848,0.0,4005
57,23.348949432373047,1.2612462043762207,-11.721843719482422,-0.0065386295318603516,0.0,4006
58,23.33841323852539,1.1875569820404053,-11.69876766204834,-0.006525913719087839,0.0,4005
59,23.33724021911621,1.0943055152893066,-11.673196792602539,-0.006506840232759714,0.0,4005
60,23.351293563842773,1.1549592018127441,-11.695575714111328,-0.0065175690688192844,0.0,4006
61,23.34075164794922,1.2572765350341797,-11.72449016571045,-0.0065371193923056126,0.0,4006
62,23.33372688293457,1.2086749076843262,-11.70666217803955,-0.006528933998197317,0.0,4005
63,23.33841323852539,1.1031031608581543,-11.675995826721191,-0.006506761070340872,0.0,4005
0,23.33841323852539,1.1408686637878418,-11.689746856689453,-0.006513039115816355,0.0,4006
1,23.336071014404297,1.2523233890533447,-11.722138404846191,-0.006536801811307669,0.0,4005
2,23.336071014404297,1.2300431728363037,-11.712348937988281,-0.0065341792069375515,0.0,4005
3,23.33372688293457,1.1166751384735107,-11.677140235900879,-0.006511131767183542,0.0,4005
4,23.33489990234375,1.1259019374847412,-11.682826042175293,-0.006510893348604441,0.0,4005
5,23.339582443237305,1.2419342994689941,-11.71872329711914,-0.0065333046950399876,0.0,4005
6,23.343095779418945,1.2461543083190918,-11.718204498291016,-0.006536960601806641,0.0,4005
7,23.336071014404297,1.1329293251037598,-11.683666229248047,-0.006513833999633789,0.0,4006
8,23.32787322998047,1.1146903038024902,-11.681011199951172,-0.006506204605102539,0.0,4005
9,23.34075164794922,1.2257695198059082,-11.716068267822266,-0.0065271854400634766,0.0,4005
10,23.33489990234375,1.2581884860992432,-11.722594261169434,-0.006536563392728567,0.0,4005
11,23.331384658813477,1.1501669883728027,-11.688745498657227,-0.006516456604003906,0.0,4005
12,23.331384658813477,1.1026382446289062,-11.679044723510742,-0.0065058073960244656,0.0,4005
13,23.343095779418945,1.2058675289154053,-11.710685729980469,-0.006525834556668997,0.0,4005
14,23.34543800354004,1.2656807899475098,-11.724874496459961,-0.0065379939042031765,0.0,4005
15,23.331384658813477,1.1696934700012207,-11.694753646850586,-0.006519476417452097,0.0,4005
16,23.319677352905273,1.0983645915985107,-11.676764488220215,-0.00650342321023345,0.0,4004
17,23.339582443237305,1.1840343475341797,-11.705911636352539,-0.006519476417452097,0.0,4005
18,23.33372688293457,1.2654483318328857,-11.728218078613281,-0.006536404136568308,0.0,4005
19,23.30797004699707,1.1887729167938232,-11.702791213989258,-0.006522258277982473,0.0,4005
20,23.316164016723633,1.1010289192199707,-11.67774772644043,-0.006502389907836914,0.0,4005
21,23.33489990234375,1.1671006679534912,-11.70051097869873,-0.0065137543715536594,0.0,4004
22,23.343095779418945,1.2652158737182617,-11.7279052734375,-0.0065325102768838406,0.0,4005
23,23.32787322998047,1.2097477912902832,-11.709844589233398,-0.006523767951875925,0.0,4005
24,23.31499481201172,1.1047661304473877,-11.681163787841797,-0.006499767303466797,0.0,4005
25,23.325532913208008,1.1498630046844482,-11.695432662963867,-0.0065058073960244656,0.0,4005
26,23.33372688293457,1.2587428092956543,-11.727762222290039,-0.006527026649564505,0.0,4005
27,23.324359893798828,1.2288272380828857,-11.716148376464844,-0.006522814277559519,0.0,4005
28,23.325532913208008,1.1180520057678223,-11.68229866027832,-0.006499131675809622,0.0,4004
29,23.33489990234375,1.1337697505950928,-11.690425872802734,-0.006499767303466797,0.0,4004
30,23.34426498413086,1.2490332126617432,-11.724418640136719,-0.006520668510347605,0.0,4005
31,23.33489990234375,1.2491226196289062,-11.721619606018066,-0.006522496696561575,0.0,4005
32,23.326702117919922,1.1338412761688232,-11.687922477722168,-0.00649706507101655,0.0,4005
33,23.322019577026367,1.1202692985534668,-11.686929702758789,-0.006491104606539011,0.0,4005
34,23.339582443237305,1.2335658073425293,-11.721075057983398,-0.006514072418212891,0.0,4005
35,23.331384658813477,1.2613892555236816,-11.726242065429688,-0.006522019859403372,0.0,4004
36,23.313823699951172,1.1530637741088867,-11.691793441772461,-0.006500562187284231,0.0,4004
37,23.32084846496582,1.1112570762634277,-11.682826042175293,-0.006489594932645559,0.0,4005
38,23.325532913208008,1.2156128883361816,-11.716675758361816,-0.006508985999971628,0.0,4005
39,23.325532913208008,1.2674331665039062,-11.729881286621094,-0.006522019859403372,0.0,4005
40,23.325532913208008,1.1699259281158447,-11.697712898254395,-0.006503979209810495,0.0,4005
41,23.319677352905273,1.1053919792175293,-11.680868148803711,-0.006489276885986328,0.0,4005
42,23.316164016723633,1.1971592903137207,-11.708709716796875,-0.006506284233182669,0.0,4004
43,23.323190689086914,1.2716889381408691,-11.730408668518066,-0.006522337440401316,0.0,4005
44,23.317337036132812,1.1919021606445312,-11.7051420211792,-0.006508191581815481,0.0,4005
45,23.322019577026367,1.1062145233154297,-11.681386947631836,-0.0064900717698037624,0.0,4005
46,23.331384658813477,1.1773288249969482,-11.705223083496094,-0.0065021514892578125,0.0,4005
47,23.313823699951172,1.2723147869110107,-11.731633186340332,-0.006521701812744141,0.0,4005
48,23.319677352905273,1.2141823768615723,-11.711901664733887,-0.006510893348604441,0.0,4005
49,23.310312271118164,1.1127054691314697,-11.683443069458008,-0.006490627769380808,0.0,4005
50,23.319677352905273,1.1612355709075928,-11.700895309448242,-0.006499052047729492,0.0,4005
51,23.323190689086914,1.2671113014221191,-11.73245620727539,-0.006522099021822214,0.0,4004
52,23.325532913208008,1.2317240238189697,-11.719250679016113,-0.006520906928926706,0.0,4004
53,23.323190689086914,1.1209487915039062,-11.686929702758789,-0.006500244140625,0.0,4005
54,23.322019577026367,1.1424601078033447,-11.695281028747559,-0.006503582000732422,0.0,4004
55,23.33724021911621,1.2570440769195557,-11.730408668518066,-0.006527423858642578,0.0,4004
56,23.331384658813477,1.2488007545471191,-11.725330352783203,-0.006528615951538086,0.0,4004
57,23.311481475830078,1.1362910270690918,-11.690497398376465,-0.0065053305588662624,0.0,4004
58,23.317337036132812,1.1309266090393066,-11.692473411560059,-0.0065027871169149876,0.0,4004
59,23.32787322998047,1.2440800666809082,-11.728289604187012,-0.006526152137666941,0.0,4005
60,23.31850814819336,1.2649118900299072,-11.731704711914062,-0.0065325102768838406,0.0,4005
61,23.312650680541992,1.1547446250915527,-11.697784423828125,-0.0065110526047647,0.0,4005
62,23.31850814819336,1.1194109916687012,-11.690274238586426,-0.006503025535494089,0.0,4005
63,23.32787322998047,1.2266993522644043,-11.722371101379395,-0.006522575858980417,0.0,4005
0,23.32084846496582,1.2739777565002441,-11.734360694885254,-0.0065349736250936985,0.0,4004
1,23.326702117919922,1.1738955974578857,-11.703997611999512,-0.006516059394925833,0.0,4005
2,23.326702117919922,1.1135458946228027,-11.688217163085938,-0.0065006413497030735,0.0,4005
3,23.323190689086914,1.2057781219482422,-11.717131614685059,-0.006517489906400442,0.0,4005
4,23.317337036132812,1.2781083583831787,-11.7350492477417,-0.0065333046950399876,0.0,4005
5,23.31850814819336,1.1935830116271973,-11.708709716796875,-0.0065180459059774876,0.0,4005
6,23.319677352905273,1.1117041110992432,-11.686330795288086,-0.006498416420072317,0.0,4005
7,23.317337036132812,1.1870026588439941,-11.711517333984375,-0.006511211395263672,0.0,4005
8,23.312650680541992,1.2764990329742432,-11.736184120178223,-0.0065303645096719265,0.0,4005
9,23.311481475830078,1.2121796607971191,-11.714556694030762,-0.0065197148360311985,0.0,4005
10,23.313823699951172,1.1141538619995117,-11.686929702758789,-0.006499926093965769,0.0,4004
11,23.326702117919922,1.1671900749206543,-11.706357955932617,-0.006508509162813425,0.0,4005
12,23.323190689086914,1.2719213962554932,-11.73572826385498,-0.0065294899977743626,0.0,4005
13,23.323190689086914,1.2317955493927002,-11.72025203704834,-0.006522655487060547,0.0,4005
14,23.317337036132812,1.1224687099456787,-11.688977241516113,-0.006499449256807566,0.0,4005
15,23.31850814819336,1.1487901210784912,-11.700895309448242,-0.006502707954496145,0.0,4005
16,23.322019577026367,1.2626945972442627,-11.733600616455078,-0.006526072975248098,0.0,4004
17,23.322019577026367,1.2501060962677002,-11.725857734680176,-0.0065250396728515625,0.0,4004
18,23.317337036132812,1.1359691619873047,-11.692544937133789,-0.0065006413497030735,0.0,4005
19,23.331384658813477,1.1357367038726807,-11.694753646850586,-0.006498257163912058,0.0,4005
20,23.319677352905273,1.2501060962677002,-11.729585647583008,-0.006519158836454153,0.0,4005
21,23.310312271118164,1.2658238410949707,-11.730498313903809,-0.006522575858980417,0.0,4005
22,23.316164016723633,1.1543691158294678,-11.69596004486084,-0.006498813629150391,0.0,4005
23,23.317337036132812,1.1260628700256348,-11.690345764160156,-0.006489594932645559,0.0,4004
24,23.312650680541992,1.2350678443908691,-11.723738670349121,-0.006510098930448294,0.0,4005
25,23.305625915527344,1.2776434421539307,-11.73427963256836,-0.006520509719848633,0.0,4005
26,23.313823699951172,1.1748790740966797,-11.701351165771484,-0.0064998469315469265,0.0,4005
27,23.317337036132812,1.1202692985534668,-11.687082290649414,-0.006487449165433645,0.0,4004
28,23.30797004699707,1.2161672115325928,-11.717820167541504,-0.006504535675048828,0.0,4005
29,23.319677352905273,1.2832224369049072,-11.735799789428711,-0.0065180459059774876,0.0,4005
30,23.311481475830078,1.1946558952331543,-11.706733703613281,-0.006501356605440378,0.0,4005
31,23.313823699951172,1.1165142059326172,-11.687153816223145,-0.006485700607299805,0.0,4005
32,23.317337036132812,1.1977672576904297,-11.713949203491211,-0.006501277443021536,0.0,4005
33,23.311481475830078,1.2842774391174316,-11.737624168395996,-0.006517728324979544,0.0,4005
34,23.30797004699707,1.2140214443206787,-11.714789390563965,-0.006504376884549856,0.0,4005
35,23.319677352905273,1.1189639568328857,-11.688217163085938,-0.00648506497964263,0.0,4005
36,23.319677352905273,1.1762559413909912,-11.708182334899902,-0.006495555397123098,0.0,4005
37,23.322019577026367,1.2805581092834473,-11.736559867858887,-0.006518999580293894,0.0,4005
38,23.324359893798828,1.2363731861114502,-11.719939231872559,-0.006512562278658152,0.0,4004
39,23.30797004699707,1.1279582977294922,-11.689746856689453,-0.0064908661879599094,0.0,4004
40,23.31499481201172,1.1585533618927002,-11.701655387878418,-0.0064961910247802734,0.0,4004
41,23.323190689086914,1.2714028358459473,-11.7354154586792,-0.0065195560455322266,0.0,4004
42,23.32904624938965,1.2556672096252441,-11.72676944732666,-0.006518284324556589,0.0,4004
43,23.323190689086914,1.1413872241973877,-11.693385124206543,-0.006495078559964895,0.0,4004
44,23.33724021911621,1.1458039283752441,-11.699536323547363,-0.00649253511801362,0.0,4004
45,23.32787322998047,1.2599587440490723,-11.732769012451172,-0.006516138557344675,0.0,4004
46,23.317337036132812,1.2688815593719482,-11.733224868774414,-0.006519874092191458,0.0,4004
47,23.310312271118164,1.1559605598449707,-11.698391914367676,-0.006497939582914114,0.0,4005
48,23.31499481201172,1.1348247528076172,-11.693305015563965,-0.006491422653198242,0.0,4005
49,23.32084846496582,1.2458324432373047,-11.727762222290039,-0.006512483116239309,0.0,4005
50,23.322019577026367,1.2826144695281982,-11.736639976501465,-0.006522655487060547,0.0,4005
51,23.32787322998047,1.1764883995056152,-11.704158782958984,-0.006502231117337942,0.0,4005
52,23.31850814819336,1.1265814304351807,-11.692706108093262,-0.0064890384674072266,0.0,4005
53,23.312650680541992,1.2278437614440918,-11.724651336669922,-0.00650779390707612,0.0,4005
54,23.316164016723633,1.2907862663269043,-11.740735054016113,-0.006520509719848633,0.0,4004
55,23.30797004699707,1.1963903903961182,-11.71303653717041,-0.006502389907836914,0.0,4004
56,23.309139251708984,1.1234700679779053,-11.691936492919922,-0.0064832367934286594,0.0,4004
57,23.311481475830078,1.2064576148986816,-11.718570709228516,-0.006497462745755911,0.0,4004
58,23.302114486694336,1.2891769409179688,-11.741718292236328,-0.006517013069242239,0.0,4004
59,23.30445671081543,1.2176156044006348,-11.718570709228516,-0.0065044560469686985,0.0,4005
60,23.303287506103516,1.1268138885498047,-11.692706108093262,-0.0064847469329833984,0.0,4005
61,23.309139251708984,1.1874675750732422,-11.714789390563965,-0.006495078559964895,0.0,4005
62,23.31499481201172,1.2867271900177002,-11.743837356567383,-0.006517728324979544,0.0,4005
63,23.313823699951172,1.2381434440612793,-11.726466178894043,-0.006508588790893555,0.0,4005
0,23.30797004699707,1.1329293251037598,-11.69603157043457,-0.006486018653959036,0.0,4005
1,23.311481475830078,1.1693179607391357,-11.710229873657227,-0.006489276885986328,0.0,4005
2,23.32084846496582,1.2793421745300293,-11.742406845092773,-0.0065119266510009766,0.0,4004
3,23.316164016723633,1.2568116188049316,-11.732769012451172,-0.006509701255708933,0.0,4004
4,23.298601150512695,1.1439085006713867,-11.698919296264648,-0.0064867339096963406,0.0,4004
5,23.302114486694336,1.1548161506652832,-11.705750465393066,-0.006487926002591848,0.0,4004
6,23.316164016723633,1.2697935104370117,-11.738920211791992,-0.006510575767606497,0.0,4004
7,23.313823699951172,1.2736201286315918,-11.736184120178223,-0.0065137543715536594,0.0,4005
8,23.300945281982422,1.1588573455810547,-11.702862739562988,-0.006487846374511719,0.0,4005
9,23.30797004699707,1.1432290077209473,-11.701038360595703,-0.006481329444795847,0.0,4005
10,23.302114486694336,1.2569725513458252,-11.7350492477417,-0.006502628326416016,0.0,4004
11,23.312650680541992,1.2885689735412598,-11.742630958557129,-0.006509860511869192,0.0,4004
12,23.306798934936523,1.1811375617980957,-11.70932674407959,-0.0064900717698037624,0.0,4004
13,23.312650680541992,1.1353611946105957,-11.698919296264648,-0.006478945259004831,0.0,4005
14,23.323190689086914,1.2387335300445557,-11.731633186340332,-0.0064989724196493626,0.0,4005
15,23.319677352905273,1.2968659400939941,-11.745590209960938,-0.006513675209134817,0.0,4005
16,23.30797004699707,1.2009680271148682,-11.714556694030762,-0.006495634559541941,0.0,4005
17,23.310312271118164,1.1316239833831787,-11.69709587097168,-0.006480375770479441,0.0,4005
18,23.31499481201172,1.2179017066955566,-11.727377891540527,-0.006495634559541941,0.0,4005
19,23.313823699951172,1.2974917888641357,-11.748549461364746,-0.006512800697237253,0.0,4004
20,23.30797004699707,1.2204229831695557,-11.722978591918945,-0.006498257163912058,0.0,4004
21,23.310312271118164,1.1310160160064697,-11.697855949401855,-0.006480058189481497,0.0,4004
22,23.313823699951172,1.1991441249847412,-11.721002578735352,-0.006490627769380808,0.0,4004
23,23.323190689086914,1.2964189052581787,-11.747941017150879,-0.006510337349027395,0.0,4004
24,23.311481475830078,1.2398064136505127,-11.729425430297852,-0.006501039024442434,0.0,4004
25,23.305625915527344,1.1357367038726807,-11.699080467224121,-0.006480137351900339,0.0,4005
26,23.30445671081543,1.1782407760620117,-11.713563919067383,-0.006487846374511719,0.0,4005
27,23.31499481201172,1.2877106666564941,-11.744749069213867,-0.0065120854414999485,0.0,4005
28,23.31850814819336,1.2588143348693848,-11.733529090881348,-0.006509542465209961,0.0,4005
29,23.30445671081543,1.1470377445220947,-11.70051097869873,-0.0064853825606405735,0.0,4005
30,23.306798934936523,1.1639714241027832,-11.709004402160645,-0.0064867339096963406,0.0,4005
31,23.324359893798828,1.2807011604309082,-11.743837356567383,-0.006510098930448294,0.0,4005
32,23.30797004699707,1.2796282768249512,-11.739599227905273,-0.006510814186185598,0.0,4005
33,23.295089721679688,1.1644363403320312,-11.705223083496094,-0.006488879676908255,0.0,4005
34,23.306798934936523,1.1516869068145752,-11.705526351928711,-0.006485541816800833,0.0,4005
35,23.306798934936523,1.2640714645385742,-11.739447593688965,-0.0065081119537353516,0.0,4005
36,23.30445671081543,1.2890875339508057,-11.744525909423828,-0.0065159001387655735,0.0,4005
37,23.302114486694336,1.1804580688476562,-11.711061477661133,-0.006494840141385794,0.0,4005
38,23.302114486694336,1.1410832405090332,-11.701807022094727,-0.006485144142061472,0.0,4005
39,23.30797004699707,1.2466728687286377,-11.735343933105469,-0.006505250930786133,0.0,4005
40,23.305625915527344,1.2973308563232422,-11.749845504760742,-0.006516456604003906,0.0,4005
41,23.302114486694336,1.1981606483459473,-11.719250679016113,-0.006498813629150391,0.0,4004
42,23.298601150512695,1.1349856853485107,-11.701878547668457,-0.00648490572348237,0.0,4004
43,23.292747497558594,1.2261450290679932,-11.731016159057617,-0.0065027871169149876,0.0,4005
44,23.29391860961914,1.3014435768127441,-11.750301361083984,-0.006518840789794922,0.0,4005
45,23.306798934936523,1.2201905250549316,-11.72449016571045,-0.006505012512207031,0.0,4005
46,23.306798934936523,1.1365056037902832,-11.70211124420166,-0.0064849853515625,0.0,4004
47,23.309139251708984,1.2079954147338867,-11.726009368896484,-0.00649706507101655,0.0,4004
48,23.313823699951172,1.3018369674682617,-11.751052856445312,-0.006516297813504934,0.0,4005
49,23.310312271118164,1.2423992156982422,-11.730792999267578,-0.0065058073960244656,0.0,4005
50,23.302114486694336,1.1417806148529053,-11.702495574951172,-0.006484826561063528,0.0,4005
51,23.299772262573242,1.1897563934326172,-11.718204498291016,-0.00649261474609375,0.0,4005
52,23.30445671081543,1.2967228889465332,-11.749076843261719,-0.0065157413482666016,0.0,4004
53,23.305625915527344,1.2633919715881348,-11.7354154586792,-0.0065112910233438015,0.0,4004
54,23.305625915527344,1.1522233486175537,-11.703631401062012,-0.0064870514906942844,0.0,4004
55,23.305625915527344,1.1713743209838867,-11.712876319885254,-0.006488005165010691,0.0,4004
56,23.302114486694336,1.2862801551818848,-11.746501922607422,-0.0065097808837890625,0.0,4004
57,23.299772262573242,1.2799322605133057,-11.740350723266602,-0.006508985999971628,0.0,4004
58,23.299772262573242,1.1664032936096191,-11.707269668579102,-0.0064845881424844265,0.0,4005
59,23.303287506103516,1.1602342128753662,-11.709774017333984,-0.006479024887084961,0.0,4005
60,23.302114486694336,1.2746751308441162,-11.742246627807617,-0.006502389907836914,0.0,4005
61,23.306798934936523,1.2955784797668457,-11.744221687316895,-0.006508350372314453,0.0,4005
62,23.302114486694336,1.1849462985992432,-11.710372924804688,-0.006487131118774414,0.0,4005
63,23.300945281982422,1.1507034301757812,-11.704230308532715,-0.006478786468505859,0.0,4005
0,23.312650680541992,1.2580454349517822,-11.736639976501465,-0.0064989724196493626,0.0,4004
1,23.309139251708984,1.3048768043518066,-11.747485160827637,-0.0065112910233438015,0.0,4004
2,23.298601150512695,1.2040257453918457,-11.715835571289062,-0.006494840141385794,0.0,4004
3,23.306798934936523,1.1440694332122803,-11.701494216918945,-0.0064830780029296875,0.0,4004
4,23.31850814819336,1.2379825115203857,-11.73132038116455,-0.006502866744995117,0.0,4005
5,23.312650680541992,1.3103127479553223,-11.750301361083984,-0.0065189204178750515,0.0,4005
6,23.299772262573242,1.2253940105438232,-11.723891258239746,-0.0065027871169149876,0.0,4005
7,23.2962589263916,1.1426031589508057,-11.703085899353027,-0.006483952049165964,0.0,4004
8,23.302114486694336,1.2185990810394287,-11.727153778076172,-0.006496270652860403,0.0,4004
9,23.30445671081543,1.3105988502502441,-11.751964569091797,-0.00651542330160737,0.0,4004
10,23.302114486694336,1.2469053268432617,-11.728898048400879,-0.006504058837890625,0.0,4004
11,23.292747497558594,1.1474132537841797,-11.701807022094727,-0.0064845881424844265,0.0,4004
12,23.309139251708984,1.1999845504760742,-11.72054672241211,-0.0064930119551718235,0.0,4005
13,23.311481475830078,1.3053417205810547,-11.7506685256958,-0.006513913627713919,0.0,4005
14,23.30445671081543,1.2655198574066162,-11.735648155212402,-0.0065081119537353516,0.0,4004
15,23.309139251708984,1.1573374271392822,-11.703997611999512,-0.0064847469329833984,0.0,4005
16,23.310312271118164,1.1835694313049316,-11.714405059814453,-0.006488879676908255,0.0,4005
17,23.303287506103516,1.2969553470611572,-11.747566223144531,-0.006512641906738281,0.0,4005
18,23.30445671081543,1.2855827808380127,-11.74156665802002,-0.00651232386007905,0.0,4005
19,23.30797004699707,1.1706233024597168,-11.708101272583008,-0.006487846374511719,0.0,4005
20,23.305625915527344,1.1693179607391357,-11.710918426513672,-0.0064862570725381374,0.0,4005
21,23.305625915527344,1.2845098972320557,-11.745750427246094,-0.0065097808837890625,0.0,4005
22,23.305625915527344,1.2985646724700928,-11.746573448181152,-0.006514946464449167,0.0,4005
23,23.30797004699707,1.1871635913848877,-11.711284637451172,-0.0064930119551718235,0.0,4005
24,23.302114486694336,1.1584818363189697,-11.707412719726562,-0.006486972328275442,0.0,4004
25,23.305625915527344,1.2658953666687012,-11.742791175842285,-0.006506443023681641,0.0,4004
26,23.29391860961914,1.3080954551696777,-11.752644538879395,-0.006516456604003906,0.0,4004
27,23.286893844604492,1.2038826942443848,-11.719939231872559,-0.006497462745755911,0.0,4004
28,23.290407180786133,1.1500954627990723,-11.707046508789062,-0.006484349723905325,0.0,4004
29,23.299772262573242,1.2472987174987793,-11.737239837646484,-0.006502389907836914,0.0,4005
30,23.298601150512695,1.3131201267242432,-11.753484725952148,-0.006518125534057617,0.0,4005
31,23.282211303710938,1.2266993522644043,-11.724123001098633,-0.00650159502401948,0.0,4005
32,23.284549713134766,1.1496305465698242,-11.70240592956543,-0.006484428886324167,0.0,4005
33,23.28338050842285,1.2282013893127441,-11.72844123840332,-0.006497780326753855,0.0,4005
34,23.291576385498047,1.3146579265594482,-11.753484725952148,-0.006514946464449167,0.0,4005
35,23.2962589263916,1.2469768524169922,-11.731016159057617,-0.0065021514892578125,0.0,4005
36,23.298601150512695,1.1530637741088867,-11.7051420211792,-0.0064805350266397,0.0,4005
37,23.29391860961914,1.2108206748962402,-11.724418640136719,-0.006487846374511719,0.0,4005
38,23.279869079589844,1.3121366500854492,-11.752197265625,-0.006506761070340872,0.0,4005
39,23.282211303710938,1.2669682502746582,-11.736032485961914,-0.006499131675809622,0.0,4005
40,23.278697967529297,1.1597692966461182,-11.705678939819336,-0.006476561073213816,0.0,4004
41,23.28338050842285,1.1919021606445312,-11.717364311218262,-0.006481965538114309,0.0,4004
42,23.291576385498047,1.3048768043518066,-11.750444412231445,-0.006503979209810495,0.0,4004
43,23.281038284301758,1.2871921062469482,-11.7418794631958,-0.006501356605440378,0.0,4004
44,23.29743194580078,1.1733591556549072,-11.707189559936523,-0.006478389259427786,0.0,4005
45,23.286893844604492,1.1779367923736572,-11.711061477661133,-0.006476322654634714,0.0,4004
46,23.29391860961914,1.2921452522277832,-11.746886253356934,-0.006499370094388723,0.0,4004
47,23.282211303710938,1.3043582439422607,-11.747485160827637,-0.0065027871169149876,0.0,4004
48,23.269330978393555,1.1906683444976807,-11.71303653717041,-0.006478786468505859,0.0,4005
49,23.281038284301758,1.1681020259857178,-11.708709716796875,-0.006471157073974609,0.0,4004
50,23.29391860961914,1.2770533561706543,-11.743086814880371,-0.0064922175370156765,0.0,4004
51,23.276355743408203,1.3130486011505127,-11.751964569091797,-0.006502946373075247,0.0,4005
52,23.27401351928711,1.2054026126861572,-11.719107627868652,-0.006483157631009817,0.0,4005
53,23.29743194580078,1.1550486087799072,-11.707412719726562,-0.006473859306424856,0.0,4004
54,23.30445671081543,1.2554526329040527,-11.739447593688965,-0.00649269437417388,0.0,4004
55,23.276355743408203,1.3179302215576172,-11.75554084777832,-0.0065053305588662624,0.0,4005
56,23.278697967529297,1.2260735034942627,-11.726081848144531,-0.006488243583589792,0.0,4004
57,23.284549713134766,1.1537432670593262,-11.707502365112305,-0.00647282600402832,0.0,4004
58,23.284549713134766,1.2393593788146973,-11.734047889709473,-0.0064875283278524876,0.0,4005
59,23.285722732543945,1.3225078582763672,-11.756363868713379,-0.006505012512207031,0.0,4005
60,23.28338050842285,1.2507319450378418,-11.73238468170166,-0.0064930119551718235,0.0,4005
61,23.281038284301758,1.1581063270568848,-11.705750465393066,-0.006475051399320364,0.0,4004
62,23.281038284301758,1.2174546718597412,-11.727377891540527,-0.00648816442117095,0.0,4004
63,23.292747497558594,1.3179302215576172,-11.75576400756836,-0.006510654930025339,0.0,4005
0,23.290407180786133,1.2681126594543457,-11.737552642822266,-0.006504615303128958,0.0,4005
1,23.284549713134766,1.1609137058258057,-11.70772647857666,-0.006483157631009817,0.0,4005
2,23.282211303710938,1.1977672576904297,-11.721235275268555,-0.006489276885986328,0.0,4004
3,23.290407180786133,1.3093113899230957,-11.753788948059082,-0.006513913627713919,0.0,4004
4,23.286893844604492,1.2852787971496582,-11.745661735534668,-0.00651232386007905,0.0,4005
5,23.285722732543945,1.1722862720489502,-11.711740493774414,-0.006491502281278372,0.0,4005
6,23.291576385498047,1.1835694313049316,-11.717292785644531,-0.0064923763275146484,0.0,4005
7,23.2962589263916,1.2962758541107178,-11.751893043518066,-0.006516059394925833,0.0,4004
8,23.285722732543945,1.3007640838623047,-11.74946117401123,-0.0065197148360311985,0.0,4005
9,23.284549713134766,1.1867165565490723,-11.716291427612305,-0.006498257163912058,0.0,4005
10,23.29391860961914,1.1684775352478027,-11.714860916137695,-0.006493091583251953,0.0,4005
11,23.289234161376953,1.2802541255950928,-11.748549461364746,-0.006516138557344675,0.0,4005
12,23.282211303710938,1.3129770755767822,-11.754923820495605,-0.006523927208036184,0.0,4005
13,23.28338050842285,1.2073159217834473,-11.721619606018066,-0.0065023102797567844,0.0,4005
14,23.284549713134766,1.1618256568908691,-11.710988998413086,-0.006492058280855417,0.0,4005
15,23.29391860961914,1.2640714645385742,-11.74338150024414,-0.006512483116239309,0.0,4005
16,23.290407180786133,1.3208270072937012,-11.757588386535645,-0.0065263113938272,0.0,4005
17,23.275182723999023,1.2265384197235107,-11.727449417114258,-0.006508906837552786,0.0,4005
18,23.281038284301758,1.1583209037780762,-11.707412719726562,-0.00649269437417388,0.0,4005
19,23.29391860961914,1.2442231178283691,-11.735871315002441,-0.00650779390707612,0.0,4005
20,23.2962589263916,1.3222754001617432,-11.758338928222656,-0.006526628974825144,0.0,4005
21,23.286893844604492,1.2434005737304688,-11.73398494720459,-0.006511529441922903,0.0,4004
22,23.288063049316406,1.1550486087799072,-11.70932674407959,-0.006489118095487356,0.0,4005
23,23.290407180786133,1.2211918830871582,-11.732000350952148,-0.006500085350126028,0.0,4005
24,23.288063049316406,1.3192355632781982,-11.759859085083008,-0.006519317626953125,0.0,4004
25,23.288063049316406,1.2656807899475098,-11.740056037902832,-0.0065091452561318874,0.0,4005
26,23.292747497558594,1.1632919311523438,-11.709237098693848,-0.006488005165010691,0.0,4005
27,23.289234161376953,1.2025058269500732,-11.726009368896484,-0.0064943633042275906,0.0,4005
28,23.284549713134766,1.3106882572174072,-11.757954597473145,-0.0065157413482666016,0.0,4005
29,23.278697967529297,1.2817025184631348,-11.747180938720703,-0.006512562278658152,0.0,4004
30,23.277524948120117,1.1695504188537598,-11.714556694030762,-0.0064885616302490234,0.0,4005
31,23.28338050842285,1.1855721473693848,-11.721002578735352,-0.006488720420747995,0.0,4005
32,23.288063049316406,1.3006925582885742,-11.754396438598633,-0.006509701255708933,0.0,4005
33,23.288063049316406,1.2995481491088867,-11.749917030334473,-0.006509701255708933,0.0,4005
34,23.290407180786133,1.1854112148284912,-11.716381072998047,-0.00648490572348237,0.0,4005
35,23.288063049316406,1.1735916137695312,-11.716452598571777,-0.00647870684042573,0.0,4005
36,23.288063049316406,1.2865662574768066,-11.750829696655273,-0.006498575210571289,0.0,4005
37,23.275182723999023,1.3133525848388672,-11.75554084777832,-0.006505171302706003,0.0,4005
38,23.26698875427246,1.2031137943267822,-11.721075057983398,-0.006482124328613281,0.0,4005
39,23.281038284301758,1.1642754077911377,-11.712348937988281,-0.006473064422607422,0.0,4005
40,23.295089721679688,1.2707769870758057,-11.745062828063965,-0.00649269437417388,0.0,4005
41,23.28338050842285,1.3205409049987793,-11.757132530212402,-0.006505012512207031,0.0,4005
42,23.275182723999023,1.2214958667755127,-11.726009368896484,-0.0064862570725381374,0.0,4005
43,23.281038284301758,1.1587142944335938,-11.710005760192871,-0.0064701237715780735,0.0,4006
44,23.290407180786133,1.2508034706115723,-11.740806579589844,-0.006487607955932617,0.0,4005
45,23.290407180786133,1.3259410858154297,-11.76031494140625,-0.006503900047391653,0.0,4005
46,23.284549713134766,1.2440800666809082,-11.73245620727539,-0.0064894356764853,0.0,4005
47,23.282211303710938,1.1588573455810547,-11.708709716796875,-0.006470759864896536,0.0,4005
48,23.288063049316406,1.2293457984924316,-11.731857299804688,-0.006483952049165964,0.0,4005
49,23.285722732543945,1.3230443000793457,-11.758795738220215,-0.006503979209810495,0.0,4005
50,23.290407180786133,1.2623190879821777,-11.73875904083252,-0.006493806838989258,0.0,4005
51,23.282211303710938,1.1630594730377197,-11.709165573120117,-0.006472587585449219,0.0,4005
52,23.286893844604492,1.2097477912902832,-11.726009368896484,-0.0064805350266397,0.0,4005
53,23.291576385498047,1.3171792030334473,-11.757132530212402,-0.006503263954073191,0.0,4005
54,23.278697967529297,1.2828469276428223,-11.743471145629883,-0.006498654838651419,0.0,4005
55,23.27050018310547,1.1706233024597168,-11.711213111877441,-0.00647600507363677,0.0,4005
56,23.268157958984375,1.1926531791687012,-11.720090866088867,-0.006480296608060598,0.0,4005
57,23.2962589263916,1.3072550296783447,-11.75394058227539,-0.006504217628389597,0.0,4005
58,23.288063049316406,1.2988686561584473,-11.747941017150879,-0.0065059661865234375,0.0,4005
59,23.276355743408203,1.1857151985168457,-11.713788032531738,-0.00648490572348237,0.0,4005
60,23.282211303710938,1.1793136596679688,-11.716148376464844,-0.006483396049588919,0.0,4005
61,23.279869079589844,1.2925207614898682,-11.750301361083984,-0.006506919860839844,0.0,4004
62,23.276355743408203,1.3141214847564697,-11.753100395202637,-0.006512562278658152,0.0,4005
63,23.269330978393555,1.2021124362945557,-11.72032356262207,-0.0064905486069619656,0.0,4004
0,23.278697967529297,1.1695504188537598,-11.71387767791748,-0.0064829192124307156,0.0,4005
1,23.281038284301758,1.2772679328918457,-11.747110366821289,-0.006503740791231394,0.0,4004
2,23.279869079589844,1.3238131999969482,-11.758268356323242,-0.0065155029296875,0.0,4004
3,23.27401351928711,1.2221932411193848,-11.726009368896484,-0.006497462745755911,0.0,4004
4,23.27401351928711,1.1630594730377197,-11.711061477661133,-0.006485541816800833,0.0,4004
5,23.288063049316406,1.2573659420013428,-11.741190910339355,-0.006502946373075247,0.0,4004
6,23.28338050842285,1.3290703296661377,-11.760002136230469,-0.00651860237121582,0.0,4004
7,23.284549713134766,1.2433111667633057,-11.733457565307617,-0.006502946373075247,0.0,4004
8,23.277524948120117,1.1622190475463867,-11.712733268737793,-0.006483952049165964,0.0,4005
9,23.276355743408203,1.2392878532409668,-11.736783027648926,-0.006497383117675781,0.0,4005
10,23.281038284301758,1.3289093971252441,-11.761299133300781,-0.006517887115478516,0.0,4005
11,23.278697967529297,1.2636780738830566,-11.739974975585938,-0.0065061249770224094,0.0,4005
12,23.276355743408203,1.1645078659057617,-11.712509155273438,-0.006485303398221731,0.0,4005
13,23.291576385498047,1.2200474739074707,-11.730265617370605,-0.0064930119551718235,0.0,4004
14,23.281038284301758,1.3251185417175293,-11.761530876159668,-0.006514390464872122,0.0,4004
15,23.271671295166016,1.2849032878875732,-11.746278762817383,-0.00650787353515625,0.0,4004
16,23.271671295166016,1.1734306812286377,-11.71537971496582,-0.006484428886324167,0.0,4004
17,23.290407180786133,1.2022733688354492,-11.725786209106445,-0.006488800048828125,0.0,4004
18,23.284549713134766,1.3148188591003418,-11.75857162475586,-0.006510734558105469,0.0,4004
19,23.276355743408203,1.3023018836975098,-11.751580238342285,-0.006508509162813425,0.0,4004
20,23.276355743408203,1.1883080005645752,-11.71751594543457,-0.006483554840087891,0.0,4005
21,23.282211303710938,1.1892914772033691,-11.719411849975586,-0.0064807734452188015,0.0,4005
22,23.276355743408203,1.3029098510742188,-11.753860473632812,-0.006502469535917044,0.0,4005
23,23.272844314575195,1.3168752193450928,-11.754852294921875,-0.006508509162813425,0.0,4005
24,23.276355743408203,1.2034893035888672,-11.720850944519043,-0.00648633623495698,0.0,4004
25,23.277524948120117,1.1738955974578857,-11.716068267822266,-0.00647870684042573,0.0,4004
26,23.271671295166016,1.2824535369873047,-11.748254776000977,-0.006500879768282175,0.0,4004
27,23.269330978393555,1.3237416744232178,-11.757355690002441,-0.006511688232421875,0.0,4004
28,23.264646530151367,1.2197434902191162,-11.725401878356934,-0.006491184234619141,0.0,4005
29,23.275182723999023,1.1670291423797607,-11.712733268737793,-0.006480296608060598,0.0,4005
30,23.271671295166016,1.2658238410949707,-11.743614196777344,-0.006499290466308594,0.0,4005
31,23.288063049316406,1.3309121131896973,-11.759859085083008,-0.006514390464872122,0.0,4005
32,23.277524948120117,1.2412548065185547,-11.73132038116455,-0.0064989724196493626,0.0,4005
33,23.269330978393555,1.1652588844299316,-11.70932674407959,-0.00648188591003418,0.0,4004
34,23.272844314575195,1.2442231178283691,-11.736104011535645,-0.006496429443359375,0.0,4004
35,23.282211303710938,1.3318955898284912,-11.75977897644043,-0.006515184883028269,0.0,4004
36,23.26698875427246,1.2620866298675537,-11.736639976501465,-0.0065023102797567844,0.0,4005
37,23.268157958984375,1.1661887168884277,-11.710604667663574,-0.006481965538114309,0.0,4005
38,23.275182723999023,1.2253940105438232,-11.730721473693848,-0.006492455955594778,0.0,4005
39,23.275182723999023,1.3272464275360107,-11.759323120117188,-0.006513515952974558,0.0,4005
40,23.28338050842285,1.2823104858398438,-11.741950988769531,-0.006504932884126902,0.0,4004
41,23.284549713134766,1.1754155158996582,-11.711445808410645,-0.006482998374849558,0.0,4004
42,23.277524948120117,1.2076020240783691,-11.724347114562988,-0.006485700607299805,0.0,4004
43,23.271671295166016,1.3202190399169922,-11.757275581359863,-0.00650779390707612,0.0,4004
44,23.277524948120117,1.3019084930419922,-11.748477935791016,-0.0065066018141806126,0.0,4005
45,23.282211303710938,1.1878609657287598,-11.716148376464844,-0.006482998374849558,0.0,4005
46,23.278697967529297,1.1920452117919922,-11.72025203704834,-0.006481965538114309,0.0,4005
47,23.276355743408203,1.3058781623840332,-11.75326156616211,-0.006505727767944336,0.0,4005
48,23.275182723999023,1.3152658939361572,-11.753332138061523,-0.00650779390707612,0.0,4004
49,23.269330978393555,1.2015938758850098,-11.720090866088867,-0.00648363446816802,0.0,4004
50,23.278697967529297,1.1786341667175293,-11.717203140258789,-0.00647727632895112,0.0,4004
51,23.288063049316406,1.2888550758361816,-11.751214027404785,-0.006498257163912058,0.0,4004
52,23.276355743408203,1.3253331184387207,-11.757427215576172,-0.006507317069917917,0.0,4004
53,23.272844314575195,1.2197434902191162,-11.723506927490234,-0.006487131118774414,0.0,4004
54,23.276355743408203,1.1713743209838867,-11.712196350097656,-0.006475210189819336,0.0,4004
55,23.278697967529297,1.2701869010925293,-11.743837356567383,-0.006493409629911184,0.0,4004
56,23.275182723999023,1.3311982154846191,-11.759323120117188,-0.006508985999971628,0.0,4004
57,23.27401351928711,1.2407898902893066,-11.730792999267578,-0.006491422653198242,0.0,4005
58,23.290407180786133,1.1685490608215332,-11.711284637451172,-0.0064752898178994656,0.0,4005
59,23.292747497558594,1.2524664402008057,-11.73883056640625,-0.006489833351224661,0.0,4005
60,23.278697967529297,1.3351857662200928,-11.76038646697998,-0.006507714744657278,0.0,4004
61,23.281038284301758,1.2613892555236816,-11.736184120178223,-0.0064957938157022,0.0,4004
62,23.276355743408203,1.1696934700012207,-11.70932674407959,-0.006478150840848684,0.0,4004
63,23.269330978393555,1.2324929237365723,-11.729952812194824,-0.006490310188382864,0.0,4005
0,23.27050018310547,1.3327360153198242,-11.758044242858887,-0.00651097297668457,0.0,4005
1,23.271671295166016,1.2810766696929932,-11.739376068115234,-0.0065042972564697266,0.0,4005
2,23.275182723999023,1.1747360229492188,-11.709388732910156,-0.006483952049165964,0.0,4005
3,23.281038284301758,1.2127339839935303,-11.722978591918945,-0.006489674095064402,0.0,4005
4,23.288063049316406,1.3230443000793457,-11.755228042602539,-0.006510893348604441,0.0,4005
5,23.284549713134766,1.2987077236175537,-11.745750427246094,-0.006506999488919973,0.0,4005
6,23.269330978393555,1.1851072311401367,-11.713420867919922,-0.006482362747192383,0.0,4004
7,23.276355743408203,1.1960148811340332,-11.719563484191895,-0.006482283119112253,0.0,4004
8,23.288063049316406,1.3127446174621582,-11.752716064453125,-0.006505409721285105,0.0,4004
9,23.279869079589844,1.3164818286895752,-11.749685287475586,-0.006508509162813425,0.0,4005
10,23.272844314575195,1.2018084526062012,-11.715995788574219,-0.006486495491117239,0.0,4005
11,23.27401351928711,1.1841237545013428,-11.713260650634766,-0.0064809322357177734,0.0,4005
12,23.279869079589844,1.2967944145202637,-11.746573448181152,-0.006504138465970755,0.0,4005
13,23.281038284301758,1.3275504112243652,-11.753100395202637,-0.0065129599533975124,0.0,4004
14,23.276355743408203,1.2196719646453857,-11.720090866088867,-0.0064922175370156765,0.0,4004
15,23.276355743408203,1.1736631393432617,-11.710461616516113,-0.006481647491455078,0.0,4004
16,23.281038284301758,1.2771248817443848,-11.742478370666504,-0.006501039024442434,0.0,4004
17,23.285722732543945,1.3342738151550293,-11.756131172180176,-0.0065159001387655735,0.0,4004
18,23.277524948120117,1.2388229370117188,-11.726009368896484,-0.006498416420072317,0.0,4005
19,23.275182723999023,1.1689245700836182,-11.708709716796875,-0.006484349723905325,0.0,4005
20,23.288063049316406,1.2572765350341797,-11.736255645751953,-0.006502548698335886,0.0,4005
21,23.284549713134766,1.3366341590881348,-11.757954597473145,-0.006522099021822214,0.0,4005
22,23.269330978393555,1.2578129768371582,-11.73245620727539,-0.006509462837129831,0.0,4005
23,23.27050018310547,1.1703908443450928,-11.709844589233398,-0.0064890384674072266,0.0,4004
24,23.27050018310547,1.2383580207824707,-11.733001708984375,-0.0065000057220458984,0.0,4004
25,23.275182723999023,1.3361692428588867,-11.759403228759766,-0.006522099021822214,0.0,4004
26,23.265817642211914,1.2796998023986816,-11.741262435913086,-0.006512483116239309,0.0,4005
27,23.27050018310547,1.1768639087677002,-11.711213111877441,-0.006489674095064402,0.0,4005
28,23.284549713134766,1.2208878993988037,-11.726009368896484,-0.006495396140962839,0.0,4005
29,23.28338050842285,1.3274788856506348,-11.757204055786133,-0.0065159001387655735,0.0,4005
30,23.264646530151367,1.2965798377990723,-11.745518684387207,-0.006513118743896484,0.0,4004
31,23.264646530151367,1.1851787567138672,-11.712876319885254,-0.006491740699857473,0.0,4004
32,23.265817642211914,1.2012898921966553,-11.721002578735352,-0.00649396562948823,0.0,4004
33,23.277524948120117,1.3156414031982422,-11.755084991455078,-0.006517728324979544,0.0,4004
34,23.27401351928711,1.3128161430358887,-11.751357078552246,-0.006519874092191458,0.0,4004
35,23.27050018310547,1.1995911598205566,-11.718043327331543,-0.006496270652860403,0.0,4005
36,23.276355743408203,1.1892914772033691,-11.7175874710083,-0.006491184234619141,0.0,4005
37,23.262306213378906,1.3017654418945312,-11.75249195098877,-0.006512800697237253,0.0,4005
38,23.261133193969727,1.3253331184387207,-11.75674819946289,-0.006519874092191458,0.0,4005
39,23.258790969848633,1.2166142463684082,-11.723121643066406,-0.006496985908597708,0.0,4005
40,23.275182723999023,1.1777758598327637,-11.714020729064941,-0.0064884028397500515,0.0,4005
41,23.27401351928711,1.2847423553466797,-11.746573448181152,-0.006508827209472656,0.0,4004
42,23.265817642211914,1.3373136520385742,-11.760457992553711,-0.006522099021822214,0.0,4004
43,23.275182723999023,1.2376785278320312,-11.729272842407227,-0.006503979209810495,0.0,4004
44,23.269330978393555,1.1725187301635742,-11.711973190307617,-0.006488641258329153,0.0,4004
45,23.27050018310547,1.2640714645385742,-11.741950988769531,-0.006505568977445364,0.0,4005
46,23.265817642211914,1.3384580612182617,-11.760690689086914,-0.006519635673612356,0.0,4005
47,23.264646530151367,1.2549877166748047,-11.735576629638672,-0.00650334358215332,0.0,4005
48,23.25644874572754,1.1709094047546387,-11.71387767791748,-0.006485144142061472,0.0,4005
49,23.25293731689453,1.2425601482391357,-11.737462997436523,-0.006498734001070261,0.0,4005
50,23.25762176513672,1.3366341590881348,-11.761299133300781,-0.0065180459059774876,0.0,4004
51,23.258790969848633,1.2769639492034912,-11.740583419799805,-0.006507317069917917,0.0,4004
52,23.251768112182617,1.1768639087677002,-11.712348937988281,-0.006485859397798777,0.0,4004
53,23.26347541809082,1.2261450290679932,-11.729129791259766,-0.006493568420410156,0.0,4004
54,23.272844314575195,1.3333439826965332,-11.760843276977539,-0.0065134367905557156,0.0,4005
55,23.26698875427246,1.2988686561584473,-11.747029304504395,-0.006506919860839844,0.0,4005
56,23.254108428955078,1.1866450309753418,-11.714789390563965,-0.0064837136305868626,0.0,4005
57,23.25762176513672,1.2089073657989502,-11.722665786743164,-0.0064832367934286594,0.0,4005
58,23.26698875427246,1.3231873512268066,-11.7568998336792,-0.00650652265176177,0.0,4005
59,23.261133193969727,1.3156414031982422,-11.751508712768555,-0.006506919860839844,0.0,4005
60,23.25293731689453,1.2011289596557617,-11.716452598571777,-0.006483952049165964,0.0,4005
61,23.258790969848633,1.1951029300689697,-11.718794822692871,-0.0064815678633749485,0.0,4005
62,23.269330978393555,1.3110637664794922,-11.75226879119873,-0.006506204605102539,0.0,4005
63,23.272844314575195,1.3288378715515137,-11.754244804382324,-0.006513675209134817,0.0,4005
0,23.25996208190918,1.2157022953033447,-11.72054672241211,-0.006492932792752981,0.0,4004
1,23.251768112182617,1.1824250221252441,-11.712652206420898,-0.006483475212007761,0.0,4004
2,23.262306213378906,1.2908577919006348,-11.745134353637695,-0.006505012512207031,0.0,4004
3,23.271671295166016,1.3373136520385742,-11.757275581359863,-0.006516138557344675,0.0,4004
4,23.254108428955078,1.2373566627502441,-11.725786209106445,-0.006497462745755911,0.0,4004
5,23.25293731689453,1.1778473854064941,-11.711374282836914,-0.006484508514404297,0.0,4004
6,23.25762176513672,1.2709379196166992,-11.741110801696777,-0.006500402931123972,0.0,4004
7,23.255279541015625,1.3414978981018066,-11.758044242858887,-0.006516456604003906,0.0,4005
8,23.25762176513672,1.2552201747894287,-11.730864524841309,-0.006501197814941406,0.0,4004
9,23.25059700012207,1.1745750904083252,-11.710604667663574,-0.006482283119112253,0.0,4005
10,23.254108428955078,1.2509465217590332,-11.735272407531738,-0.006496985908597708,0.0,4004
11,23.26347541809082,1.3397634029388428,-11.759403228759766,-0.006517330650240183,0.0,4004
12,23.25996208190918,1.2743711471557617,-11.738008499145508,-0.0065058073960244656,0.0,4004
13,23.27050018310547,1.1774897575378418,-11.7107572555542,-0.0064862570725381374,0.0,4004
14,23.258790969848633,1.2301325798034668,-11.729728698730469,-0.0064966678619384766,0.0,4004
15,23.251768112182617,1.3357758522033691,-11.759930610656738,-0.0065195560455322266,0.0,4005
16,23.25293731689453,1.2953639030456543,-11.745518684387207,-0.006514628883451223,0.0,4004
17,23.248254776000977,1.1855006217956543,-11.714628219604492,-0.006494840141385794,0.0,4004
18,23.248254776000977,1.2129664421081543,-11.725401878356934,-0.0065006413497030735,0.0,4004
19,23.258790969848633,1.3257086277008057,-11.757811546325684,-0.006523927208036184,0.0,4005
20,23.248254776000977,1.3100087642669678,-11.750444412231445,-0.006524642463773489,0.0,4004
21,23.24474334716797,1.1973023414611816,-11.715692520141602,-0.006501754280179739,0.0,4004
22,23.25059700012207,1.1967122554779053,-11.717748641967773,-0.00650032376870513,0.0,4005
23,23.25762176513672,1.3105988502502441,-11.753028869628906,-0.00652321195229888,0.0,4005
24,23.26347541809082,1.3243317604064941,-11.754173278808594,-0.006528774742037058,0.0,4005
25,23.255279541015625,1.2104451656341553,-11.719411849975586,-0.006507078651338816,0.0,4004
26,23.27050018310547,1.1828184127807617,-11.71424388885498,-0.006501118186861277,0.0,4004
27,23.27401351928711,1.2932896614074707,-11.746957778930664,-0.006522814277559519,0.0,4004
28,23.264646530151367,1.3353288173675537,-11.755228042602539,-0.006533622741699219,0.0,4005
29,23.247085571289062,1.2316346168518066,-11.725330352783203,-0.006514469627290964,0.0,4005
30,23.255279541015625,1.1770963668823242,-11.71310806274414,-0.006501277443021536,0.0,4005
31,23.265817642211914,1.2755155563354492,-11.74301528930664,-0.0065180459059774876,0.0,4005
32,23.251768112182617,1.3417303562164307,-11.760843276977539,-0.006531397346407175,0.0,4005
33,23.25293731689453,1.2526273727416992,-11.732769012451172,-0.006514708045870066,0.0,4004
34,23.254108428955078,1.1757910251617432,-11.711668968200684,-0.006497224327176809,0.0,4004
35,23.255279541015625,1.2553095817565918,-11.738303184509277,-0.006513277534395456,0.0,4004
36,23.25762176513672,1.3418912887573242,-11.761978149414062,-0.006532351020723581,0.0,4004
37,23.261133193969727,1.2720823287963867,-11.739831924438477,-0.006518284324556589,0.0,4004
38,23.25293731689453,1.1780083179473877,-11.712876319885254,-0.006498098373413086,0.0,4004
39,23.255279541015625,1.2343168258666992,-11.733144760131836,-0.00650922441855073,0.0,4004
40,23.26698875427246,1.3354182243347168,-11.763649940490723,-0.0065294899977743626,0.0,4004
41,23.269330978393555,1.2889444828033447,-11.747797966003418,-0.006520430091768503,0.0,4004
42,23.271671295166016,1.1812806129455566,-11.714932441711426,-0.006497383117675781,0.0,4004
43,23.275182723999023,1.2149333953857422,-11.72783374786377,-0.006499687675386667,0.0,4005
44,23.281038284301758,1.3274073600769043,-11.760457992553711,-0.0065205893479287624,0.0,4004
45,23.265817642211914,1.3075590133666992,-11.751285552978516,-0.006518205162137747,0.0,4005
46,23.264646530151367,1.1939585208892822,-11.718114852905273,-0.006494840141385794,0.0,4005
47,23.268157958984375,1.1990725994110107,-11.72168254852295,-0.0064930119551718235,0.0,4005
48,23.258790969848633,1.3129770755767822,-11.756131172180176,-0.006513913627713919,0.0,4005
49,23.25059700012207,1.3229727745056152,-11.75576400756836,-0.00651685381308198,0.0,4005
50,23.237716674804688,1.2097477912902832,-11.721163749694824,-0.006492137908935547,0.0,4004
51,23.258790969848633,1.1853396892547607,-11.717203140258789,-0.006484508514404297,0.0,4004
52,23.26698875427246,1.2956500053405762,-11.750981330871582,-0.006508032325655222,0.0,4004
53,23.26698875427246,1.3328075408935547,-11.758115768432617,-0.006517489906400442,0.0,4004
54,23.25644874572754,1.2269854545593262,-11.725553512573242,-0.006497303489595652,0.0,4004
55,23.26347541809082,1.1780798435211182,-11.711517333984375,-0.0064852237701416016,0.0,4005
56,23.268157958984375,1.2773394584655762,-11.74483871459961,-0.006502866744995117,0.0,4005
57,23.264646530151367,1.3374745845794678,-11.76038646697998,-0.006517648696899414,0.0,4005
58,23.268157958984375,1.2469053268432617,-11.731544494628906,-0.006501039024442434,0.0,4004
59,23.268157958984375,1.1752009391784668,-11.712876319885254,-0.006485780235379934,0.0,4004
60,23.264646530151367,1.2581169605255127,-11.740287780761719,-0.006501197814941406,0.0,4004
61,23.25644874572754,1.3409078121185303,-11.763578414916992,-0.006519635673612356,0.0,4004
62,23.25293731689453,1.2680411338806152,-11.738080024719238,-0.006506761070340872,0.0,4004
63,23.25762176513672,1.1752724647521973,-11.711973190307617,-0.006485700607299805,0.0,4005
0,23.255279541015625,1.2412548065185547,-11.733144760131836,-0.00649714469909668,0.0,4005
1,23.25293731689453,1.3409078121185303,-11.761826515197754,-0.006519237998872995,0.0,4005
2,23.24942398071289,1.2888550758361816,-11.743998527526855,-0.0065104165114462376,0.0,4005
3,23.27050018310547,1.1824250221252441,-11.711740493774414,-0.006488958839327097,0.0,4005
4,23.269330978393555,1.2186884880065918,-11.725401878356934,-0.006495316978543997,0.0,4004
5,23.27050018310547,1.3293027877807617,-11.759323120117188,-0.006518284324556589,0.0,4004
6,23.254108428955078,1.3062536716461182,-11.750212669372559,-0.0065157413482666016,0.0,4004
7,23.258790969848633,1.1959433555603027,-11.716452598571777,-0.006492455955594778,0.0,4004
8,23.26698875427246,1.2031137943267822,-11.723962783813477,-0.006491025444120169,0.0,4004
9,23.27050018310547,1.3173222541809082,-11.758268356323242,-0.00651415204629302,0.0,4005
10,23.264646530151367,1.3203084468841553,-11.756131172180176,-0.006518125534057617,0.0,4005
11,23.258790969848633,1.2080669403076172,-11.722522735595703,-0.006496429443359375,0.0,4005
12,23.268157958984375,1.1897563934326172,-11.719939231872559,-0.006490389350801706,0.0,4005
13,23.265817642211914,1.3012290000915527,-11.754772186279297,-0.006513913627713919,0.0,4005
14,23.26347541809082,1.3329684734344482,-11.75857162475586,-0.006521622184664011,0.0,4004
15,23.25293731689453,1.2252330780029297,-11.724713325500488,-0.006501674652099609,0.0,4004
16,23.24357032775879,1.1819064617156982,-11.715155601501465,-0.006491104606539011,0.0,4004
17,23.25644874572754,1.2841343879699707,-11.748477935791016,-0.006511131767183542,0.0,4004
18,23.269330978393555,1.3401389122009277,-11.762139320373535,-0.006524006370455027,0.0,4004
19,23.264646530151367,1.2450098991394043,-11.730185508728027,-0.0065053305588662624,0.0,4005
20,23.25644874572754,1.1778473854064941,-11.712285995483398,-0.0064894356764853,0.0,4005
21,23.269330978393555,1.2667536735534668,-11.740199089050293,-0.006505409721285105,0.0,4005
22,23.26698875427246,1.3435006141662598,-11.763418197631836,-0.0065244040451943874,0.0,4005
23,23.255279541015625,1.2661278247833252,-11.736559867858887,-0.00651232386007905,0.0,4005
24,23.262306213378906,1.1764168739318848,-11.710372924804688,-0.006493648048490286,0.0,4005
25,23.269330978393555,1.2415766716003418,-11.733073234558105,-0.00650477409362793,0.0,4004
26,23.26347541809082,1.3386189937591553,-11.759930610656738,-0.006526072975248098,0.0,4004
27,23.255279541015625,1.2833654880523682,-11.740056037902832,-0.006516536232084036,0.0,4004
28,23.254108428955078,1.1805295944213867,-11.710604667663574,-0.006495078559964895,0.0,4005
29,23.25644874572754,1.2234091758728027,-11.726850509643555,-0.006501754280179739,0.0,4004
30,23.27050018310547,1.3337194919586182,-11.758115768432617,-0.0065235295332968235,0.0,4004
31,23.25762176513672,1.3032138347625732,-11.74611759185791,-0.006518840789794922,0.0,4004
32,23.238887786865234,1.1918127536773682,-11.71417236328125,-0.0064966678619384766,0.0,4005
33,23.241230010986328,1.2068510055541992,-11.72168254852295,-0.006498018745332956,0.0,4004
34,23.25996208190918,1.3193070888519287,-11.757811546325684,-0.006518840789794922,0.0,4004
35,23.265817642211914,1.3161063194274902,-11.753860473632812,-0.006519476417452097,0.0,4004
36,23.258790969848633,1.2018084526062012,-11.718794822692871,-0.006498813629150391,0.0,4005
37,23.25644874572754,1.1924386024475098,-11.716148376464844,-0.006494283676147461,0.0,4005
38,23.258790969848633,1.3063430786132812,-11.750212669372559,-0.006517728324979544,0.0,4005
39,23.25762176513672,1.3325750827789307,-11.754772186279297,-0.006526072975248098,0.0,4004
40,23.258790969848633,1.2217998504638672,-11.723121643066406,-0.006507396697998047,0.0,4004
41,23.251768112182617,1.1829793453216553,-11.71537971496582,-0.00650032376870513,0.0,4004
42,23.25293731689453,1.2892484664916992,-11.748620986938477,-0.006522417068481445,0.0,4004
43,23.25762176513672,1.3410508632659912,-11.761075019836426,-0.006534576416015625,0.0,4005
44,23.245912551879883,1.2423992156982422,-11.72904109954834,-0.006512006279081106,0.0,4005
45,23.255279541015625,1.1793851852416992,-11.712053298950195,-0.006495316978543997,0.0,4004
46,23.277524948120117,1.2711703777313232,-11.742478370666504,-0.006510496139526367,0.0,4004
47,23.264646530151367,1.3473093509674072,-11.762362480163574,-0.00652313232421875,0.0,4004
48,23.248254776000977,1.2645363807678223,-11.7350492477417,-0.0065046944655478,0.0,4004
49,23.25059700012207,1.1796176433563232,-11.711668968200684,-0.0064847469329833984,0.0,4004
50,23.251768112182617,1.2498021125793457,-11.735960960388184,-0.006498018745332956,0.0,4004
51,23.251768112182617,1.3430356979370117,-11.762505531311035,-0.006516933441162109,0.0,4005
52,23.255279541015625,1.2826144695281982,-11.740056037902832,-0.006505727767944336,0.0,4005
53,23.24942398071289,1.1812806129455566,-11.711141586303711,-0.006485541816800833,0.0,4005
54,23.24942398071289,1.2296676635742188,-11.729728698730469,-0.006492137908935547,0.0,4005
55,23.24942398071289,1.3348639011383057,-11.760690689086914,-0.006513675209134817,0.0,4004
56,23.251768112182617,1.2997806072235107,-11.747110366821289,-0.006509542465209961,0.0,4004
57,23.237716674804688,1.1880040168762207,-11.714789390563965,-0.0064870514906942844,0.0,4004
58,23.245912551879883,1.2089073657989502,-11.724578857421875,-0.006490310188382864,0.0,4004
59,23.26347541809082,1.3232767581939697,-11.75697135925293,-0.00651415204629302,0.0,4004
60,23.24942398071289,1.3171076774597168,-11.753556251525879,-0.006514867302030325,0.0,4006
61,23.241230010986328,1.2022733688354492,-11.718114852905273,-0.0064938864670693874,0.0,4005
62,23.251768112182617,1.1943340301513672,-11.719411849975586,-0.0064913430251181126,0.0,4006
63,23.26347541809082,1.3077914714813232,-11.75340461730957,-0.006514628883451223,0.0,4005
0,23.258790969848633,1.3292312622070312,-11.756131172180176,-0.006522575858980417,0.0,4006
1,23.25293731689453,1.2179017066955566,-11.722299575805664,-0.006501754280179739,0.0,4005
2,23.25293731689453,1.1844277381896973,-11.715245246887207,-0.006494045257568359,0.0,4006
3,23.251768112182617,1.2913763523101807,-11.748254776000977,-0.006514867302030325,0.0,4005
4,23.25293731689453,1.3369202613830566,-11.758411407470703,-0.006526072975248098,0.0,4006
5,23.251768112182617,1.2368381023406982,-11.726170539855957,-0.0065058073960244656,0.0,4005
6,23.25059700012207,1.1783123016357422,-11.712419509887695,-0.006491899490356445,0.0,4004
7,23.271671295166016,1.2717783451080322,-11.743158340454102,-0.0065091452561318874,0.0,4005
8,23.26698875427246,1.3435006141662598,-11.761370658874512,-0.006524801254272461,0.0,4005
9,23.25293731689453,1.2591898441314697,-11.732769012451172,-0.006507714744657278,0.0,4005
10,23.24942398071289,1.1767923831939697,-11.71082878112793,-0.006488720420747995,0.0,4005
11,23.26347541809082,1.2519478797912598,-11.735799789428711,-0.006502548698335886,0.0,4005
12,23.262306213378906,1.3417303562164307,-11.760690689086914,-0.006523291114717722,0.0,4005
13,23.261133193969727,1.2759089469909668,-11.738151550292969,-0.00651232386007905,0.0,4005
14,23.251768112182617,1.1779367923736572,-11.711374282836914,-0.006490787025541067,0.0,4005
15,23.24942398071289,1.2306511402130127,-11.73095417022705,-0.006499210838228464,0.0,4006
16,23.25293731689453,1.3370811939239502,-11.761075019836426,-0.0065210661850869656,0.0,4005
17,23.26698875427246,1.2976527214050293,-11.74611759185791,-0.0065157413482666016,0.0,4005
18,23.261133193969727,1.1877894401550293,-11.715012550354004,-0.006491819862276316,0.0,4005
19,23.264646530151367,1.2157022953033447,-11.725401878356934,-0.006494204048067331,0.0,4005
20,23.26698875427246,1.3293027877807617,-11.758411407470703,-0.006516138557344675,0.0,4005
21,23.245912551879883,1.3148903846740723,-11.750757217407227,-0.006513992790132761,0.0,4006
22,23.247085571289062,1.1995911598205566,-11.717658996582031,-0.0064922175370156765,0.0,4005
23,23.26347541809082,1.1980891227722168,-11.721002578735352,-0.006491899490356445,0.0,4006
24,23.265817642211914,1.3126015663146973,-11.755308151245117,-0.00651685381308198,0.0,4005
25,23.25293731689453,1.3270139694213867,-11.756819725036621,-0.006521701812744141,0.0,4005
26,23.255279541015625,1.2138783931732178,-11.721235275268555,-0.0064998469315469265,0.0,4005
27,23.271671295166016,1.1860907077789307,-11.716524124145508,-0.006494204048067331,0.0,4006
28,23.275182723999023,1.2974917888641357,-11.750212669372559,-0.006516218185424805,0.0,4005
29,23.255279541015625,1.3384580612182617,-11.7597074508667,-0.0065251984633505344,0.0,4005
30,23.251768112182617,1.2343168258666992,-11.726313591003418,-0.006505171302706003,0.0,4005
31,23.25762176513672,1.1804580688476562,-11.71310806274414,-0.006492296699434519,0.0,4005
32,23.255279541015625,1.2796282768249512,-11.744606018066406,-0.006511131767183542,0.0,4005
33,23.24942398071289,1.3441801071166992,-11.762049674987793,-0.006526152137666941,0.0,4005
34,23.247085571289062,1.2535393238067627,-11.733529090881348,-0.0065099396742880344,0.0,4005
35,23.254108428955078,1.1770248413085938,-11.71310806274414,-0.006493727210909128,0.0,4005
36,23.258790969848633,1.2571334838867188,-11.73846435546875,-0.006507158279418945,0.0,4005
37,23.254108428955078,1.3426423072814941,-11.761075019836426,-0.006527026649564505,0.0,4005
38,23.24942398071289,1.2725472450256348,-11.736639976501465,-0.006516695022583008,0.0,4005
39,23.245912551879883,1.1764168739318848,-11.710301399230957,-0.006496111396700144,0.0,4005
40,23.255279541015625,1.2351572513580322,-11.730337142944336,-0.006505648139864206,0.0,4005
41,23.24942398071289,1.3384580612182617,-11.759474754333496,-0.006528933998197317,0.0,4005
42,23.248254776000977,1.2920022010803223,-11.743158340454102,-0.00652321195229888,0.0,4005
43,23.248254776000977,1.1835694313049316,-11.711901664733887,-0.006501118186861277,0.0,4005
44,23.237716674804688,1.2170791625976562,-11.724713325500488,-0.006505727767944336,0.0,4005
45,23.264646530151367,1.3291418552398682,-11.757731437683105,-0.0065294899977743626,0.0,4005
46,23.24942398071289,1.3103127479553223,-11.7493896484375,-0.006528059486299753,0.0,4005
47,23.238887786865234,1.1956393718719482,-11.716291427612305,-0.006505012512207031,0.0,4005
48,23.247085571289062,1.2000560760498047,-11.720779418945312,-0.006503979209810495,0.0,4005
49,23.241230010986328,1.3158023357391357,-11.754923820495605,-0.006527265068143606,0.0,4005
50,23.24474334716797,1.3229012489318848,-11.754012107849121,-0.006533145904541016,0.0,4005
51,23.247085571289062,1.2092113494873047,-11.719107627868652,-0.006513675209134817,0.0,4005
52,23.245912551879883,1.1866450309753418,-11.715692520141602,-0.006506363395601511,0.0,4005
53,23.23654556274414,1.2973308563232422,-11.749685287475586,-0.006526072975248098,0.0,4005
54,23.241230010986328,1.3331294059753418,-11.757275581359863,-0.0065358481369912624,0.0,4005
55,23.24357032775879,1.2268424034118652,-11.723506927490234,-0.00651542330160737,0.0,4005
56,23.245912551879883,1.1780798435211182,-11.711445808410645,-0.0065019926987588406,0.0,4005
57,23.25293731689453,1.2782692909240723,-11.743694305419922,-0.006520191673189402,0.0,4005
58,23.25644874572754,1.3386905193328857,-11.75857162475586,-0.0065348148345947266,0.0,4006
59,23.237716674804688,1.2454569339752197,-11.7275390625,-0.00651685381308198,0.0,4005
60,23.23420524597168,1.1742711067199707,-11.707958221435547,-0.0065000057220458984,0.0,4005
61,23.25644874572754,1.2588858604431152,-11.735871315002441,-0.0065151057206094265,0.0,4005
62,23.25059700012207,1.3409078121185303,-11.759090423583984,-0.006533225532621145,0.0,4006
63,23.237716674804688,1.2645363807678223,-11.735648155212402,-0.006520271301269531,0.0,4005
0,23.23420524597168,1.1729836463928223,-11.70962142944336,-0.006499370094388723,0.0,4006
1,23.24942398071289,1.2385904788970947,-11.73095417022705,-0.006508827209472656,0.0,4005
2,23.254108428955078,1.3390660285949707,-11.758338928222656,-0.006530126091092825,0.0,4005
3,23.241230010986328,1.2856543064117432,-11.740967750549316,-0.0065205893479287624,0.0,4005
4,23.237716674804688,1.1809945106506348,-11.710604667663574,-0.006498654838651419,0.0,4006
5,23.237716674804688,1.2214958667755127,-11.72449016571045,-0.006504376884549856,0.0,4005
6,23.23420524597168,1.3300538063049316,-11.7568998336792,-0.0065256753005087376,0.0,4006
7,23.23654556274414,1.3041257858276367,-11.746278762817383,-0.0065235295332968235,0.0,4006
8,23.230690002441406,1.1920452117919922,-11.71410083770752,-0.00650032376870513,0.0,4005
9,23.242399215698242,1.2050271034240723,-11.721619606018066,-0.0065000057220458984,0.0,4005
10,23.25762176513672,1.3193070888519287,-11.756220817565918,-0.0065235295332968235,0.0,4005
11,23.24942398071289,1.3209879398345947,-11.751580238342285,-0.006526390556246042,0.0,4005
12,23.237716674804688,1.2061715126037598,-11.717971801757812,-0.006503979209810495,0.0,4005
13,23.25059700012207,1.1900782585144043,-11.715468406677246,-0.006499767303466797,0.0,4005
14,23.245912551879883,1.3029098510742188,-11.75059700012207,-0.006521701812744141,0.0,4005
15,23.245912551879883,1.3325750827789307,-11.755156517028809,-0.00653084134683013,0.0,4005
16,23.24942398071289,1.2231767177581787,-11.72153091430664,-0.006511370185762644,0.0,4005
17,23.245912551879883,1.1794567108154297,-11.711141586303711,-0.00650334358215332,0.0,4005
18,23.25059700012207,1.2817025184631348,-11.743158340454102,-0.006524960044771433,0.0,4005
19,23.248254776000977,1.3373851776123047,-11.757355690002441,-0.006538549903780222,0.0,4005
20,23.241230010986328,1.2401103973388672,-11.727226257324219,-0.006519874092191458,0.0,4005
21,23.229520797729492,1.1749684810638428,-11.710372924804688,-0.0065044560469686985,0.0,4005
22,23.248254776000977,1.2633204460144043,-11.739519119262695,-0.006520509719848633,0.0,4005
23,23.254108428955078,1.3389945030212402,-11.760690689086914,-0.006539026740938425,0.0,4005
24,23.248254776000977,1.2599587440490723,-11.73459243774414,-0.006523847579956055,0.0,4005
25,23.25059700012207,1.1730551719665527,-11.70855712890625,-0.006504376884549856,0.0,4005
26,23.247085571289062,1.2427210807800293,-11.73132038116455,-0.006516456604003906,0.0,4005
27,23.247085571289062,1.3373136520385742,-11.758187294006348,-0.006538709159940481,0.0,4005
28,23.24005699157715,1.2794137001037598,-11.737695693969727,-0.00652941083535552,0.0,4004
29,23.247085571289062,1.1780798435211182,-11.709004402160645,-0.006508032325655222,0.0,4004
30,23.247085571289062,1.2239456176757812,-11.725625038146973,-0.006516059394925833,0.0,4004
31,23.24474334716797,1.3314306735992432,-11.757954597473145,-0.006536880973726511,0.0,4004
32,23.248254776000977,1.2994766235351562,-11.746573448181152,-0.006532351020723581,0.0,4004
33,23.24005699157715,1.1881470680236816,-11.71310806274414,-0.006508350372314453,0.0,4004
34,23.255279541015625,1.2059390544891357,-11.722522735595703,-0.0065099396742880344,0.0,4004
35,23.25996208190918,1.3219714164733887,-11.75561237335205,-0.006533543113619089,0.0,4004
36,23.248254776000977,1.3151764869689941,-11.751964569091797,-0.0065363249741494656,0.0,4004
37,23.24357032775879,1.1998236179351807,-11.716604232788086,-0.006513357162475586,0.0,4004
38,23.248254776000977,1.1912226676940918,-11.715925216674805,-0.006510337349027395,0.0,4005
39,23.25293731689453,1.3044297695159912,-11.749532699584961,-0.006532589439302683,0.0,4005
40,23.255279541015625,1.3274073600769043,-11.752581596374512,-0.006540536880493164,0.0,4005
41,23.24005699157715,1.2173116207122803,-11.717435836791992,-0.006520271301269531,0.0,4005
42,23.251768112182617,1.1809945106506348,-11.70962142944336,-0.006511131767183542,0.0,4006
43,23.245912551879883,1.2846708297729492,-11.743765830993652,-0.006529251579195261,0.0,4005
44,23.241230010986328,1.3336479663848877,-11.757132530212402,-0.006541093345731497,0.0,4006
45,23.237716674804688,1.2350678443908691,-11.724266052246094,-0.006522496696561575,0.0,4005
46,23.25762176513672,1.1728227138519287,-11.708638191223145,-0.006508985999971628,0.0,4005
47,23.25293731689453,1.2648224830627441,-11.739286422729492,-0.006526470184326172,0.0,4005
48,23.24942398071289,1.3382971286773682,-11.758338928222656,-0.006543715950101614,0.0,4005
49,23.242399215698242,1.2556672096252441,-11.730721473693848,-0.006529728416353464,0.0,4005
50,23.24005699157715,1.1729121208190918,-11.709094047546387,-0.006510734558105469,0.0,4005
51,23.24357032775879,1.2469053268432617,-11.733457565307617,-0.006523609161376953,0.0,4005
52,23.24942398071289,1.3397634029388428,-11.758795738220215,-0.006544828414916992,0.0,4005
53,23.242399215698242,1.2771248817443848,-11.735799789428711,-0.006534019950777292,0.0,4005
54,23.242399215698242,1.1770248413085938,-11.706134796142578,-0.006510178092867136,0.0,4005
55,23.248254776000977,1.2275218963623047,-11.725625038146973,-0.0065189204178750515,0.0,4005
56,23.245912551879883,1.3323426246643066,-11.754012107849121,-0.006542285438627005,0.0,4005
57,23.24005699157715,1.2947380542755127,-11.734208106994629,-0.006536006927490234,0.0,4005
58,23.23185920715332,1.1825144290924072,-11.68951416015625,-0.006510893348604441,0.0,4005
59,23.23420524597168,1.2047231197357178,-11.690881729125977,-0.006522099021822214,0.0,4005
60,23.24005699157715,1.3199150562286377,-11.73875904083252,-0.006546894554048777,0.0,4005
61,23.24005699157715,1.3172507286071777,-11.761299133300781,-0.006527026649564505,0.0,4005
62,23.237716674804688,1.1989116668701172,-11.718794822692871,-0.006506363395601511,0.0,4005
63,23.24474334716797,1.1938691139221191,-11.713332176208496,-0.006504217628389597,0.0,4005
0,23.261133193969727,1.3077914714813232,-11.753860473632812,-0.006526788230985403,0.0,4005
1,23.255279541015625,1.3268530368804932,-11.764642715454102,-0.006527423858642578,0.0,4005
2,23.24005699157715,1.2152552604675293,-11.724946022033691,-0.006509542465209961,0.0,4006
3,23.24474334716797,1.1855721473693848,-11.709094047546387,-0.006504138465970755,0.0,4005
4,23.255279541015625,1.2890160083770752,-11.751580238342285,-0.006513992790132761,0.0,4006
5,23.258790969848633,1.3315916061401367,-11.758044242858887,-0.006525119300931692,0.0,4005
6,23.245912551879883,1.2287557125091553,-11.72175407409668,-0.006500959396362305,0.0,4006
7,23.25293731689453,1.1717677116394043,-11.703085899353027,-0.006496111396700144,0.0,4005
8,23.272844314575195,1.2693285942077637,-11.735871315002441,-0.0065172514878213406,0.0,4006
9,23.261133193969727,1.3368487358093262,-11.758187294006348,-0.0065294899977743626,0.0,4005
10,23.27050018310547,1.2510895729064941,-11.733001708984375,-0.006515661720186472,0.0,4005
11,23.299772262573242,1.1730551719665527,-11.725553512573242,-0.006491104606539011,0.0,4005
12,23.298601150512695,1.2454569339752197,-11.75052547454834,-0.0065190792083740234,0.0,4006
13,23.29743194580078,1.3276934623718262,-11.749005317687988,-0.00655229901894927,0.0,4005
14,23.298601150512695,1.2632310390472412,-11.701271057128906,-0.0065540471114218235,0.0,4005
15,23.317337036132812,1.1590182781219482,-11.693617820739746,-0.006547053810209036,0.0,4005
16,23.33724021911621,1.2083888053894043,-11.704910278320312,-0.00657025957480073,0.0,4005
17,23.33372688293457,1.3198435306549072,-11.77518367767334,-0.0066066584549844265,0.0,4006
18,23.323190689086914,1.2819886207580566,-11.817303657531738,-0.0066014924086630344,0.0,4005
19,23.323190689086914,1.1700689792633057,-11.757659912109375,-0.006581306457519531,0.0,4005
20,23.339582443237305,1.1962473392486572,-11.756819725036621,-0.006585756782442331,0.0,4005
21,23.347780227661133,1.3029813766479492,-11.78702163696289,-0.0066030025482177734,0.0,4005
22,23.350122451782227,1.2889444828033447,-11.777078628540039,-0.006592432502657175,0.0,4005
23,23.34661102294922,1.1728227138519287,-11.742022514343262,-0.006559451576322317,0.0,4005
24,23.35948944091797,1.1706233024597168,-11.74946117401123,-0.00654594087973237,0.0,4005
25,23.373538970947266,1.2813091278076172,-11.760690689086914,-0.0065729618072509766,0.0,4005
26,23.370025634765625,1.2890875339508057,-11.728289604187012,-0.006582657340914011,0.0,4005
27,23.368852615356445,1.1720538139343262,-11.702719688415527,-0.006542762275785208,0.0,4005
28,23.371196746826172,1.1508464813232422,-11.741718292236328,-0.0065447487868368626,0.0,4005
29,23.393442153930664,1.2539327144622803,-11.741333961486816,-0.006602128501981497,0.0,4005
30,23.391101837158203,1.2807011604309082,-11.726009368896484,-0.0066680908203125,0.0,4005
31,23.39227294921875,1.1601626873016357,-11.699760437011719,-0.006725470069795847,0.0,4005
32,23.3992977142334,1.1027097702026367,-11.710533142089844,-0.006773789878934622,0.0,4005
33,23.413349151611328,1.1972308158874512,-11.737239837646484,-0.0068248906172811985,0.0,4005
34,23.421545028686523,1.2465119361877441,-11.7350492477417,-0.006857633590698242,0.0,4005
35,23.426227569580078,1.1414587497711182,-11.698534965515137,-0.006858507636934519,0.0,4005
36,23.44613265991211,1.0464727878570557,-11.648538589477539,-0.006860812660306692,0.0,4005
37,23.46018409729004,1.1015653610229492,-11.656576156616211,-0.0068743228912353516,0.0,4005
38,23.474233627319336,1.1930465698242188,-11.702495574951172,-0.006865501403808594,0.0,4005
39,23.50116539001465,1.1536002159118652,-11.71417236328125,-0.006826639175415039,0.0,4005
40,23.515216827392578,1.0521233081817627,-11.696871757507324,-0.00678253173828125,0.0,4005
41,23.532777786254883,1.1167466640472412,-11.704686164855957,-0.006750345230102539,0.0,4005
42,23.551513671875,1.2241780757904053,-11.712652206420898,-0.006724754814058542,0.0,4005
43,23.570247650146484,1.1693179607391357,-11.680778503417969,-0.00667707109823823,0.0,4005
44,23.600690841674805,1.0638713836669922,-11.657560348510742,-0.006663481239229441,0.0,4005
45,23.61825180053711,1.0937154293060303,-11.734664916992188,-0.006655216217041016,0.0,4005
46,23.644014358520508,1.1832833290100098,-11.829596519470215,-0.0065915584564208984,0.0,4005
47,23.660404205322266,1.1297821998596191,-11.923321723937988,-0.006502389907836914,0.0,4005
48,23.68382453918457,0.9878754615783691,-12.016805648803711,-0.006498575210571289,0.0,4005
49,23.721290588378906,0.9915411472320557,-12.114402770996094,-0.006553014274686575,0.0,4005
50,23.732999801635742,1.0858476161956787,-12.228682518005371,-0.006599982734769583,0.0,4005
51,23.755247116088867,1.0798931121826172,-12.302899360656738,-0.006616115570068359,0.0,4005
52,23.779834747314453,0.9777367115020752,-12.367942810058594,-0.0065303645096719265,0.0,4005
53,23.80793571472168,0.9652197360992432,-12.418779373168945,-0.006410201545804739,0.0,4005
54,23.843061447143555,1.0798931121826172,-12.497931480407715,-0.006256898399442434,0.0,4005
55,23.860626220703125,1.1370420455932617,-12.574204444885254,-0.006126562599092722,0.0,4005
56,23.865310668945312,1.0274112224578857,-12.590503692626953,-0.00599042559042573,0.0,4004
57,23.898094177246094,0.9427249431610107,-12.621394157409668,-0.005911350250244141,0.0,4004
58,23.92619514465332,1.0378718376159668,-12.725821495056152,-0.0058475336991250515,0.0,4004
59,23.927366256713867,1.1259019374847412,-12.776506423950195,-0.005743423942476511,0.0,4004
60,23.94024658203125,1.0251939296722412,-12.822943687438965,-0.0056203207932412624,0.0,4005
61,23.96366310119629,0.9350180625915527,-12.864607810974121,-0.005511204246431589,0.0,4005
62,23.962491989135742,1.0135173797607422,-12.802773475646973,-0.005516529083251953,0.0,4004
63,23.978885650634766,1.0976672172546387,-12.76065444946289,-0.0055605568923056126,0.0,4004
0,23.9847412109375,1.0403752326965332,-12.692266464233398,-0.005608081817626953,0.0,4004
1,23.99059295654297,0.9730875492095947,-12.626856803894043,-0.005646069999784231,0.0,4005
2,24.02220916748047,1.0468661785125732,-12.682565689086914,-0.005644083023071289,0.0,4005
3,24.056163787841797,1.1442124843597412,-12.74152946472168,-0.005597034934908152,0.0,4005
4,24.063188552856445,1.0911047458648682,-12.73789119720459,-0.005524317268282175,0.0,4005
5,24.090120315551758,0.9569764137268066,-12.64537239074707,-0.005494832992553711,0.0,4004
6,24.112367630004883,0.9615540504455566,-12.561678886413574,-0.005453189369291067,0.0,4004
7,24.138126373291016,1.0144293308258057,-12.418251991271973,-0.005351225379854441,0.0,4004
8,24.166227340698242,0.9037435054779053,-12.283023834228516,-0.005191802978515625,0.0,4004
9,24.179105758666992,0.7081210613250732,-12.178668022155762,-0.005064964294433594,0.0,4005
10,24.209550857543945,0.6728768348693848,-12.265634536743164,-0.005086580757051706,0.0,4005
11,24.236478805541992,0.7013261318206787,-12.376964569091797,-0.004983583930879831,0.0,4005
12,24.236478805541992,0.6220579147338867,-12.33643627166748,-0.0048197112046182156,0.0,4005
13,24.248188018798828,0.4613041877746582,-12.185043334960938,-0.0044971308670938015,0.0,4005
14,24.280975341796875,0.3848612308502197,-12.102261543273926,-0.004489342216402292,0.0,4004
15,24.320781707763672,0.4485011100769043,-12.176397323608398,-0.004610300064086914,0.0,4004
16,24.319612503051758,0.4492521286010742,-12.279903411865234,-0.004524866584688425,0.0,4004
17,24.320781707763672,0.3165721893310547,-12.127080917358398,-0.0044886269606649876,0.0,4004
18,24.358251571655273,0.26484131813049316,-12.064844131469727,-0.004593213554471731,0.0,4004
19,24.38752555847168,0.33245086669921875,-12.129655838012695,-0.004557132720947266,0.0,4005
20,24.412109375,0.3679990768432617,-11.976205825805664,-0.0044209957122802734,0.0,4005
21,24.432016372680664,0.27576684951782227,-11.81662368774414,-0.004277149681001902,0.0,4005
22,24.46363067626953,0.2093195915222168,-11.780038833618164,-0.0042949519120156765,0.0,4005
23,24.49875831604004,0.27857422828674316,-11.607625961303711,-0.00436393404379487,0.0,4005
24,24.526859283447266,0.3419816493988037,-11.328819274902344,-0.004267215728759766,0.0,4005
25,24.554962158203125,0.28041601181030273,-11.165589332580566,-0.004271348472684622,0.0,4005
26,24.59242820739746,0.21602511405944824,-11.240342140197754,-0.004314979072660208,0.0,4004
27,24.62989616394043,0.30809640884399414,-11.341497421264648,-0.0043894448317587376,0.0,4004
28,24.6732177734375,0.46480894088745117,-11.297857284545898,-0.004380782600492239,0.0,4004
29,24.68492889404297,0.4735887050628662,-11.217347145080566,-0.004343112464994192,0.0,4004
30,24.68960952758789,0.4272043704986572,-11.026114463806152,-0.004369656089693308,0.0,4004
31,24.70717430114746,0.5280554294586182,-10.70389175415039,-0.0043756961822509766,0.0,4005
32,24.730592727661133,0.7321536540985107,-10.752386093139648,-0.004393497947603464,0.0,4005
33,24.743473052978516,0.7716715335845947,-10.937699317932129,-0.004435539245605469,0.0,4005
34,24.750497817993164,0.7319927215576172,-10.828506469726562,-0.004475434776395559,0.0,4005
35,24.763378143310547,0.8392632007598877,-10.802239418029785,-0.004492918495088816,0.0,4005
36,24.77508544921875,1.0284841060638428,-10.841936111450195,-0.0044209957122802734,0.0,4006
37,24.800844192504883,1.0866165161132812,-10.765064239501953,-0.004326740745455027,0.0,4005
38,24.81606674194336,1.0058999061584473,-10.629987716674805,-0.004425764083862305,0.0,4005
39,24.83245849609375,1.0385513305664062,-10.632634162902832,-0.004414161201566458,0.0,4005
40,24.867586135864258,1.2463688850402832,-10.657676696777344,-0.0042033991776406765,0.0,4005
41,24.885149002075195,1.3517260551452637,-10.618293762207031,-0.004168272018432617,0.0,4005
42,24.902711868286133,1.2393593788146973,-10.442697525024414,-0.004201491829007864,0.0,4005
43,24.931983947753906,1.3148903846740723,-10.414624214172363,-0.004081010818481445,0.0,4005
44,24.956573486328125,1.5525341033935547,-10.541430473327637,-0.003999392036348581,0.0,4005
45,24.976478576660156,1.6671359539031982,-10.567983627319336,-0.0040264129638671875,0.0,4005
46,24.995210647583008,1.6751468181610107,-10.509467124938965,-0.0040204524993896484,0.0,4005
47,25.02565574645996,1.6840696334838867,-10.479122161865234,-0.0040372214280068874,0.0,4005
48,25.03853416442871,1.8416941165924072,-10.49923038482666,-0.004038731101900339,0.0,4005
49,25.074832916259766,1.9782543182373047,-10.378655433654785,-0.004082759376615286,0.0,4005
50,25.10995864868164,1.9509494304656982,-10.215872764587402,-0.004134336952120066,0.0,4005
51,25.12401008605957,1.9099116325378418,-10.178536415100098,-0.004103580955415964,0.0,4005
52,25.1895809173584,2.0169317722320557,-10.171097755432129,-0.004136721137911081,0.0,4006
53,25.24109649658203,2.1641135215759277,-10.180047035217285,-0.004112720489501953,0.0,4005
54,25.24929428100586,2.063620090484619,-10.078668594360352,-0.0041118464432656765,0.0,4005
55,25.269197463989258,1.9279897212982178,-9.937450408935547,-0.0040728249587118626,0.0,4005
56,25.300811767578125,1.9393444061279297,-10.009074211120605,-0.004076480865478516,0.0,4005
57,25.352333068847656,2.0396769046783447,-10.317028045654297,-0.004172483924776316,0.0,4005
58,25.380434036254883,1.9398808479309082,-10.361946105957031,-0.004163503646850586,0.0,4005
59,25.410873413085938,1.7854571342468262,-10.264598846435547,-0.0040433406829833984,0.0,4005
60,25.442489624023438,1.8061280250549316,-10.382750511169434,-0.004010200500488281,0.0,4005
61,25.474103927612305,1.9604802131652832,-10.524272918701172,-0.004100799560546875,0.0,4006
62,25.49166488647461,1.9131124019622803,-10.206002235412598,-0.004269123077392578,0.0,4005
63,25.51040267944336,1.7206192016601562,-10.070013999938965,-0.004426002502441406,0.0,4005
0,25.53030776977539,1.7391622066497803,-10.098401069641113,-0.004465818405151367,0.0,4005
1,25.566604614257812,1.8888473510742188,-10.098544120788574,-0.004544099327176809,0.0,4005
2,25.592361450195312,1.9290447235107422,-10.041260719299316,-0.004560073371976614,0.0,4005
3,25.612266540527344,1.7750144004821777,-9.8697509765625,-0.004484573844820261,0.0,4005
4,25.642711639404297,1.7358005046844482,-9.824440002441406,-0.004571199417114258,0.0,4005
5,25.68486213684082,1.9045472145080566,-9.923333168029785,-0.004698673728853464,0.0,4004
6,25.721160888671875,1.9973337650299072,-9.948741912841797,-0.004526058677583933,0.0,4005
7,25.732866287231445,1.8163561820983887,-9.787872314453125,-0.004333178047090769,0.0,4004
8,25.750431060791016,1.7240524291992188,-9.721774101257324,-0.004251162055879831,0.0,4005
9,25.792585372924805,1.8574833869934082,-9.696954727172852,-0.004267692565917969,0.0,4005
10,25.825366973876953,1.9636988639831543,-9.806156158447266,-0.004370530601590872,0.0,4005
11,25.83707618713379,1.8497049808502197,-9.818610191345215,-0.004346132278442383,0.0,4005
12,25.862836837768555,1.7335116863250732,-9.662810325622559,-0.004489103797823191,0.0,4005
13,25.901473999023438,1.8984675407409668,-9.623273849487305,-0.004458268638700247,0.0,4004
14,25.92255210876465,2.125060558319092,-9.843876838684082,-0.004445075988769531,0.0,4004
15,25.92255210876465,2.0737051963806152,-9.874910354614258,-0.0045130252838134766,0.0,4004
16,25.945968627929688,1.9775032997131348,-9.723678588867188,-0.0046848454512655735,0.0,4005
17,25.968215942382812,2.1290838718414307,-9.775811195373535,-0.004882097244262695,0.0,4004
18,25.995145797729492,2.3713231086730957,-9.764573097229004,-0.0048603215254843235,0.0,4004
19,25.99631690979004,2.3034274578094482,-9.797895431518555,-0.004935184959322214,0.0,4004
20,26.005685806274414,2.1234512329101562,-9.841060638427734,-0.005015293601900339,0.0,4004
21,26.00919532775879,2.1883606910705566,-9.839397430419922,-0.005109468940645456,0.0,4005
22,26.02207374572754,2.4060308933258057,-9.900114059448242,-0.0051577091217041016,0.0,4005
23,26.024417877197266,2.362704277038574,-10.01340103149414,-0.005240758415311575,0.0,4004
24,26.033784866333008,2.2033274173736572,-10.221031188964844,-0.005295117851346731,0.0,4004
25,26.041980743408203,2.3369193077087402,-10.287130355834961,-0.005375703331083059,0.0,4004
26,26.039640426635742,2.546560764312744,-10.423413276672363,-0.0054471492767333984,0.0,4005
27,26.02676010131836,2.4510562419891357,-10.561760902404785,-0.0055164494551718235,0.0,4005
28,26.025588989257812,2.245974540710449,-10.695398330688477,-0.0054872832261025906,0.0,4005
29,26.032615661621094,2.1345019340515137,-10.816892623901367,-0.0055088200606405735,0.0,4005
30,26.04315185546875,2.2631406784057617,-10.902956008911133,-0.005493482109159231,0.0,4005
31,26.02207374572754,2.1832644939422607,-10.938835144042969,-0.005502621177583933,0.0,4004
32,26.008028030395508,1.8989145755767822,-11.01844310760498,-0.005532821174710989,0.0,4004
33,25.995145797729492,1.6586601734161377,-10.955545425415039,-0.005601406097412109,0.0,4004
34,25.999828338623047,1.8899917602539062,-11.094411849975586,-0.005678574088960886,0.0,4004
35,25.991636276245117,2.0460963249206543,-11.193815231323242,-0.0056413016282022,0.0,4005
36,25.98577880859375,1.8456637859344482,-11.021330833435059,-0.005660136695951223,0.0,4005
37,25.986949920654297,1.6231119632720947,-11.194816589355469,-0.005727291107177734,0.0,4005
38,26.012710571289062,1.6811013221740723,-11.442875862121582,-0.0058072409592568874,0.0,4005
39,25.988121032714844,1.7962217330932617,-11.400389671325684,-0.005743821617215872,0.0,4004
40,25.95767593383789,1.6409754753112793,-11.369338989257812,-0.005789836402982473,0.0,4004
41,25.943626403808594,1.4766275882720947,-11.450698852539062,-0.005782524589449167,0.0,4004
42,25.942459106445312,1.5868663787841797,-11.534625053405762,-0.0057489871978759766,0.0,4004
43,25.91552734375,1.6820847988128662,-11.477476119995117,-0.0057042441330850124,0.0,4004
44,25.87103271484375,1.5677332878112793,-11.476269721984863,-0.00566864013671875,0.0,4004
45,25.874544143676758,1.5234589576721191,-11.55572509765625,-0.005626678466796875,0.0,4005
46,25.897960662841797,1.6146540641784668,-11.44682788848877,-0.0057737031020224094,0.0,4005
47,25.92840576171875,1.8245995044708252,-11.366235733032227,-0.00586072588339448,0.0,4005
48,25.945968627929688,1.7827928066253662,-11.303177833557129,-0.005997498985379934,0.0,4005
49,25.9670467376709,1.6139566898345947,-11.351511001586914,-0.0059488615952432156,0.0,4004
50,26.00100326538086,1.5782475471496582,-11.171436309814453,-0.005964994430541992,0.0,4004
51,26.057205200195312,1.8314659595489502,-11.171820640563965,-0.006159862037748098,0.0,4004
52,26.081790924072266,1.8310904502868652,-11.123397827148438,-0.006350596901029348,0.0,4004
53,26.121599197387695,1.5646576881408691,-11.100107192993164,-0.0064771175384521484,0.0,4005
54,26.168437957763672,1.4958500862121582,-11.048501968383789,-0.006511131767183542,0.0,4005
55,26.23634910583496,1.6692638397216797,-11.052820205688477,-0.006584882736206055,0.0,4005
56,26.27849769592285,1.7553269863128662,-11.092588424682617,-0.006685972213745117,0.0,4005
57,26.315967559814453,1.6701757907867432,-11.107161521911621,-0.006579478736966848,0.0,4005
58,26.369831085205078,1.7026126384735107,-11.052435874938965,-0.006205717567354441,0.0,4005
59,26.410812377929688,1.8277287483215332,-11.048796653747559,-0.006090720649808645,0.0,4005
60,26.45881462097168,1.8612205982208252,-10.945826530456543,-0.0062166848219931126,0.0,4005
61,26.502138137817383,1.6645431518554688,-11.017924308776855,-0.006150484085083008,0.0,4005
62,26.554828643798828,1.4499306678771973,-11.03832721710205,-0.0059621334075927734,0.0,4006
63,26.612201690673828,1.5665888786315918,-11.00357437133789,-0.005808433052152395,0.0,4005
0,26.65201187133789,1.7336726188659668,-11.260065078735352,-0.005673328880220652,0.0,4005
1,26.691822052001953,1.5478849411010742,-11.13903522491455,-0.005740801338106394,0.0,4005
2,26.746854782104492,1.5536069869995117,-11.126812934875488,-0.005518754478543997,0.0,4005
3,26.828813552856445,1.7445623874664307,-11.231383323669434,-0.005535602569580078,0.0,4004
4,26.90609359741211,2.0367085933685303,-11.222585678100586,-0.005542834755033255,0.0,4004
5,26.940048217773438,1.8546581268310547,-11.009180068969727,-0.005585670471191406,0.0,4004
6,26.99039649963379,1.6763627529144287,-11.041053771972656,-0.0053943791426718235,0.0,4004
7,27.082897186279297,1.8828928470611572,-11.142745971679688,-0.005096753593534231,0.0,4004
8,27.130901336669922,2.1838724613189697,-11.048430442810059,-0.0051898956298828125,0.0,4004
9,27.162517547607422,2.2616922855377197,-11.02474594116211,-0.0055431523360311985,0.0,4004
10,27.207012176513672,2.0802676677703857,-11.036959648132324,-0.005409876350313425,0.0,4005
11,27.249160766601562,1.9859611988067627,-10.892781257629395,-0.005417028907686472,0.0,4005
12,27.303020477294922,2.3835361003875732,-10.904314994812012,-0.005564530845731497,0.0,4006
13,27.298337936401367,2.330660820007324,-10.8418550491333,-0.005370458122342825,0.0,4005
14,27.30068016052246,1.9553661346435547,-10.737741470336914,-0.00536346435546875,0.0,4006
15,27.329952239990234,2.063620090484619,-10.793593406677246,-0.005150874610990286,0.0,4005
16,27.338150024414062,2.3485779762268066,-10.772645950317383,-0.005446195602416992,0.0,4005
17,27.34049415588379,2.6185154914855957,-10.745250701904297,-0.005420764442533255,0.0,4005
18,27.30068016052246,2.4695277214050293,-10.912585258483887,-0.005152702331542969,0.0,4005
19,27.292484283447266,2.297079563140869,-10.823043823242188,-0.005029598716646433,0.0,4005
20,27.30068016052246,2.5604546070098877,-10.791474342346191,-0.005201578140258789,0.0,4005
21,27.31239128112793,2.913844585418701,-10.929205894470215,-0.005177974700927734,0.0,4005
22,27.256189346313477,2.6900768280029297,-10.877752304077148,-0.005277713295072317,0.0,4005
23,27.24799346923828,2.429687976837158,-10.759368896484375,-0.005350828170776367,0.0,4005
24,27.297170639038086,2.720975875854492,-10.795113563537598,-0.005253314971923828,0.0,4005
25,27.31590461730957,3.0131936073303223,-10.810589790344238,-0.0052007040940225124,0.0,4005
26,27.33580780029297,2.8996646404266357,-10.672858238220215,-0.005342563148587942,0.0,4005
27,27.365081787109375,2.8137624263763428,-10.598418235778809,-0.005345185752958059,0.0,4005
28,27.458749771118164,2.9919683933258057,-10.544389724731445,-0.0052142939530313015,0.0,4005
29,27.49972915649414,3.1655430793762207,-10.539454460144043,-0.005182822700589895,0.0,4005
30,27.54773712158203,2.9372692108154297,-10.542181015014648,-0.0051457881927490234,0.0,4006
31,27.650775909423828,2.624237537384033,-10.465916633605957,-0.0048631033860147,0.0,4005
32,27.77722930908203,2.7140378952026367,-10.36681842803955,-0.00471504544839263,0.0,4005
33,27.91071128845215,3.018289804458618,-10.427445411682129,-0.0046619572676718235,0.0,4005
34,28.02545738220215,2.915757894515991,-10.386988639831543,-0.0046122074127197266,0.0,4005
35,28.209287643432617,2.592337131500244,-10.38070297241211,-0.004430055618286133,0.0,4005
36,28.36969757080078,2.6946544647216797,-10.397234916687012,-0.004334370139986277,0.0,4005
37,28.42707061767578,3.1047463417053223,-10.430020332336426,-0.004528999328613281,0.0,4005
38,28.464540481567383,3.0933737754821777,-10.486176490783691,-0.004447778221219778,0.0,4005
39,28.500835418701172,2.7610301971435547,-10.40233039855957,-0.004205465316772461,0.0,4005
40,28.547670364379883,2.8132081031799316,-10.31331729888916,-0.004325151443481445,0.0,4005
41,28.602705001831055,3.178507089614868,-10.506060600280762,-0.00443712854757905,0.0,4004
42,28.602705001831055,3.2220840454101562,-10.478666305541992,-0.004514137748628855,0.0,4004
43,28.615583419799805,2.9070496559143066,-10.314523696899414,-0.004622539039701223,0.0,4004
44,28.64719581604004,2.8586983680725098,-10.371825218200684,-0.004665295127779245,0.0,4004
45,28.68466567993164,3.310883045196533,-10.504916191101074,-0.004780848976224661,0.0,4005
46,28.699886322021484,3.5837173461914062,-10.568296432495117,-0.004837512969970703,0.0,4005
47,28.68466567993164,3.2545924186706543,-10.4342041015625,-0.004936377052217722,0.0,4005
48,28.68466567993164,3.1107544898986816,-10.412799835205078,-0.005005439277738333,0.0,4005
49,28.69637680053711,3.2918035984039307,-10.49528694152832,-0.00505057955160737,0.0,4005
50,28.685836791992188,3.5771548748016357,-10.501590728759766,-0.005062262061983347,0.0,4004
51,28.644853591918945,3.3225595951080322,-10.441106796264648,-0.005087614059448242,0.0,4004
52,28.620264053344727,3.0120491981506348,-10.347604751586914,-0.005166212562471628,0.0,4004
53,28.629634857177734,3.2352089881896973,-10.41599178314209,-0.005178531166166067,0.0,4005
54,28.609729766845703,3.5268008708953857,-10.544845581054688,-0.005239009857177734,0.0,4005
55,28.562894821166992,3.320646286010742,-10.533374786376953,-0.0051731267012655735,0.0,4005
56,28.53244972229004,3.024780750274658,-10.421821594238281,-0.005137284751981497,0.0,4004
57,28.533620834350586,3.1524181365966797,-10.464093208312988,-0.0052312216721475124,0.0,4004
58,28.526596069335938,3.4970462322235107,-10.598346710205078,-0.005305210594087839,0.0,4004
59,28.487957000732422,3.3356845378875732,-10.492855072021484,-0.0053253173828125,0.0,4005
60,28.47039031982422,2.9524683952331543,-10.453784942626953,-0.005283514503389597,0.0,4004
61,28.473907470703125,2.976715564727783,-10.444816589355469,-0.005352099891752005,0.0,4004
62,28.47156524658203,3.4018993377685547,-10.621565818786621,-0.005404313560575247,0.0,4004
63,28.439952850341797,3.3777952194213867,-10.591882705688477,-0.005247434135526419,0.0,4004
0,28.416532516479492,2.9767870903015137,-10.56351375579834,-0.005267222877591848,0.0,4005
1,28.417705535888672,2.8892934322357178,-10.57443904876709,-0.005297740455716848,0.0,4005
2,28.43175506591797,3.23222279548645,-10.671266555786133,-0.005273580551147461,0.0,4005
3,28.436437606811523,3.329336643218994,-10.595226287841797,-0.005460659507662058,0.0,4005
4,28.417705535888672,3.0166268348693848,-10.537174224853516,-0.005527416709810495,0.0,4005
5,28.42473030090332,2.894318103790283,-10.541269302368164,-0.005588054656982422,0.0,4004
6,28.446977615356445,3.2683968544006348,-10.699036598205566,-0.005561272148042917,0.0,4004
7,28.42355728149414,3.3382058143615723,-10.622093200683594,-0.005610863212496042,0.0,4004
8,28.39780044555664,2.9871582984924316,-10.601216316223145,-0.005647341255098581,0.0,4004
9,28.393117904663086,2.8289437294006348,-10.553866386413574,-0.005697965621948242,0.0,4004
10,28.413021087646484,3.0772805213928223,-10.67073917388916,-0.005617459770292044,0.0,4004
11,28.415363311767578,3.2455801963806152,-10.759824752807617,-0.005601962562650442,0.0,4005
12,28.398967742919922,3.0302882194519043,-10.706940650939941,-0.005593379493802786,0.0,4005
13,28.402482986450195,2.7508914470672607,-10.609343528747559,-0.005620718002319336,0.0,4005
14,28.420045852661133,3.033936023712158,-10.595074653625488,-0.0057300725020468235,0.0,4005
15,28.418874740600586,3.3694803714752197,-10.72279167175293,-0.005577882286161184,0.0,4005
16,28.379064559936523,3.1199991703033447,-10.86106014251709,-0.005414247512817383,0.0,4004
17,28.36969757080078,2.817714214324951,-10.730910301208496,-0.005751609802246094,0.0,4004
18,28.393117904663086,3.0584335327148438,-10.783499717712402,-0.005565961357206106,0.0,4004
19,28.391942977905273,3.3253848552703857,-10.832744598388672,-0.0055576167069375515,0.0,4004
20,28.37320899963379,3.2371938228607178,-10.801032066345215,-0.005543550010770559,0.0,4005
21,28.354476928710938,2.8609156608581543,-10.697060585021973,-0.005643049720674753,0.0,4005
22,28.372039794921875,2.9458165168762207,-10.818949699401855,-0.005679210182279348,0.0,4005
23,28.374380111694336,3.2496213912963867,-10.966693878173828,-0.0056398711167275906,0.0,4005
24,28.332229614257812,3.1848549842834473,-10.993856430053711,-0.005710045341402292,0.0,4004
25,28.30178451538086,2.8889715671539307,-10.874113082885742,-0.005738417152315378,0.0,4004
26,28.29359245300293,2.852046489715576,-10.865163803100586,-0.005614201072603464,0.0,4004
27,28.298274993896484,3.1408309936523438,-10.89915657043457,-0.005678256507962942,0.0,4004
28,28.250268936157227,3.1405985355377197,-10.940515518188477,-0.005757888313382864,0.0,4004
29,28.219823837280273,2.7666091918945312,-10.861587524414062,-0.005668798927217722,0.0,4005
30,28.223337173461914,2.676039934158325,-10.797321319580078,-0.005723556037992239,0.0,4005
31,28.23153305053711,2.9276490211486816,-10.91736888885498,-0.005794048309326172,0.0,4005
32,28.196407318115234,2.9824376106262207,-11.113768577575684,-0.005742073059082031,0.0,4005
33,28.158939361572266,2.658569812774658,-10.984137535095215,-0.005844990257173777,0.0,4004
34,28.160110473632812,2.5133728981018066,-10.940882682800293,-0.00592350959777832,0.0,4004
35,28.175331115722656,2.7746200561523438,-11.034607887268066,-0.005960226058959961,0.0,4004
36,28.137861251831055,2.9401659965515137,-11.119071006774902,-0.005917628761380911,0.0,4005
37,28.07229232788086,2.686035633087158,-11.087044715881348,-0.005851427558809519,0.0,4005
38,28.032482147216797,2.402597665786743,-10.978987693786621,-0.005990266799926758,0.0,4005
39,28.023115158081055,2.6039421558380127,-11.008206367492676,-0.0060329437255859375,0.0,4005
40,27.993844985961914,2.8400838375091553,-11.112311363220215,-0.005965709686279297,0.0,4005
41,27.93295669555664,2.689164876937866,-11.045085906982422,-0.005980968475341797,0.0,4005
42,27.904855728149414,2.3829996585845947,-10.945594787597656,-0.00602404261007905,0.0,4005
43,27.906028747558594,2.5194883346557617,-10.973444938659668,-0.00590507173910737,0.0,4004
44,27.906028747558594,2.8115451335906982,-11.207405090332031,-0.005922079086303711,0.0,4004
45,27.889633178710938,2.6913821697235107,-11.107394218444824,-0.006021976470947266,0.0,4004
46,27.876754760742188,2.3584306240081787,-10.915249824523926,-0.006055752281099558,0.0,4004
47,27.89665985107422,2.5067389011383057,-11.005693435668945,-0.006052573677152395,0.0,4004
48,27.906028747558594,2.7514994144439697,-11.128931999206543,-0.006102959159761667,0.0,4004
49,27.9036865234375,2.7522683143615723,-11.072632789611816,-0.006055752281099558,0.0,4004
50,27.888465881347656,2.4535059928894043,-11.007133483886719,-0.006066878791898489,0.0,4005
51,27.9095401763916,2.4599075317382812,-11.078166961669922,-0.006047805305570364,0.0,4005
52,27.935300827026367,2.7376770973205566,-11.154744148254395,-0.006094217300415039,0.0,4005
53,27.929447174072266,2.7629435062408447,-11.09933853149414,-0.006199439521878958,0.0,4005
54,27.914222717285156,2.475249767303467,-11.12051010131836,-0.00612950325012207,0.0,4005
55,27.938810348510742,2.396804094314575,-11.129021644592285,-0.0061092376708984375,0.0,4005
56,27.965742111206055,2.632784843444824,-11.136370658874512,-0.006178776267915964,0.0,4005
57,27.96808433532715,2.7672171592712402,-11.135986328125,-0.006211122032254934,0.0,4004
58,27.942325592041016,2.4560093879699707,-11.090612411499023,-0.006101369857788086,0.0,4004
59,27.964570999145508,2.2529125213623047,-11.040303230285645,-0.006185770034790039,0.0,4004
60,28.00789451599121,2.5500833988189697,-11.148825645446777,-0.006250461097806692,0.0,4005
61,28.01140785217285,2.7312755584716797,-11.18912124633789,-0.006267627235502005,0.0,4005
62,28.000869750976562,2.4738729000091553,-11.059123039245605,-0.0062238373793661594,0.0,4005
63,28.0125789642334,2.2919833660125732,-11.0782470703125,-0.0061815581284463406,0.0,4005
0,28.035993576049805,2.500784397125244,-11.173635482788086,-0.006346225738525391,0.0,4005
1,28.052385330200195,2.7209043502807617,-11.171436309814453,-0.006271918769925833,0.0,4005
2,28.044193267822266,2.5063633918762207,-11.169683456420898,-0.006183465477079153,0.0,4004
3,28.052385330200195,2.2729039192199707,-11.041670799255371,-0.006224791053682566,0.0,4004
4,28.08868408203125,2.4698853492736816,-11.088037490844727,-0.006292819976806641,0.0,4004
5,28.093366622924805,2.7306675910949707,-11.181065559387207,-0.006218592170625925,0.0,4005
6,28.08283042907715,2.5741159915924072,-11.118158340454102,-0.006198009010404348,0.0,4005
7,28.08283042907715,2.267557382583618,-11.045614242553711,-0.0062734284438192844,0.0,4004
8,28.105077743530273,2.3638486862182617,-11.097290992736816,-0.006296952720731497,0.0,4005
9,28.11678695678711,2.688324451446533,-11.198526382446289,-0.0062998137436807156,0.0,4004
10,28.110931396484375,2.5649607181549072,-11.126884460449219,-0.006307125091552734,0.0,4004
11,28.1015625,2.2674143314361572,-11.082879066467285,-0.0063478946685791016,0.0,4004
12,28.123815536499023,2.3301243782043457,-11.078935623168945,-0.0062611899338662624,0.0,4004
13,28.137861251831055,2.6109695434570312,-11.136603355407715,-0.006289243698120117,0.0,4006
14,28.12615394592285,2.5479376316070557,-11.13143539428711,-0.0063474178314208984,0.0,4005
15,28.112104415893555,2.2441506385803223,-11.085766792297363,-0.006327787879854441,0.0,4004
16,28.124982833862305,2.241396903991699,-11.101609230041504,-0.00640869140625,0.0,4004
17,28.146059036254883,2.524137496948242,-11.17849063873291,-0.006432294845581055,0.0,4004
18,28.137861251831055,2.624380588531494,-11.191919326782227,-0.006435314659029245,0.0,4004
19,28.107419967651367,2.2890686988830566,-11.109209060668945,-0.006467024330049753,0.0,4005
20,28.120298385620117,2.1586954593658447,-11.08827018737793,-0.006452083587646484,0.0,4004
21,28.13551902770996,2.4843156337738037,-11.198750495910645,-0.0063480534590780735,0.0,4004
22,28.13435173034668,2.623164653778076,-11.244061470031738,-0.006351947784423828,0.0,4004
23,28.105077743530273,2.3208260536193848,-11.154887199401855,-0.006388267036527395,0.0,4004
24,28.10976219177246,2.112382650375366,-11.055484771728516,-0.006447156425565481,0.0,4004
25,28.12966537475586,2.36247181892395,-11.154967308044434,-0.006522496696561575,0.0,4004
26,28.11678695678711,2.5746524333953857,-11.249292373657227,-0.006490310188382864,0.0,4004
27,28.08283042907715,2.337527275085449,-11.177963256835938,-0.006436824798583984,0.0,4004
28,28.095712661743164,2.107107639312744,-11.141610145568848,-0.00646209716796875,0.0,4005
29,28.10858726501465,2.312743663787842,-11.172419548034668,-0.0065212249755859375,0.0,4005
30,28.08985710144043,2.551603317260742,-11.263481140136719,-0.00651097297668457,0.0,4005
31,28.08049201965332,2.3798704147338867,-11.207243919372559,-0.006554603576660156,0.0,4005
32,28.06878089904785,2.0837008953094482,-11.110353469848633,-0.006578048225492239,0.0,4005
33,28.060585021972656,2.2383570671081543,-11.134323120117188,-0.0066312155686318874,0.0,4004
34,28.05941390991211,2.4971365928649902,-11.22744083404541,-0.0065426030196249485,0.0,4004
35,28.040679931640625,2.4268627166748047,-11.226073265075684,-0.006612857338041067,0.0,4004
36,28.017261505126953,2.1282613277435303,-11.234272003173828,-0.006432771682739258,0.0,4004
37,28.021947860717773,2.1454989910125732,-11.17735481262207,-0.0064805350266397,0.0,4005
38,28.010236740112305,2.401149272918701,-11.278054237365723,-0.006501436233520508,0.0,4005
39,27.976280212402344,2.381014823913574,-11.306137084960938,-0.006640831474214792,0.0,4004
40,27.95052146911621,2.0515859127044678,-11.093875885009766,-0.006639719009399414,0.0,4005
41,27.95052146911621,2.053481340408325,-11.143586158752441,-0.006626685615628958,0.0,4005
42,27.956377029418945,2.3829102516174316,-11.400389671325684,-0.006638288497924805,0.0,4004
43,27.927104949951172,2.4451732635498047,-11.359092712402344,-0.006657600402832031,0.0,4004
44,27.89665985107422,2.122771739959717,-11.175235748291016,-0.006665309425443411,0.0,4004
45,27.90017318725586,2.006399631500244,-11.138812065124512,-0.006671587470918894,0.0,4005
46,27.9095401763916,2.2668063640594482,-11.250275611877441,-0.006634076591581106,0.0,4005
47,27.9095401763916,2.4743199348449707,-11.369043350219727,-0.0066814422607421875,0.0,4004
48,27.891977310180664,2.1771490573883057,-11.282605171203613,-0.006720701698213816,0.0,4004
49,27.894319534301758,1.9660592079162598,-11.208701133728027,-0.006654977798461914,0.0,4005
50,27.921247482299805,2.2183477878570557,-11.277365684509277,-0.006710608955472708,0.0,4005
51,27.91071128845215,2.4161875247955322,-11.325788497924805,-0.006744941230863333,0.0,4005
52,27.886123657226562,2.1515965461730957,-11.223041534423828,-0.006615241523832083,0.0,4005
53,27.891977310180664,1.9387364387512207,-11.215299606323242,-0.006699323654174805,0.0,4005
54,27.907197952270508,2.1672427654266357,-11.337098121643066,-0.006797234062105417,0.0,4004
55,27.886123657226562,2.4026870727539062,-11.389982223510742,-0.0067676701582968235,0.0,4004
56,27.8662166595459,2.2244632244110107,-11.328059196472168,-0.006735801696777344,0.0,4004
57,27.845142364501953,1.8624365329742432,-11.179330825805664,-0.00675646448507905,0.0,4004
58,27.86504554748535,2.0943760871887207,-11.278054237365723,-0.006768862251192331,0.0,4005
59,27.854509353637695,2.3873448371887207,-11.41655445098877,-0.006786664482206106,0.0,4004
60,27.831092834472656,2.2399485111236572,-11.341425895690918,-0.0067676701582968235,0.0,4004
61,27.818214416503906,1.9223392009735107,-11.269712448120117,-0.006769100669771433,0.0,4005
62,27.825239181518555,1.9766449928283691,-11.293914794921875,-0.006765842437744141,0.0,4005
63,27.819381713867188,2.321505546569824,-11.43149471282959,-0.006792624946683645,0.0,4004
0,27.79596519470215,2.2816121578216553,-11.336329460144043,-0.006745418068021536,0.0,4004
1,27.779573440551758,1.9179940223693848,-11.216890335083008,-0.006825447082519531,0.0,4005
2,27.804161071777344,1.9591927528381348,-11.350303649902344,-0.00675956392660737,0.0,4005
3,27.80767250061035,2.2360682487487793,-11.386415481567383,-0.006732066627591848,0.0,4004
4,27.784255981445312,2.2834360599517822,-11.332691192626953,-0.0068590641021728516,0.0,4004
5,27.78191566467285,1.9919157028198242,-11.325716972351074,-0.006742397788912058,0.0,4004
6,27.7947940826416,1.8825173377990723,-11.326011657714844,-0.006848335266113281,0.0,4005
7,27.800647735595703,2.1944761276245117,-11.37739372253418,-0.006851355079561472,0.0,4005
8,27.790111541748047,2.318984270095825,-11.413139343261719,-0.006871938705444336,0.0,4005
9,27.77254867553711,2.0275533199310303,-11.33095645904541,-0.006823062896728516,0.0,4005
10,27.77371597290039,1.8548190593719482,-11.274951934814453,-0.0068585872650146484,0.0,4004
11,27.79596519470215,2.1242737770080566,-11.364716529846191,-0.0069005489349365234,0.0,4004
12,27.787769317626953,2.2842049598693848,-11.34953498840332,-0.006922324653714895,0.0,4004
13,27.76552391052246,2.0619571208953857,-11.339601516723633,-0.006913661956787109,0.0,4005
14,27.76435089111328,1.8432140350341797,-11.359861373901367,-0.006863594055175781,0.0,4005
15,27.78542709350586,2.0470082759857178,-11.374730110168457,-0.0068270363844931126,0.0,4005
16,27.783082962036133,2.3026585578918457,-11.433998107910156,-0.006943941116333008,0.0,4005
17,27.76552391052246,2.0829319953918457,-11.356061935424805,-0.0069368681870400906,0.0,4004
18,27.771373748779297,1.8507599830627441,-11.31424617767334,-0.0068639121018350124,0.0,4005
19,27.784255981445312,1.9523262977600098,-11.299904823303223,-0.006961981300264597,0.0,4004
20,27.791282653808594,2.2524476051330566,-11.430438995361328,-0.006892204284667969,0.0,4005
21,27.75967025756836,2.1538138389587402,-11.422088623046875,-0.006868918891996145,0.0,4005
22,27.746788024902344,1.8357396125793457,-11.31879711151123,-0.007002592086791992,0.0,4004
23,27.77840232849121,1.9332468509674072,-11.345064163208008,-0.007000446319580078,0.0,4004
24,27.793622970581055,2.2724568843841553,-11.438933372497559,-0.0070345401763916016,0.0,4004
25,27.774890899658203,2.1754860877990723,-11.39681339263916,-0.00703422212973237,0.0,4005
26,27.76552391052246,1.8478810787200928,-11.315837860107422,-0.006970485206693411,0.0,4005
27,27.774890899658203,1.8956243991851807,-11.340057373046875,-0.0069524445571005344,0.0,4004
28,27.78191566467285,2.2285044193267822,-11.451530456542969,-0.006953080650418997,0.0,4004
29,27.769033432006836,2.2101938724517822,-11.374658584594727,-0.00705265998840332,0.0,4004
30,27.757326126098633,1.8995225429534912,-11.28222942352295,-0.007056554313749075,0.0,4005
31,27.78542709350586,1.8563389778137207,-11.29603385925293,-0.0069713592529296875,0.0,4005
32,27.824064254760742,2.1867692470550537,-11.449858665466309,-0.0070040225982666016,0.0,4005
33,27.815872192382812,2.3083090782165527,-11.492657661437988,-0.0070648193359375,0.0,4004
34,27.80767250061035,1.9696354866027832,-11.38862419128418,-0.007014354225248098,0.0,4004
35,27.821725845336914,1.8202543258666992,-11.304089546203613,-0.006992340087890625,0.0,4005
36,27.84865379333496,2.127349376678467,-11.4150972366333,-0.007127046585083008,0.0,4004
37,27.847484588623047,2.2797703742980957,-11.429304122924805,-0.007066408637911081,0.0,4004
38,27.847484588623047,2.0071864128112793,-11.33846664428711,-0.00701912259683013,0.0,4005
39,27.86504554748535,1.8020153045654297,-11.304616928100586,-0.007121483329683542,0.0,4005
40,27.895490646362305,2.055162191390991,-11.377850532531738,-0.007047732826322317,0.0,4005
41,27.899003982543945,2.2524476051330566,-11.438780784606934,-0.007094303611665964,0.0,4004
42,27.89080810546875,2.0417332649230957,-11.454570770263672,-0.007195631507784128,0.0,4004
43,27.894319534301758,1.8294095993041992,-11.387094497680664,-0.007081667426973581,0.0,4005
44,27.918907165527344,1.9868016242980957,-11.298314094543457,-0.007035891059786081,0.0,4005
45,27.929447174072266,2.2687017917633057,-11.460945129394531,-0.007031043525785208,0.0,4004
46,27.906028747558594,2.151292562484741,-11.44546890258789,-0.007078409194946289,0.0,4004
47,27.914222717285156,1.8399417400360107,-11.325860023498535,-0.0070597329176962376,0.0,4005
48,27.947010040283203,1.9211947917938232,-11.441596984863281,-0.007168928626924753,0.0,4005
49,27.958721160888672,2.290213108062744,-11.502679824829102,-0.00710161542519927,0.0,4004
50,27.93295669555664,2.2333860397338867,-11.361917495727539,-0.007127364631742239,0.0,4004
51,27.924760818481445,1.8532812595367432,-11.300674438476562,-0.007098595146089792,0.0,4004
52,27.95754623413086,1.8717527389526367,-11.453434944152832,-0.007162809371948242,0.0,4004
53,27.97979164123535,2.2462069988250732,-11.573776245117188,-0.007079760078340769,0.0,4004
54,27.959888458251953,2.219259738922119,-11.502679824829102,-0.007113536354154348,0.0,4004
55,27.948179244995117,1.8967688083648682,-11.41388988494873,-0.007188478950411081,0.0,4005
56,27.964570999145508,1.8136203289031982,-11.34825611114502,-0.00714119290933013,0.0,4005
57,27.99150276184082,2.1503090858459473,-11.429071426391602,-0.007111152168363333,0.0,4004
58,27.971599578857422,2.2387146949768066,-11.513310432434082,-0.007176002021878958,0.0,4004
59,27.94115447998047,1.9393444061279297,-11.39870834350586,-0.007160743232816458,0.0,4004
60,27.93646812438965,1.7886757850646973,-11.351511001586914,-0.007165193557739258,0.0,4005
61,27.965742111206055,2.0744740962982178,-11.518844604492188,-0.007131973747164011,0.0,4005
62,27.958721160888672,2.2518575191497803,-11.540624618530273,-0.007184425834566355,0.0,4004
63,27.930618286132812,1.9969582557678223,-11.420496940612793,-0.00713483477011323,0.0,4004
0,27.930618286132812,1.7865300178527832,-11.391735076904297,-0.007173458579927683,0.0,4005
1,27.948179244995117,1.9793987274169922,-11.42300033569336,-0.007175365928560495,0.0,4005
2,27.935300827026367,2.2258400917053223,-11.48962688446045,-0.007205645088106394,0.0,4004
3,27.9036865234375,2.0113706588745117,-11.406988143920898,-0.0072559514082968235,0.0,4004
4,27.89080810546875,1.7874598503112793,-11.513900756835938,-0.0071202912367880344,0.0,4004
5,27.911882400512695,2.0164847373962402,-11.60641860961914,-0.007060925010591745,0.0,4005
6,27.901344299316406,2.1837830543518066,-11.502448081970215,-0.007314363960176706,0.0,4005
7,27.876754760742188,2.0372986793518066,-11.493953704833984,-0.007321596145629883,0.0,4005
8,27.8662166595459,1.7538070678710938,-11.457673072814941,-0.007226625923067331,0.0,4005
9,27.88378143310547,1.8828034400939941,-11.469438552856445,-0.007228930946439505,0.0,4004
10,27.894319534301758,2.157461643218994,-11.551469802856445,-0.007304827217012644,0.0,4004
11,27.879098892211914,2.1041393280029297,-11.534625053405762,-0.007273435592651367,0.0,4004
12,27.85685157775879,1.7902672290802002,-11.4384765625,-0.0071671805344522,0.0,4005
13,27.87090301513672,1.8024802207946777,-11.478620529174805,-0.007246335502713919,0.0,4005
14,27.889633178710938,2.1340548992156982,-11.572498321533203,-0.0071894326247274876,0.0,4005
15,27.876754760742188,2.121305465698242,-11.529922485351562,-0.007327715400606394,0.0,4005
16,27.85333824157715,1.7682194709777832,-11.260520935058594,-0.007289409637451172,0.0,4004
17,27.86504554748535,1.7497658729553223,-11.392879486083984,-0.007303158286958933,0.0,4004
18,27.891977310180664,2.070128917694092,-11.606722831726074,-0.0073450407944619656,0.0,4004
19,27.87558364868164,2.1593034267425537,-11.626142501831055,-0.00734400749206543,0.0,4004
20,27.860363006591797,1.8380999565124512,-11.469143867492676,-0.0073703923262655735,0.0,4004
21,27.87441635131836,1.7433464527130127,-11.483940124511719,-0.007252693176269531,0.0,4005
22,27.89665985107422,2.012515068054199,-11.542216300964355,-0.007288774009793997,0.0,4005
23,27.895490646362305,2.170836925506592,-11.564299583435059,-0.007298707962036133,0.0,4005
24,27.861534118652344,1.9092857837677002,-11.49471378326416,-0.007375637535005808,0.0,4005
25,27.8662166595459,1.7120003700256348,-11.485147476196289,-0.0073551335372030735,0.0,4005
26,27.891977310180664,1.9537568092346191,-11.535465240478516,-0.007383743766695261,0.0,4006
27,27.897830963134766,2.1915793418884277,-11.572731018066406,-0.007424831390380859,0.0,4005
28,27.8662166595459,1.9286692142486572,-11.554134368896484,-0.0073093571700155735,0.0,4005
29,27.8662166595459,1.6978740692138672,-11.487883567810059,-0.007366657257080078,0.0,4005
30,27.889633178710938,1.8728971481323242,-11.510494232177734,-0.007289330009371042,0.0,4005
31,27.891977310180664,2.132284641265869,-11.565667152404785,-0.007373809814453125,0.0,4005
32,27.881441116333008,2.027231454849243,-11.596244812011719,-0.007370551582425833,0.0,4005
33,27.86270523071289,1.6914010047912598,-11.394471168518066,-0.007483323570340872,0.0,4005
34,27.881441116333008,1.8443584442138672,-11.490082740783691,-0.007464011665433645,0.0,4005
35,27.891977310180664,2.1644890308380127,-11.634198188781738,-0.00740822171792388,0.0,4005
36,27.877927780151367,2.048295736312866,-11.568313598632812,-0.00742785120382905,0.0,4006
37,27.854509353637695,1.7096400260925293,-11.526354789733887,-0.007310787681490183,0.0,4005
38,27.88378143310547,1.7876029014587402,-11.439916610717773,-0.007379134651273489,0.0,4005
39,27.897830963134766,2.0896553993225098,-11.446147918701172,-0.007445096969604492,0.0,4005
40,27.888465881347656,2.0837008953094482,-11.61764907836914,-0.007461229804903269,0.0,4005
41,27.8662166595459,1.7651617527008057,-11.570978164672852,-0.0073992409743368626,0.0,4005
42,27.87558364868164,1.7145752906799316,-11.460721969604492,-0.007418155670166016,0.0,4005
43,27.89314842224121,2.0325064659118652,-11.541223526000977,-0.007465203758329153,0.0,4005
44,27.884952545166016,2.131927013397217,-11.647465705871582,-0.007460673805326223,0.0,4006
45,27.86504554748535,1.8045365810394287,-11.522099494934082,-0.0074045658111572266,0.0,4005
46,27.877927780151367,1.6637742519378662,-11.488035202026367,-0.007501204963773489,0.0,4005
47,27.90017318725586,1.9936680793762207,-11.528250694274902,-0.007476171012967825,0.0,4005
48,27.895490646362305,2.134573459625244,-11.451682090759277,-0.007407347206026316,0.0,4005
49,27.876754760742188,1.8881678581237793,-11.488866806030273,-0.007535219192504883,0.0,4005
50,27.876754760742188,1.6260981559753418,-11.463752746582031,-0.0075418949127197266,0.0,4005
51,27.90017318725586,1.8889188766479492,-11.571362495422363,-0.007442633155733347,0.0,4005
52,27.89665985107422,2.135038375854492,-11.676684379577637,-0.007404247764497995,0.0,4005
53,27.877927780151367,1.8994510173797607,-11.648154258728027,-0.00746917724609375,0.0,4005
54,27.881441116333008,1.6426384449005127,-11.425119400024414,-0.007475217338651419,0.0,4005
55,27.907197952270508,1.8818914890289307,-11.488035202026367,-0.0074861845932900906,0.0,4005
56,27.90017318725586,2.1451056003570557,-11.655369758605957,-0.007517179008573294,0.0,4005
57,27.877927780151367,1.9243955612182617,-11.5186128616333,-0.007515907287597656,0.0,4005
58,27.86972999572754,1.6701757907867432,-11.435750007629395,-0.007526556495577097,0.0,4004
59,27.90017318725586,1.7779827117919922,-11.41655445098877,-0.007475694175809622,0.0,4004
